2022.11.25,00:00,1.04076,1.04113,1.03961,1.04057,4549,37503
2022.11.25,01:00,1.04059,1.04151,1.04034,1.04093,5534,43041
2022.11.25,02:00,1.04091,1.04155,1.04082,1.0411,3993,47034
2022.11.25,03:00,1.0411,1.04183,1.04045,1.04162,3562,50596
2022.11.25,04:00,1.04162,1.04292,1.04161,1.04213,4509,55105
2022.11.25,05:00,1.04214,1.04222,1.04073,1.04112,4041,51060
2022.11.25,06:00,1.0411,1.04232,1.04071,1.04199,4691,55755
2022.11.25,07:00,1.04201,1.04224,1.04086,1.04092,7058,48693
2022.11.25,08:00,1.0409,1.04277,1.04078,1.04227,9478,58175
2022.11.25,09:00,1.04225,1.04283,1.03825,1.03934,9787,48384
2022.11.25,10:00,1.03934,1.04216,1.03911,1.04149,7765,56153
2022.11.25,11:00,1.04147,1.04148,1.03886,1.03901,6486,49663
2022.11.25,12:00,1.03901,1.03975,1.03759,1.03786,7147,42516
2022.11.25,13:00,1.03787,1.03833,1.03611,1.03724,10073,32443
2022.11.25,14:00,1.03727,1.03885,1.03547,1.03818,10453,42900
2022.11.25,15:00,1.03815,1.04071,1.03764,1.04068,9525,52425
2022.11.25,16:00,1.04068,1.04117,1.03913,1.04012,8577,43844
2022.11.25,17:00,1.04011,1.04093,1.03983,1.04059,6112,49960
2022.11.25,18:00,1.0406,1.04062,1.03969,1.04016,4646,45310
2022.11.25,19:00,1.04018,1.04144,1.03988,1.04116,7486,52800
2022.11.25,20:00,1.04115,1.04141,1.04085,1.04086,3627,49169
2022.11.25,21:00,1.04088,1.04111,1.03858,1.03858,1645,47524
2022.11.27,22:00,1.03739,1.03804,1.03702,1.03763,1988,45536
2022.11.27,23:00,1.03764,1.0381,1.03656,1.0367,4223,41313
2022.11.28,00:00,1.03671,1.03839,1.03655,1.03782,5652,46969
2022.11.28,01:00,1.03787,1.03805,1.03412,1.03483,8151,38814
2022.11.28,02:00,1.03483,1.03651,1.03433,1.03608,7292,46110
2022.11.28,03:00,1.03609,1.03613,1.03511,1.03548,4103,42003
2022.11.28,04:00,1.03548,1.0363,1.03515,1.03622,4159,46166
2022.11.28,05:00,1.03621,1.03621,1.0347,1.03509,4195,41967
2022.11.28,06:00,1.03508,1.0375,1.03481,1.03716,6334,48305
2022.11.28,07:00,1.0372,1.03851,1.03702,1.03739,8902,57207
2022.11.28,08:00,1.03738,1.04406,1.03674,1.04393,13983,71190
2022.11.28,09:00,1.04391,1.04563,1.04329,1.04477,11390,82580
2022.11.28,10:00,1.04479,1.04818,1.04389,1.04741,9942,92522
2022.11.28,11:00,1.0474,1.04965,1.04719,1.04739,10542,103064
2022.11.28,12:00,1.04744,1.04773,1.04587,1.04728,9362,93698
2022.11.28,13:00,1.04727,1.04768,1.04442,1.04628,10327,83371
2022.11.28,14:00,1.04626,1.04628,1.04219,1.04299,13193,70178
2022.11.28,15:00,1.04299,1.04337,1.03909,1.03985,13376,56802
2022.11.28,16:00,1.03979,1.04022,1.03762,1.03852,10442,46360
2022.11.28,17:00,1.03851,1.03883,1.03687,1.03697,10521,35839
2022.11.28,18:00,1.03697,1.0373,1.03563,1.03612,6817,29022
2022.11.28,19:00,1.03613,1.03636,1.03371,1.03378,4586,24436
2022.11.28,20:00,1.03379,1.03404,1.03302,1.03354,5102,19334
2022.11.28,21:00,1.03355,1.03424,1.03337,1.03401,2755,22093
2022.11.28,22:00,1.03398,1.03444,1.03379,1.03416,1636,23729
2022.11.28,23:00,1.03422,1.03466,1.03396,1.03432,2876,26605
2022.11.29,00:00,1.03433,1.03504,1.03395,1.03403,3731,22870
2022.11.29,01:00,1.03402,1.03625,1.03341,1.03596,8174,31048
2022.11.29,02:00,1.03595,1.03618,1.03484,1.03487,5275,25769
2022.11.29,03:00,1.03488,1.03832,1.03471,1.03789,8220,33993
2022.11.29,04:00,1.03789,1.03941,1.0375,1.03926,5216,39209
2022.11.29,05:00,1.0393,1.03931,1.038,1.03867,5493,33712
2022.11.29,06:00,1.03867,1.03896,1.03522,1.03588,7801,25911
2022.11.29,07:00,1.03589,1.03875,1.03532,1.03812,11819,37734
2022.11.29,08:00,1.03809,1.03926,1.03507,1.03829,12019,49753
2022.11.29,09:00,1.03828,1.03873,1.03559,1.03647,10577,39172
2022.11.29,10:00,1.03648,1.03933,1.03634,1.03825,8558,47734
2022.11.29,11:00,1.03824,1.03861,1.03674,1.03825,7691,55425
2022.11.29,12:00,1.03825,1.03836,1.03599,1.03754,7236,48185
2022.11.29,13:00,1.03755,1.03842,1.03248,1.03301,13637,34548
2022.11.29,14:00,1.03302,1.03473,1.03257,1.03397,13609,48161
2022.11.29,15:00,1.03393,1.03729,1.03387,1.03563,14350,62511
2022.11.29,16:00,1.03569,1.03585,1.03314,1.03551,9977,52530
2022.11.29,17:00,1.0355,1.03553,1.03361,1.03401,7976,44554
2022.11.29,18:00,1.03399,1.03464,1.03281,1.03378,6129,38425
2022.11.29,19:00,1.03378,1.03455,1.03226,1.03276,7531,30894
2022.11.29,20:00,1.03277,1.03308,1.032,1.03254,4815,26079
2022.11.29,21:00,1.03254,1.03299,1.03243,1.03288,2192,28275
2022.11.29,22:00,1.03316,1.03336,1.03244,1.03282,6074,34349
2022.11.29,23:00,1.03287,1.03301,1.03191,1.03237,2560,31785
2022.11.30,00:00,1.03238,1.03432,1.03206,1.03429,5856,37645
2022.11.30,01:00,1.0343,1.03531,1.03357,1.03479,6506,44151
2022.11.30,02:00,1.03479,1.03519,1.03405,1.03489,4986,49137
2022.11.30,03:00,1.0349,1.03502,1.03433,1.03482,3896,53033
2022.11.30,04:00,1.03482,1.03601,1.03481,1.03559,3662,56695
2022.11.30,05:00,1.0356,1.0361,1.03484,1.03485,4495,52196
2022.11.30,06:00,1.03487,1.03539,1.03356,1.03425,5201,46995
2022.11.30,07:00,1.03422,1.0357,1.03401,1.03512,7434,54433
2022.11.30,08:00,1.03513,1.03704,1.03418,1.03685,9085,63518
2022.11.30,09:00,1.03684,1.03812,1.03569,1.03582,8026,55488
2022.11.30,10:00,1.03581,1.03798,1.03537,1.0354,7909,47579
2022.11.30,11:00,1.03539,1.0367,1.03463,1.03591,7126,54709
2022.11.30,12:00,1.03593,1.03714,1.03562,1.03685,7026,61735
2022.11.30,13:00,1.03684,1.03918,1.03574,1.03589,13853,47878
2022.11.30,14:00,1.03589,1.03998,1.03579,1.03852,13742,61624
2022.11.30,15:00,1.03868,1.03879,1.02947,1.02986,17866,43754
2022.11.30,16:00,1.02985,1.03248,1.02902,1.03218,13063,56821
2022.11.30,17:00,1.03219,1.03332,1.03045,1.03149,9249,47568
2022.11.30,18:00,1.03149,1.03787,1.03061,1.03722,16094,63666
2022.11.30,19:00,1.03717,1.04148,1.03631,1.04134,19266,82932
2022.11.30,20:00,1.0413,1.04288,1.04056,1.04072,10887,72041
2022.11.30,21:00,1.04073,1.04089,1.03989,1.04082,5007,67034
2022.11.30,22:00,1.04068,1.04104,1.0401,1.04082,5505,61529
2022.11.30,23:00,1.04086,1.04299,1.04086,1.04232,5675,67208
2022.12.01,00:00,1.04231,1.04393,1.04219,1.0438,8719,75927
2022.12.01,01:00,1.04378,1.04479,1.04242,1.0426,10258,65665
2022.12.01,02:00,1.04261,1.04307,1.04188,1.04262,7111,58554
2022.12.01,03:00,1.04262,1.04327,1.04232,1.04318,5318,63876
2022.12.01,04:00,1.04316,1.04425,1.0426,1.04393,3966,67842
2022.12.01,05:00,1.04391,1.04514,1.04378,1.04457,7353,75195
2022.12.01,06:00,1.04456,1.04565,1.04407,1.0456,6450,81645
2022.12.01,07:00,1.04563,1.04638,1.03943,1.04036,12586,69055
2022.12.01,08:00,1.04035,1.04463,1.03934,1.04441,14042,83101
2022.12.01,09:00,1.04442,1.0447,1.04267,1.04414,9768,73329
2022.12.01,10:00,1.04415,1.04499,1.04182,1.04199,8457,64872
2022.12.01,11:00,1.042,1.04405,1.04176,1.04376,7427,72303
2022.12.01,12:00,1.04376,1.04545,1.04362,1.04448,8497,80800
2022.12.01,13:00,1.04446,1.05135,1.04347,1.04893,15015,95815
2022.12.01,14:00,1.04894,1.05291,1.04847,1.05223,14988,110803
2022.12.01,15:00,1.05229,1.05338,1.04714,1.04872,20188,90611
2022.12.01,16:00,1.04874,1.05089,1.04822,1.04971,13847,104462
2022.12.01,17:00,1.04971,1.05124,1.04693,1.05074,11719,116181
2022.12.01,18:00,1.05073,1.05191,1.05027,1.05079,9208,125389
2022.12.01,19:00,1.05075,1.052,1.04962,1.05186,7945,133334
2022.12.01,20:00,1.05184,1.05303,1.0512,1.05238,6987,140321
2022.12.01,21:00,1.05236,1.05292,1.05217,1.05253,3251,143568
2022.12.01,22:00,1.05198,1.05255,1.05188,1.05228,1993,141575
2022.12.01,23:00,1.05222,1.05395,1.05199,1.05278,4174,145753
2022.12.02,00:00,1.05278,1.05278,1.05071,1.05104,5528,140221
2022.12.02,01:00,1.05101,1.05173,1.05062,1.05133,5777,146002
2022.12.02,02:00,1.05134,1.05168,1.0505,1.05117,5787,140211
2022.12.02,03:00,1.05118,1.05258,1.05099,1.05244,4187,144402
2022.12.02,04:00,1.05246,1.0526,1.05165,1.05235,3453,147855
2022.12.02,05:00,1.05233,1.05283,1.05182,1.05231,4882,152737
2022.12.02,06:00,1.05232,1.05355,1.05229,1.05277,5401,158138
2022.12.02,07:00,1.05276,1.05425,1.05239,1.05294,9947,168085
2022.12.02,08:00,1.05297,1.05451,1.05128,1.05354,11386,179471
2022.12.02,09:00,1.05355,1.05401,1.05153,1.05297,9607,169860
2022.12.02,10:00,1.05299,1.05301,1.05162,1.05291,7114,162746
2022.12.02,11:00,1.05292,1.05393,1.05228,1.05374,5633,168383
2022.12.02,12:00,1.05375,1.05447,1.05264,1.05377,7124,175507
2022.12.02,13:00,1.05388,1.05409,1.04283,1.04623,18064,157439
2022.12.02,14:00,1.04623,1.04908,1.0445,1.04706,18954,176397
2022.12.02,15:00,1.04706,1.04796,1.04496,1.04732,14510,190907
2022.12.02,16:00,1.04733,1.0526,1.04659,1.05197,12221,203128
2022.12.02,17:00,1.05196,1.0534,1.05148,1.05252,9492,212620
2022.12.02,18:00,1.05256,1.05328,1.05181,1.05194,5694,206922
2022.12.02,19:00,1.05194,1.05367,1.05108,1.05361,5627,212553
2022.12.02,20:00,1.0536,1.05403,1.05308,1.05332,5208,207341
2022.12.02,21:00,1.05334,1.05421,1.05324,1.05405,2932,210273
2022.12.04,22:00,1.05342,1.05424,1.05342,1.05391,2268,208005
2022.12.04,23:00,1.05388,1.05438,1.05309,1.05437,4992,213001
2022.12.05,00:00,1.05441,1.05479,1.05393,1.05425,5410,207587
2022.12.05,01:00,1.05429,1.05745,1.05417,1.05681,7096,214687
2022.12.05,02:00,1.05678,1.05722,1.05575,1.05704,5672,220359
2022.12.05,03:00,1.05705,1.05828,1.05667,1.05803,4622,224981
2022.12.05,04:00,1.05804,1.05833,1.05761,1.05811,3126,228107
2022.12.05,05:00,1.05811,1.05846,1.05748,1.05831,3992,232099
2022.12.05,06:00,1.05831,1.05831,1.0568,1.05689,5260,226839
2022.12.05,07:00,1.057,1.05713,1.05304,1.05391,8709,218126
2022.12.05,08:00,1.05392,1.05547,1.05335,1.05542,11009,229139
2022.12.05,09:00,1.05542,1.05652,1.05481,1.05592,8886,238025
2022.12.05,10:00,1.05591,1.05596,1.0519,1.05361,8565,229456
2022.12.05,11:00,1.05362,1.05769,1.05292,1.05643,7479,236939
2022.12.05,12:00,1.05643,1.05948,1.05601,1.05899,8654,245593
2022.12.05,13:00,1.05897,1.05939,1.05634,1.05658,11952,233637
2022.12.05,14:00,1.05655,1.05684,1.05487,1.05498,11746,221891
2022.12.05,15:00,1.05382,1.05397,1.05036,1.05248,18650,203241
2022.12.05,16:00,1.0525,1.0538,1.04904,1.04932,12334,190907
2022.12.05,17:00,1.0493,1.05156,1.04901,1.04953,9193,200104
2022.12.05,18:00,1.04951,1.05061,1.04942,1.04973,5297,205401
2022.12.05,19:00,1.04974,1.04991,1.04816,1.04925,6121,199276
2022.12.05,20:00,1.04923,1.04973,1.04802,1.04851,5730,193546
2022.12.05,21:00,1.04851,1.04944,1.04842,1.0493,2345,195891
2022.12.05,22:00,1.04894,1.04946,1.0486,1.04941,1270,197165
2022.12.05,23:00,1.04946,1.04985,1.04923,1.04963,2848,200013
2022.12.06,00:00,1.04964,1.05112,1.04952,1.05105,4372,204385
2022.12.06,01:00,1.05105,1.05189,1.0504,1.05103,7148,211533
2022.12.06,02:00,1.05103,1.05151,1.04911,1.04978,7688,203841
2022.12.06,03:00,1.04978,1.05093,1.04878,1.04926,5892,197949
2022.12.06,04:00,1.04925,1.04991,1.04898,1.04906,4679,193270
2022.12.06,05:00,1.04909,1.0495,1.04832,1.04939,6647,199921
2022.12.06,06:00,1.04938,1.04954,1.04756,1.04842,6752,193165
2022.12.06,07:00,1.04841,1.04979,1.04762,1.04904,9623,202792
2022.12.06,08:00,1.04907,1.05093,1.04819,1.04902,11635,214427
2022.12.06,09:00,1.04905,1.05026,1.04788,1.04941,9370,223797
2022.12.06,10:00,1.04941,1.05085,1.04914,1.05015,7742,231539
2022.12.06,11:00,1.05016,1.05225,1.04945,1.05168,8009,239548
2022.12.06,12:00,1.05167,1.05329,1.05133,1.05255,8152,247700
2022.12.06,13:00,1.05254,1.05259,1.0503,1.05132,9589,238107
2022.12.06,14:00,1.05134,1.0519,1.04979,1.0501,11867,226240
2022.12.06,15:00,1.05008,1.05093,1.04858,1.04997,14959,211281
2022.12.06,16:00,1.04998,1.0529,1.04952,1.04954,11932,199349
2022.12.06,17:00,1.04955,1.04975,1.04794,1.0482,8030,191319
2022.12.06,18:00,1.04819,1.04825,1.04629,1.04638,6157,185162
2022.12.06,19:00,1.04637,1.0469,1.04593,1.04631,5834,179328
2022.12.06,20:00,1.04635,1.04719,1.04621,1.04696,3168,182500
2022.12.06,21:00,1.04701,1.04705,1.04644,1.04671,1900,180596
2022.12.06,22:00,1.04652,1.04696,1.04646,1.04652,2927,177669
2022.12.06,23:00,1.04655,1.04698,1.04643,1.04674,2309,179982
2022.12.07,00:00,1.04674,1.0468,1.04562,1.0461,3428,176550
2022.12.07,01:00,1.04611,1.0474,1.04552,1.04727,5968,182522
2022.12.07,02:00,1.04726,1.04764,1.0465,1.04657,5956,176562
2022.12.07,03:00,1.04658,1.04677,1.0458,1.04672,3724,180290
2022.12.07,04:00,1.04672,1.04681,1.04587,1.04636,3041,177245
2022.12.07,05:00,1.04636,1.04709,1.04619,1.04665,4649,181898
2022.12.07,06:00,1.04667,1.04681,1.04474,1.0449,6438,175456
2022.12.07,07:00,1.04488,1.04671,1.04431,1.04595,11010,186470
2022.12.07,08:00,1.04594,1.04801,1.04495,1.04777,12490,198960
2022.12.07,09:00,1.04777,1.04842,1.04657,1.04759,9892,189064
2022.12.07,10:00,1.04759,1.05068,1.04725,1.04997,9624,198692
2022.12.07,11:00,1.04998,1.05047,1.04889,1.04893,7734,190954
2022.12.07,12:00,1.04894,1.05392,1.04862,1.05364,8766,199724
2022.12.07,13:00,1.05365,1.05473,1.052,1.05421,14080,213804
2022.12.07,14:00,1.05423,1.05497,1.05155,1.0517,15941,197859
2022.12.07,15:00,1.05169,1.05291,1.04951,1.0504,19393,178466
2022.12.07,16:00,1.05039,1.05104,1.04881,1.05038,11908,166558
2022.12.07,17:00,1.05039,1.05219,1.04986,1.0518,8722,175284
2022.12.07,18:00,1.0518,1.05286,1.05102,1.05104,7287,167993
2022.12.07,19:00,1.05103,1.05199,1.05062,1.05143,7199,175196
2022.12.07,20:00,1.05142,1.05169,1.05025,1.05096,6432,168760
2022.12.07,21:00,1.05096,1.05124,1.05039,1.05059,1980,166784
2022.12.07,22:00,1.05091,1.05116,1.0506,1.05079,3505,170289
2022.12.07,23:00,1.0509,1.05149,1.05086,1.05118,2275,172564
2022.12.08,00:00,1.05119,1.05152,1.05015,1.05021,3891,168669
2022.12.08,01:00,1.05021,1.05043,1.04947,1.05017,6457,162212
2022.12.08,02:00,1.05019,1.05074,1.04944,1.04954,5039,157173
2022.12.08,03:00,1.04955,1.05048,1.04943,1.05039,4553,161730
2022.12.08,04:00,1.05039,1.05044,1.04947,1.05011,4437,157289
2022.12.08,05:00,1.05012,1.0506,1.04939,1.05037,5195,162488
2022.12.08,06:00,1.05037,1.05187,1.05025,1.05135,5069,167557
2022.12.08,07:00,1.05129,1.0531,1.05094,1.0526,7568,175125
2022.12.08,08:00,1.05257,1.05273,1.05123,1.05265,9956,185081
2022.12.08,09:00,1.05266,1.05269,1.04895,1.04946,8288,176789
2022.12.08,10:00,1.04945,1.05135,1.04907,1.05131,7411,184204
2022.12.08,11:00,1.05131,1.05141,1.04922,1.05081,6343,177857
2022.12.08,12:00,1.05078,1.05244,1.05062,1.05188,8389,186250
2022.12.08,13:00,1.05187,1.05319,1.05108,1.05203,12036,198286
2022.12.08,14:00,1.05204,1.05401,1.05172,1.05391,15099,213385
2022.12.08,15:00,1.05389,1.05488,1.0535,1.05452,11894,225279
2022.12.08,16:00,1.0545,1.05649,1.05341,1.05514,9583,234862
2022.12.08,17:00,1.05513,1.05562,1.05391,1.05441,6845,228013
2022.12.08,18:00,1.05441,1.05617,1.05383,1.05578,6110,234127
2022.12.08,19:00,1.05578,1.05636,1.05453,1.05601,7696,241823
2022.12.08,20:00,1.05598,1.05609,1.05532,1.05554,4963,236856
2022.12.08,21:00,1.05553,1.0559,1.05545,1.05547,1934,234926
2022.12.08,22:00,1.05566,1.05582,1.05538,1.05556,4242,230680
2022.12.08,23:00,1.0556,1.05634,1.05548,1.05555,3014,227666
2022.12.09,00:00,1.05554,1.056,1.05519,1.056,2731,230401
2022.12.09,01:00,1.056,1.05853,1.05595,1.05791,8255,238656
2022.12.09,02:00,1.05794,1.05807,1.05662,1.05743,5869,232783
2022.12.09,03:00,1.05743,1.0584,1.05736,1.05806,5825,238612
2022.12.09,04:00,1.05811,1.05825,1.05757,1.05759,3562,235046
2022.12.09,05:00,1.0576,1.05868,1.05746,1.05768,4278,230768
2022.12.09,06:00,1.05769,1.05786,1.05709,1.05757,4399,226369
2022.12.09,07:00,1.05763,1.05883,1.05667,1.05678,8637,217732
2022.12.09,08:00,1.05678,1.05769,1.05607,1.05611,8640,209092
2022.12.09,09:00,1.0561,1.05662,1.05468,1.05571,8328,200764
2022.12.09,10:00,1.05576,1.05687,1.05524,1.05585,6186,206954
2022.12.09,11:00,1.05585,1.05644,1.0551,1.05534,7510,199440
2022.12.09,12:00,1.05535,1.05664,1.05501,1.0556,7827,207271
2022.12.09,13:00,1.0556,1.05664,1.05024,1.05389,15946,191321
2022.12.09,14:00,1.0539,1.05502,1.05252,1.05341,14250,177071
2022.12.09,15:00,1.05337,1.05578,1.0519,1.05408,16000,193075
2022.12.09,16:00,1.05406,1.05537,1.05348,1.05492,9365,202440
2022.12.09,17:00,1.05492,1.05503,1.05321,1.05455,6578,195858
2022.12.09,18:00,1.05454,1.05559,1.05397,1.05494,5312,201174
2022.12.09,19:00,1.05493,1.05523,1.05436,1.05469,5564,195606
2022.12.09,20:00,1.05469,1.05479,1.05301,1.05302,4817,190789
2022.12.09,21:00,1.053,1.05352,1.05288,1.05348,2560,193349
2022.12.11,22:00,1.05302,1.05382,1.05292,1.05345,1180,194533
2022.12.11,23:00,1.05349,1.05361,1.05182,1.05209,3236,191293
2022.12.12,00:00,1.05209,1.05232,1.05098,1.05136,5371,185922
2022.12.12,01:00,1.05137,1.05181,1.0506,1.05125,6790,179132
2022.12.12,02:00,1.05124,1.05202,1.05063,1.05131,4446,174686
2022.12.12,03:00,1.05132,1.05168,1.05117,1.0515,3090,177780
2022.12.12,04:00,1.05152,1.05197,1.05141,1.05162,2705,180485
2022.12.12,05:00,1.0516,1.05166,1.05081,1.05163,3887,184372
2022.12.12,06:00,1.05163,1.05279,1.05085,1.05225,5208,189580
2022.12.12,07:00,1.05232,1.05368,1.05146,1.05263,8943,198523
2022.12.12,08:00,1.05268,1.05513,1.05202,1.05452,9400,207923
2022.12.12,09:00,1.05453,1.05647,1.05442,1.05593,8217,216140
2022.12.12,10:00,1.05593,1.05668,1.05546,1.05645,5606,221746
2022.12.12,11:00,1.05645,1.05742,1.05588,1.05655,6404,228150
2022.12.12,12:00,1.05656,1.05742,1.05537,1.05557,6408,221738
2022.12.12,13:00,1.05558,1.05775,1.05533,1.05714,7485,229227
2022.12.12,14:00,1.05716,1.05765,1.05496,1.05556,9887,219336
2022.12.12,15:00,1.05556,1.05801,1.05206,1.05235,12475,206861
2022.12.12,16:00,1.05236,1.05497,1.05176,1.05441,10025,216890
2022.12.12,17:00,1.05444,1.05485,1.05286,1.05341,6516,210370
2022.12.12,18:00,1.05341,1.05353,1.05161,1.05223,8046,202324
2022.12.12,19:00,1.05225,1.05262,1.05106,1.05222,5719,196605
2022.12.12,20:00,1.05221,1.0538,1.05208,1.05358,5174,201783
2022.12.12,21:00,1.05356,1.05388,1.05333,1.05381,2038,203817
2022.12.12,22:00,1.05322,1.05366,1.05316,1.05365,967,202850
2022.12.12,23:00,1.05364,1.05422,1.05357,1.05413,1572,204426
2022.12.13,00:00,1.05413,1.05477,1.05373,1.05445,3293,207719
2022.12.13,01:00,1.05447,1.05495,1.05403,1.05464,5484,213203
2022.12.13,02:00,1.05464,1.05541,1.05447,1.05466,4193,217396
2022.12.13,03:00,1.05467,1.05482,1.05333,1.05346,3931,213461
2022.12.13,04:00,1.05348,1.05415,1.05312,1.05411,2925,216390
2022.12.13,05:00,1.05411,1.05517,1.05362,1.0551,4585,220975
2022.12.13,06:00,1.05512,1.05547,1.05455,1.05466,4533,216438
2022.12.13,07:00,1.05468,1.05604,1.05459,1.05513,7871,224313
2022.12.13,08:00,1.05517,1.05605,1.05315,1.05473,9338,214971
2022.12.13,09:00,1.05474,1.05474,1.05312,1.0543,7949,207022
2022.12.13,10:00,1.05433,1.05433,1.05278,1.05353,6485,200537
2022.12.13,11:00,1.05355,1.05464,1.05331,1.05355,5617,194920
2022.12.13,12:00,1.05355,1.05525,1.05327,1.05485,7526,202450
2022.12.13,13:00,1.05483,1.06612,1.05398,1.06464,19648,222098
2022.12.13,14:00,1.06472,1.06734,1.06312,1.06452,20410,201684
2022.12.13,15:00,1.06456,1.06503,1.06209,1.06362,18768,182916
2022.12.13,16:00,1.06366,1.06586,1.06247,1.06294,13428,169488
2022.12.13,17:00,1.06295,1.0638,1.06108,1.06145,12286,157202
2022.12.13,18:00,1.06145,1.0628,1.06104,1.06203,9499,166705
2022.12.13,19:00,1.06202,1.0641,1.0618,1.06362,7174,173879
2022.12.13,20:00,1.06361,1.06381,1.06254,1.0627,7631,166244
2022.12.13,21:00,1.0627,1.06331,1.0627,1.06324,2850,169098
2022.12.13,22:00,1.06321,1.0635,1.06282,1.06326,2456,171554
2022.12.13,23:00,1.06324,1.06361,1.06208,1.06242,3239,168311
2022.12.14,00:00,1.06241,1.06382,1.0623,1.0636,5584,173899
2022.12.14,01:00,1.06361,1.06391,1.06308,1.06346,6457,167438
2022.12.14,02:00,1.06347,1.06385,1.06265,1.06276,4459,162979
2022.12.14,03:00,1.06277,1.06291,1.0624,1.06261,2648,160331
2022.12.14,04:00,1.06261,1.06267,1.06196,1.0624,2368,157963
2022.12.14,05:00,1.06239,1.06303,1.06233,1.0626,3168,161135
2022.12.14,06:00,1.06259,1.06403,1.06257,1.06373,6171,167306
2022.12.14,07:00,1.06373,1.06424,1.062,1.06298,8595,158707
2022.12.14,08:00,1.06302,1.06445,1.06189,1.0642,10107,168818
2022.12.14,09:00,1.06418,1.06649,1.06389,1.06621,9026,177844
2022.12.14,10:00,1.06621,1.06718,1.06533,1.06695,9185,187029
2022.12.14,11:00,1.06694,1.06708,1.06451,1.06518,7457,179568
2022.12.14,12:00,1.06519,1.06521,1.06384,1.06455,7190,172378
2022.12.14,13:00,1.06456,1.06534,1.06362,1.06467,9132,181514
2022.12.14,14:00,1.06465,1.06509,1.06317,1.06428,11077,170433
2022.12.14,15:00,1.06428,1.06615,1.06412,1.06468,10618,181055
2022.12.14,16:00,1.06471,1.06608,1.06418,1.06541,9234,190289
2022.12.14,17:00,1.06539,1.06676,1.06497,1.06513,7175,183110
2022.12.14,18:00,1.06512,1.06847,1.06506,1.06794,6802,189916
2022.12.14,19:00,1.0681,1.06812,1.06207,1.06639,28063,161849
2022.12.14,20:00,1.0664,1.06949,1.06619,1.0679,19076,180929
2022.12.14,21:00,1.06791,1.06879,1.0676,1.06813,3529,184458
2022.12.14,22:00,1.06805,1.06824,1.06793,1.06803,482,184940
2022.12.14,23:00,1.06806,1.06816,1.06725,1.06759,3463,181473
2022.12.15,00:00,1.06759,1.06826,1.06667,1.06791,4184,185661
2022.12.15,01:00,1.06794,1.06801,1.06598,1.06625,6290,179367
2022.12.15,02:00,1.06626,1.06651,1.06546,1.06581,4451,174916
2022.12.15,03:00,1.06581,1.06597,1.06543,1.06546,3427,171489
2022.12.15,04:00,1.06548,1.06551,1.06466,1.06477,2701,168788
2022.12.15,05:00,1.06476,1.06591,1.06457,1.06586,3792,172584
2022.12.15,06:00,1.06586,1.06608,1.06533,1.06547,4475,168105
2022.12.15,07:00,1.06543,1.06568,1.06402,1.0641,7574,160531
2022.12.15,08:00,1.06411,1.06468,1.06203,1.06219,10944,149587
2022.12.15,09:00,1.06219,1.06228,1.06056,1.06217,9539,140048
2022.12.15,10:00,1.06217,1.06275,1.06157,1.06158,7404,132644
2022.12.15,11:00,1.06157,1.06243,1.06066,1.06239,7164,139812
2022.12.15,12:00,1.06242,1.06278,1.06138,1.06228,8698,131110
2022.12.15,13:00,1.0623,1.06683,1.06139,1.06526,16059,147173
2022.12.15,14:00,1.06524,1.07359,1.06485,1.0699,20461,167634
2022.12.15,15:00,1.06991,1.07046,1.06233,1.06485,19199,148431
2022.12.15,16:00,1.06483,1.06566,1.06285,1.0637,13110,135321
2022.12.15,17:00,1.06374,1.06384,1.05929,1.05991,11420,123901
2022.12.15,18:00,1.05997,1.06238,1.05921,1.06224,7504,131409
2022.12.15,19:00,1.06224,1.0637,1.0619,1.06307,6725,138134
2022.12.15,20:00,1.06307,1.06382,1.06214,1.0625,5680,132450
2022.12.15,21:00,1.06247,1.06277,1.06198,1.06263,2353,134803
2022.12.15,22:00,1.06252,1.06302,1.06218,1.06295,2602,137409
2022.12.15,23:00,1.06299,1.06389,1.06268,1.06386,2171,139580
2022.12.16,00:00,1.06387,1.06429,1.06344,1.06408,3757,143337
2022.12.16,01:00,1.06411,1.06472,1.06387,1.06417,8295,151632
2022.12.16,02:00,1.06417,1.06625,1.06409,1.06509,5955,157587
2022.12.16,03:00,1.06507,1.06533,1.06453,1.06478,3920,153663
2022.12.16,04:00,1.0648,1.06516,1.06437,1.06462,3546,150117
2022.12.16,05:00,1.0646,1.06479,1.06406,1.06454,3958,146159
2022.12.16,06:00,1.06452,1.06606,1.06424,1.06563,4839,151002
2022.12.16,07:00,1.06561,1.06632,1.06307,1.06311,8269,142729
2022.12.16,08:00,1.06313,1.06607,1.06253,1.06553,10008,152741
2022.12.16,09:00,1.06552,1.06573,1.061,1.06117,9737,143000
2022.12.16,10:00,1.06116,1.06287,1.06094,1.06236,7889,150893
2022.12.16,11:00,1.06233,1.06395,1.06201,1.06353,6792,157685
2022.12.16,12:00,1.06353,1.06383,1.0617,1.06217,6295,151386
2022.12.16,13:00,1.06215,1.0636,1.06133,1.06341,8795,160185
2022.12.16,14:00,1.06341,1.0649,1.0617,1.06432,15746,175931
2022.12.16,15:00,1.06433,1.06437,1.06079,1.06165,14919,161008
2022.12.16,16:00,1.06166,1.06246,1.05976,1.06092,11160,149848
2022.12.16,17:00,1.06092,1.06192,1.06041,1.0605,8128,141720
2022.12.16,18:00,1.06049,1.06172,1.0603,1.06148,5067,146791
2022.12.16,19:00,1.06148,1.06152,1.05953,1.05994,4275,142512
2022.12.16,20:00,1.05994,1.06063,1.05918,1.05924,5585,136927
2022.12.16,21:00,1.05921,1.05962,1.05849,1.05856,3328,133603
2022.12.18,22:00,1.05884,1.05968,1.05872,1.05924,4356,137959
2022.12.18,23:00,1.05922,1.05948,1.05827,1.05843,4654,133301
2022.12.19,00:00,1.05844,1.05997,1.0582,1.05993,6019,139324
2022.12.19,01:00,1.05993,1.06065,1.05962,1.06063,5772,145096
2022.12.19,02:00,1.06063,1.06131,1.06018,1.06089,5913,151009
2022.12.19,03:00,1.06088,1.06102,1.0602,1.06085,3476,154485
2022.12.19,04:00,1.06086,1.0611,1.06055,1.06064,3197,151284
2022.12.19,05:00,1.06064,1.06079,1.06014,1.06074,3443,147841
2022.12.19,06:00,1.06074,1.06339,1.06036,1.0629,5752,153597
2022.12.19,07:00,1.0629,1.0638,1.06214,1.06242,6852,146741
2022.12.19,08:00,1.06245,1.06478,1.0624,1.06416,8839,155584
2022.12.19,09:00,1.0642,1.06578,1.06165,1.06172,9785,145795
2022.12.19,10:00,1.0618,1.06352,1.06128,1.06192,7757,153556
2022.12.19,11:00,1.06192,1.06196,1.06042,1.06059,7253,146299
2022.12.19,12:00,1.06059,1.06153,1.06031,1.06062,7380,138919
2022.12.19,13:00,1.0606,1.06104,1.05974,1.06062,9410,129509
2022.12.19,14:00,1.06063,1.06133,1.05989,1.06032,9132,120377
2022.12.19,15:00,1.06032,1.06157,1.05759,1.05797,10542,109835
2022.12.19,16:00,1.05798,1.06285,1.05798,1.06235,9767,119606
2022.12.19,17:00,1.06234,1.0631,1.06183,1.0625,7051,126657
2022.12.19,18:00,1.06251,1.06264,1.06126,1.06138,5792,120861
2022.12.19,19:00,1.0614,1.06145,1.06009,1.06043,5851,115010
2022.12.19,20:00,1.06046,1.06093,1.06008,1.06044,5734,109276
2022.12.19,21:00,1.06041,1.06089,1.06033,1.06074,1541,110821
2022.12.19,22:00,1.06076,1.0608,1.0605,1.06079,1766,112587
2022.12.19,23:00,1.06086,1.06127,1.06046,1.06122,3064,115651
2022.12.20,00:00,1.0612,1.06121,1.05978,1.06002,4507,111140
2022.12.20,01:00,1.06002,1.06074,1.05977,1.06053,6054,117198
2022.12.20,02:00,1.06053,1.06154,1.06032,1.06144,5000,122198
2022.12.20,03:00,1.06144,1.0652,1.0602,1.0608,20472,101722
2022.12.20,04:00,1.0608,1.06155,1.06037,1.06073,11450,90272
2022.12.20,05:00,1.06072,1.06122,1.05788,1.05865,9508,80764
2022.12.20,06:00,1.05866,1.06017,1.05828,1.05935,11837,92605
2022.12.20,07:00,1.05936,1.06157,1.05917,1.06112,13105,105710
2022.12.20,08:00,1.06112,1.06344,1.0604,1.06335,13995,119705
2022.12.20,09:00,1.06336,1.0638,1.06243,1.06371,10814,130519
2022.12.20,10:00,1.06368,1.06397,1.06246,1.06286,9302,121213
2022.12.20,11:00,1.06286,1.0646,1.06204,1.06425,7775,128992
2022.12.20,12:00,1.0643,1.06437,1.06105,1.06137,8912,120076
2022.12.20,13:00,1.06146,1.0617,1.0594,1.06155,10121,130201
2022.12.20,14:00,1.06156,1.06359,1.05982,1.06356,13083,143284
2022.12.20,15:00,1.06355,1.06585,1.06283,1.06402,14541,157825
2022.12.20,16:00,1.06401,1.06419,1.06138,1.06352,10991,146830
2022.12.20,17:00,1.06344,1.06379,1.06102,1.0615,9072,137758
2022.12.20,18:00,1.06148,1.06172,1.06056,1.06063,6388,131370
2022.12.20,19:00,1.06062,1.06229,1.05991,1.06216,5527,136901
2022.12.20,20:00,1.06216,1.06252,1.06138,1.06154,5121,131776
2022.12.20,21:00,1.06148,1.06291,1.06148,1.06233,2573,134353
2022.12.20,22:00,1.06252,1.06272,1.06199,1.06243,2662,137015
2022.12.20,23:00,1.06244,1.06281,1.06238,1.06252,2836,139851
2022.12.21,00:00,1.06253,1.06263,1.06176,1.06206,5260,134587
2022.12.21,01:00,1.06204,1.06253,1.06134,1.06198,8180,126407
2022.12.21,02:00,1.06198,1.06259,1.06136,1.06138,4859,121548
2022.12.21,03:00,1.06137,1.0617,1.0613,1.06166,3273,124825
2022.12.21,04:00,1.06165,1.06172,1.06069,1.06082,3671,121150
2022.12.21,05:00,1.06081,1.06177,1.06075,1.06175,3684,124838
2022.12.21,06:00,1.06174,1.06176,1.06096,1.0614,3806,121028
2022.12.21,07:00,1.06139,1.06346,1.06108,1.06316,7965,128997
2022.12.21,08:00,1.0632,1.06373,1.06167,1.0634,9102,138099
2022.12.21,09:00,1.06342,1.06364,1.06125,1.06146,8156,129939
2022.12.21,10:00,1.06145,1.06286,1.06131,1.0619,6639,136582
2022.12.21,11:00,1.06188,1.0621,1.06046,1.06055,6764,129814
2022.12.21,12:00,1.06058,1.06316,1.06047,1.06303,6894,136712
2022.12.21,13:00,1.06302,1.06454,1.06243,1.06287,9129,127579
2022.12.21,14:00,1.06286,1.06287,1.06023,1.06039,11497,116082
2022.12.21,15:00,1.06045,1.06332,1.05961,1.06153,12240,128326
2022.12.21,16:00,1.06157,1.06159,1.05951,1.05978,8816,119506
2022.12.21,17:00,1.05978,1.06056,1.05903,1.06005,7061,126571
2022.12.21,18:00,1.06004,1.06119,1.05931,1.06094,5715,132286
2022.12.21,19:00,1.06095,1.06201,1.06089,1.06144,5407,137693
2022.12.21,20:00,1.06144,1.06165,1.0608,1.06111,4660,133029
2022.12.21,21:00,1.0611,1.06126,1.06034,1.06041,2093,130940
2022.12.21,22:00,1.06056,1.06096,1.06044,1.0605,3606,127330
2022.12.21,23:00,1.06059,1.06115,1.06053,1.06078,2136,129470
2022.12.22,00:00,1.06078,1.06184,1.06056,1.0618,4639,134109
2022.12.22,01:00,1.06179,1.063,1.06133,1.06294,6035,140144
2022.12.22,02:00,1.06293,1.06334,1.06256,1.06288,4947,145091
2022.12.22,03:00,1.06287,1.06444,1.06287,1.06432,4435,149526
2022.12.22,04:00,1.06434,1.0646,1.06352,1.06445,3995,153521
2022.12.22,05:00,1.06444,1.06484,1.06385,1.06402,4180,149337
2022.12.22,06:00,1.06401,1.06496,1.06399,1.06444,4559,153900
2022.12.22,07:00,1.06442,1.0647,1.0635,1.06397,5632,148264
2022.12.22,08:00,1.0639,1.06593,1.0626,1.06361,8712,139552
2022.12.22,09:00,1.06361,1.06523,1.0629,1.06464,7159,146715
2022.12.22,10:00,1.06464,1.06562,1.06276,1.0628,7130,139581
2022.12.22,11:00,1.06283,1.06297,1.0614,1.06154,6373,133208
2022.12.22,12:00,1.06154,1.06389,1.06141,1.06368,6979,140191
2022.12.22,13:00,1.06369,1.06376,1.06036,1.06111,11305,128882
2022.12.22,14:00,1.06109,1.06185,1.05864,1.06082,12860,116022
2022.12.22,15:00,1.06082,1.06113,1.05902,1.0602,13102,102920
2022.12.22,16:00,1.06018,1.06057,1.05834,1.05871,8580,94340
2022.12.22,17:00,1.05871,1.05888,1.0582,1.05843,5444,88896
2022.12.22,18:00,1.05842,1.05882,1.0577,1.05793,5775,83121
2022.12.22,19:00,1.05794,1.05968,1.05732,1.05925,6702,89827
2022.12.22,20:00,1.05923,1.06031,1.05882,1.05978,7232,97059
2022.12.22,21:00,1.05977,1.06,1.05914,1.05983,2185,99240
2022.12.22,22:00,1.0596,1.05996,1.05947,1.05977,502,99746
2022.12.22,23:00,1.05987,1.06028,1.05982,1.06012,3073,102819
2022.12.23,00:00,1.06009,1.06042,1.05886,1.05891,3411,99404
2022.12.23,01:00,1.05892,1.06033,1.05867,1.06018,6665,106073
2022.12.23,02:00,1.06019,1.06122,1.06019,1.06083,5316,111389
2022.12.23,03:00,1.06084,1.06116,1.06059,1.06075,3568,114957
2022.12.23,04:00,1.06076,1.06102,1.06043,1.06056,2576,112377
2022.12.23,05:00,1.06058,1.06096,1.06029,1.06035,3181,109196
2022.12.23,06:00,1.06036,1.06113,1.06019,1.06068,4284,113484
2022.12.23,07:00,1.06066,1.06304,1.06055,1.06284,6531,120015
2022.12.23,08:00,1.06283,1.06283,1.05989,1.06047,7566,112445
2022.12.23,09:00,1.06045,1.06113,1.05961,1.06097,5741,118190
2022.12.23,10:00,1.06097,1.06228,1.06072,1.06195,5561,123751
2022.12.23,11:00,1.06196,1.06268,1.06099,1.06137,4873,118874
2022.12.23,12:00,1.06136,1.0624,1.0605,1.06211,4958,123836
2022.12.23,13:00,1.06212,1.06328,1.05947,1.06078,13954,109878
2022.12.23,14:00,1.06077,1.06193,1.05922,1.06099,15432,125314
2022.12.23,15:00,1.06121,1.0632,1.06069,1.06136,15509,140823
2022.12.23,16:00,1.06137,1.06253,1.06095,1.06204,9946,150769
2022.12.23,17:00,1.06204,1.063,1.06188,1.06202,6572,157341
2022.12.23,18:00,1.06202,1.06217,1.06062,1.06093,4880,152457
2022.12.23,19:00,1.0609,1.06233,1.06058,1.06205,4654,157115
2022.12.23,20:00,1.06206,1.06213,1.06132,1.06164,2922,154189
2022.12.23,21:00,1.06161,1.062,1.06124,1.06157,2217,151976
2022.12.26,22:00,1.06348,1.06366,1.0634,1.06364,303,152279
2022.12.26,23:00,1.06371,1.06458,1.06309,1.06398,4045,156324
2022.12.27,00:00,1.0639,1.06461,1.06347,1.06425,4345,160669
2022.12.27,01:00,1.0643,1.06532,1.06413,1.0652,4103,164772
2022.12.27,02:00,1.06519,1.06604,1.06433,1.06474,4040,160728
2022.12.27,03:00,1.06475,1.06477,1.06354,1.064,3666,157062
2022.12.27,04:00,1.064,1.06459,1.06391,1.06455,2551,159617
2022.12.27,05:00,1.06457,1.06571,1.06428,1.06555,3143,162760
2022.12.27,06:00,1.06558,1.0665,1.0653,1.06638,4658,167418
2022.12.27,07:00,1.06639,1.06679,1.06433,1.06451,5566,161848
2022.12.27,08:00,1.06453,1.0658,1.06382,1.06519,6550,168402
2022.12.27,09:00,1.0652,1.0664,1.06479,1.06604,4947,173349
2022.12.27,10:00,1.06603,1.06693,1.06517,1.06656,5480,178829
2022.12.27,11:00,1.06656,1.06692,1.06525,1.06544,4431,174394
2022.12.27,12:00,1.06543,1.06575,1.06321,1.06352,5419,168975
2022.12.27,13:00,1.06352,1.06368,1.06196,1.06275,8725,160250
2022.12.27,14:00,1.06275,1.06295,1.06114,1.0626,8857,151393
2022.12.27,15:00,1.0626,1.06544,1.0624,1.065,10446,161843
2022.12.27,16:00,1.06498,1.06604,1.06461,1.06527,7652,169495
2022.12.27,17:00,1.06526,1.06529,1.06335,1.06374,5720,163771
2022.12.27,18:00,1.06373,1.06514,1.06358,1.06487,4450,168225
2022.12.27,19:00,1.06486,1.06563,1.06375,1.06415,5585,162636
2022.12.27,20:00,1.06414,1.06467,1.06383,1.06412,4970,157666
2022.12.27,21:00,1.06412,1.06415,1.06361,1.06388,1466,156204
2022.12.27,22:00,1.06418,1.06454,1.06406,1.0641,182,156386
2022.12.27,23:00,1.06413,1.06413,1.06307,1.06369,3090,153292
2022.12.28,00:00,1.06367,1.06425,1.06248,1.06281,4343,148949
2022.12.28,01:00,1.06284,1.06429,1.06269,1.0642,5304,154257
2022.12.28,02:00,1.0642,1.06421,1.06353,1.06364,4308,149945
2022.12.28,03:00,1.06364,1.06423,1.06319,1.06377,3441,153390
2022.12.28,04:00,1.06378,1.06447,1.0636,1.06416,3207,156597
2022.12.28,05:00,1.06415,1.06469,1.06405,1.0646,3166,159763
2022.12.28,06:00,1.06461,1.06524,1.06445,1.06461,3790,163553
2022.12.28,07:00,1.0646,1.06547,1.06438,1.06456,5550,169103
2022.12.28,08:00,1.06457,1.0648,1.06342,1.0636,6943,162156
2022.12.28,09:00,1.06361,1.06399,1.06279,1.06369,5808,156348
2022.12.28,10:00,1.0637,1.06431,1.06291,1.06338,5189,151159
2022.12.28,11:00,1.06339,1.0652,1.06313,1.06464,5845,157008
2022.12.28,12:00,1.06465,1.06576,1.06365,1.0646,6429,163437
2022.12.28,13:00,1.0646,1.06497,1.06337,1.06417,7022,156411
2022.12.28,14:00,1.06417,1.06745,1.06393,1.06573,9173,165588
2022.12.28,15:00,1.06576,1.06618,1.06115,1.06187,12273,153311
2022.12.28,16:00,1.06192,1.06275,1.0613,1.06212,8013,161328
2022.12.28,17:00,1.06213,1.06329,1.06161,1.06289,5912,167240
2022.12.28,18:00,1.06291,1.06356,1.06197,1.06198,5492,161744
2022.12.28,19:00,1.06197,1.06273,1.06146,1.06171,5679,156065
2022.12.28,20:00,1.06168,1.06177,1.06077,1.06078,4503,151562
2022.12.28,21:00,1.06076,1.06128,1.06066,1.06115,1679,153241
2022.12.28,22:00,1.06103,1.06164,1.06103,1.06164,780,154025
2022.12.28,23:00,1.06168,1.06293,1.0616,1.06288,4407,158432
2022.12.29,00:00,1.06288,1.06373,1.06231,1.0634,3687,162119
2022.12.29,01:00,1.06341,1.06341,1.06268,1.06279,4478,157637
2022.12.29,02:00,1.06281,1.06329,1.06256,1.06256,3054,154583
2022.12.29,03:00,1.06257,1.06278,1.062,1.06231,2967,151616
2022.12.29,04:00,1.06232,1.06261,1.0619,1.06251,2016,153636
2022.12.29,05:00,1.0625,1.0629,1.06212,1.06246,2826,156462
2022.12.29,06:00,1.06249,1.06268,1.06111,1.06141,3189,153269
2022.12.29,07:00,1.06135,1.06248,1.06119,1.06232,4917,158190
2022.12.29,08:00,1.06234,1.06427,1.06223,1.06301,6618,164808
2022.12.29,09:00,1.06306,1.0658,1.06306,1.06562,6207,171015
2022.12.29,10:00,1.06564,1.06564,1.06316,1.06362,5827,165184
2022.12.29,11:00,1.06361,1.06409,1.06327,1.06381,4177,169365
2022.12.29,12:00,1.0638,1.06534,1.06366,1.06524,4766,174131
2022.12.29,13:00,1.06523,1.06671,1.06449,1.06549,9285,183416
2022.12.29,14:00,1.06551,1.06699,1.0639,1.06445,11879,171533
2022.12.29,15:00,1.06446,1.06697,1.06363,1.06668,11261,182798
2022.12.29,16:00,1.06669,1.06708,1.06567,1.0666,7438,190236
2022.12.29,17:00,1.06663,1.06904,1.06646,1.06819,5534,195770
2022.12.29,18:00,1.0682,1.06834,1.0671,1.06747,5515,190251
2022.12.29,19:00,1.06746,1.06794,1.06733,1.06779,4833,195088
2022.12.29,20:00,1.06779,1.06779,1.06657,1.0668,4401,190683
2022.12.29,21:00,1.06685,1.06714,1.06601,1.0662,1853,188830
2022.12.29,22:00,1.06612,1.06663,1.06593,1.06611,568,188262
2022.12.29,23:00,1.06616,1.06619,1.06544,1.06602,1709,186553
2022.12.30,00:00,1.06605,1.06682,1.06589,1.06681,2898,189455
2022.12.30,01:00,1.06676,1.06696,1.06569,1.06603,4151,185300
2022.12.30,02:00,1.06602,1.06604,1.06548,1.06586,2871,182429
2022.12.30,03:00,1.06583,1.06632,1.06572,1.06589,2147,180282
2022.12.30,04:00,1.06585,1.06595,1.06519,1.06552,1846,178436
2022.12.30,05:00,1.06555,1.06578,1.06423,1.06434,3737,174699
2022.12.30,06:00,1.06432,1.06504,1.06406,1.06445,4417,179120
2022.12.30,07:00,1.06443,1.06512,1.06384,1.06511,5050,184170
2022.12.30,08:00,1.06512,1.06745,1.06498,1.06711,7917,192087
2022.12.30,09:00,1.0671,1.06713,1.06512,1.06546,6745,185338
2022.12.30,10:00,1.06545,1.06762,1.06533,1.06695,5524,190866
2022.12.30,11:00,1.06696,1.06985,1.06695,1.0676,6902,197768
2022.12.30,12:00,1.0676,1.06879,1.06714,1.06722,6985,190779
2022.12.30,13:00,1.06718,1.06802,1.06452,1.06686,9358,181421
2022.12.30,14:00,1.06687,1.0701,1.06615,1.06883,13171,194596
2022.12.30,15:00,1.06883,1.06897,1.06593,1.0672,15215,179377
2022.12.30,16:00,1.0672,1.06971,1.06709,1.06967,9654,189035
2022.12.30,17:00,1.06966,1.07115,1.06962,1.07105,8641,197676
2022.12.30,18:00,1.07116,1.07131,1.07005,1.0702,10462,187210
2022.12.30,19:00,1.07021,1.07093,1.0695,1.06995,7698,179512
2022.12.30,20:00,1.06996,1.07081,1.06921,1.07057,6133,185649
2022.12.30,21:00,1.07056,1.07073,1.06984,1.07008,3224,182425
2023.01.01,22:00,1.07023,1.07104,1.06916,1.06966,2574,179851
2023.01.01,23:00,1.06983,1.07052,1.0698,1.07052,362,180213
2023.01.02,00:00,1.07053,1.07082,1.0694,1.07062,412,180625
2023.01.02,01:00,1.07061,1.07088,1.06927,1.0698,316,180305
2023.01.02,02:00,1.06979,1.0698,1.06896,1.0695,230,180075
2023.01.02,03:00,1.06948,1.07034,1.0692,1.06952,235,179840
2023.01.02,04:00,1.06948,1.07046,1.06942,1.07013,1032,180876
2023.01.02,05:00,1.0701,1.07018,1.06873,1.06968,1112,179760
2023.01.02,06:00,1.06969,1.07008,1.06812,1.06924,1977,177783
2023.01.02,07:00,1.06886,1.06928,1.06634,1.06785,3786,173997
2023.01.02,08:00,1.06787,1.06974,1.06712,1.06798,3571,177572
2023.01.02,09:00,1.06798,1.06995,1.06766,1.06785,4091,173477
2023.01.02,10:00,1.06785,1.06897,1.06743,1.06834,1931,175412
2023.01.02,11:00,1.06836,1.06863,1.06804,1.06844,1159,176571
2023.01.02,12:00,1.06843,1.06869,1.06767,1.06823,1669,174898
2023.01.02,13:00,1.06823,1.0686,1.06772,1.06785,2294,172604
2023.01.02,14:00,1.06784,1.06819,1.06707,1.06726,1680,170924
2023.01.02,15:00,1.06725,1.06739,1.06582,1.066,2094,168830
2023.01.02,16:00,1.06598,1.06702,1.06512,1.06553,3319,165511
2023.01.02,17:00,1.06553,1.06623,1.06546,1.066,2085,167600
2023.01.02,18:00,1.066,1.06604,1.06518,1.06524,2200,165396
2023.01.02,19:00,1.06529,1.0661,1.06503,1.06572,1265,166665
2023.01.02,20:00,1.06575,1.06704,1.06562,1.06652,1635,168300
2023.01.02,21:00,1.0665,1.06736,1.06618,1.06628,406,167894
2023.01.02,22:00,1.06668,1.06672,1.06642,1.06662,100,167994
2023.01.02,23:00,1.06669,1.06832,1.06502,1.06766,6877,174871
2023.01.03,00:00,1.06767,1.06784,1.06666,1.06705,4849,170018
2023.01.03,01:00,1.06701,1.06743,1.06504,1.06599,9157,160861
2023.01.03,02:00,1.06598,1.06778,1.06576,1.06765,5621,166486
2023.01.03,03:00,1.06764,1.06787,1.06688,1.06724,5252,161230
2023.01.03,04:00,1.06725,1.06803,1.0667,1.06673,3845,157385
2023.01.03,05:00,1.06673,1.06707,1.0659,1.06636,5124,152261
2023.01.03,06:00,1.06635,1.06677,1.06514,1.06524,5716,146545
2023.01.03,07:00,1.06521,1.06587,1.06201,1.06237,8797,137748
2023.01.03,08:00,1.06239,1.06284,1.0551,1.05518,16398,121350
2023.01.03,09:00,1.05514,1.05608,1.05339,1.05476,13738,107612
2023.01.03,10:00,1.05478,1.05548,1.05255,1.0531,10010,97602
2023.01.03,11:00,1.05311,1.0536,1.05195,1.05283,7980,89622
2023.01.03,12:00,1.05284,1.05489,1.05241,1.05356,8264,97890
2023.01.03,13:00,1.05355,1.05697,1.05303,1.05601,12031,109921
2023.01.03,14:00,1.05603,1.05972,1.05555,1.05739,13472,123393
2023.01.03,15:00,1.05744,1.0582,1.05546,1.05554,15520,107869
2023.01.03,16:00,1.05557,1.05586,1.05373,1.0558,11590,119463
2023.01.03,17:00,1.05578,1.05592,1.05401,1.05463,6814,112645
2023.01.03,18:00,1.05462,1.05607,1.0543,1.05566,5142,117791
2023.01.03,19:00,1.05568,1.05681,1.05551,1.05661,6255,124046
2023.01.03,20:00,1.05663,1.05686,1.05505,1.05515,5841,118201
2023.01.03,21:00,1.05515,1.05539,1.05462,1.05486,2761,115440
2023.01.03,22:00,1.05478,1.05482,1.05448,1.05477,6544,108896
2023.01.03,23:00,1.05478,1.05546,1.05404,1.05455,5495,103401
2023.01.04,00:00,1.05457,1.05611,1.05451,1.0558,4747,108152
2023.01.04,01:00,1.05582,1.05696,1.0557,1.05668,5664,113816
2023.01.04,02:00,1.05667,1.05694,1.05614,1.05648,4283,109529
2023.01.04,03:00,1.05649,1.05697,1.05648,1.05689,3084,112617
2023.01.04,04:00,1.05689,1.05745,1.05658,1.05729,3397,116014
2023.01.04,05:00,1.05728,1.05784,1.05646,1.05692,5068,110942
2023.01.04,06:00,1.05693,1.0575,1.05596,1.05701,5499,105443
2023.01.04,07:00,1.0569,1.06057,1.05669,1.05937,10765,116212
2023.01.04,08:00,1.05937,1.06351,1.05901,1.06158,16490,132702
2023.01.04,09:00,1.06153,1.06299,1.06056,1.06107,9827,122871
2023.01.04,10:00,1.06108,1.06228,1.06084,1.06208,7269,130144
2023.01.04,11:00,1.06208,1.06243,1.06021,1.06043,6599,123541
2023.01.04,12:00,1.06043,1.06111,1.05988,1.06073,7481,131026
2023.01.04,13:00,1.06074,1.06197,1.05949,1.06106,10825,141851
2023.01.04,14:00,1.06106,1.06282,1.06024,1.06243,11751,153602
2023.01.04,15:00,1.06242,1.06248,1.05812,1.06032,19709,133889
2023.01.04,16:00,1.06033,1.06206,1.05926,1.06189,11892,145785
2023.01.04,17:00,1.06192,1.06199,1.06047,1.06073,7141,138640
2023.01.04,18:00,1.06074,1.06127,1.05955,1.05995,6288,132352
2023.01.04,19:00,1.05994,1.06067,1.0585,1.06054,14097,146453
2023.01.04,20:00,1.06054,1.06101,1.0601,1.06034,7717,138732
2023.01.04,21:00,1.06036,1.06078,1.0601,1.06037,2500,136232
2023.01.04,22:00,1.06028,1.06112,1.06007,1.06062,3869,140105
2023.01.04,23:00,1.06076,1.06113,1.06028,1.06063,2694,142799
2023.01.05,00:00,1.06058,1.06311,1.06031,1.06292,6027,148826
2023.01.05,01:00,1.06293,1.06312,1.06184,1.06204,5616,143206
2023.01.05,02:00,1.06203,1.06203,1.0609,1.06178,5505,137701
2023.01.05,03:00,1.06178,1.06198,1.06063,1.06071,4149,133552
2023.01.05,04:00,1.06072,1.06114,1.06034,1.06042,3746,129806
2023.01.05,05:00,1.06043,1.06105,1.06016,1.06105,3950,133760
2023.01.05,06:00,1.06109,1.062,1.06028,1.06029,5722,128034
2023.01.05,07:00,1.06029,1.06122,1.05902,1.06055,7870,135908
2023.01.05,08:00,1.06054,1.06278,1.06049,1.062,11264,147172
2023.01.05,09:00,1.062,1.06289,1.06095,1.06232,7934,155106
2023.01.05,10:00,1.06234,1.06261,1.06098,1.06187,6435,148667
2023.01.05,11:00,1.06188,1.0622,1.06031,1.06111,5780,142887
2023.01.05,12:00,1.06116,1.06173,1.05982,1.05995,6497,136390
2023.01.05,13:00,1.05996,1.06082,1.05514,1.05522,16575,119815
2023.01.05,14:00,1.05522,1.05621,1.05357,1.05393,14732,105083
2023.01.05,15:00,1.05394,1.05673,1.0515,1.05185,16311,88772
2023.01.05,16:00,1.05185,1.0532,1.05176,1.05211,10798,99574
2023.01.05,17:00,1.05211,1.0533,1.05187,1.053,7648,107222
2023.01.05,18:00,1.05301,1.05431,1.05292,1.0536,8659,115881
2023.01.05,19:00,1.05362,1.05387,1.0529,1.05302,6984,108893
2023.01.05,20:00,1.053,1.05307,1.05199,1.052,6556,102337
2023.01.05,21:00,1.052,1.05228,1.05156,1.05212,2508,104849
2023.01.05,22:00,1.05219,1.05242,1.05194,1.05212,2239,107088
2023.01.05,23:00,1.0522,1.05261,1.05197,1.0521,2519,109607
2023.01.06,00:00,1.05209,1.05316,1.05189,1.05293,4522,114129
2023.01.06,01:00,1.05295,1.05327,1.05224,1.0525,4820,109305
2023.01.06,02:00,1.05251,1.05342,1.05249,1.05267,3308,112617
2023.01.06,03:00,1.05269,1.05365,1.05262,1.05322,4594,117211
2023.01.06,04:00,1.05323,1.05344,1.05243,1.05245,2575,114632
2023.01.06,05:00,1.05244,1.05252,1.05108,1.05143,5142,109490
2023.01.06,06:00,1.05145,1.05223,1.05104,1.05126,4991,104499
2023.01.06,07:00,1.05126,1.05226,1.05068,1.05126,8607,95892
2023.01.06,08:00,1.05128,1.05309,1.0511,1.05184,8830,104726
2023.01.06,09:00,1.05183,1.05195,1.04967,1.05072,8111,96611
2023.01.06,10:00,1.05074,1.05159,1.05029,1.05074,6723,89888
2023.01.06,11:00,1.05076,1.05111,1.04922,1.04942,6086,83802
2023.01.06,12:00,1.04945,1.04965,1.04833,1.04947,6712,77090
2023.01.06,13:00,1.04945,1.05449,1.04839,1.05425,17760,94854
2023.01.06,14:00,1.05424,1.05432,1.05009,1.05088,16641,78209
2023.01.06,15:00,1.05082,1.06123,1.05082,1.06016,20746,98959
2023.01.06,16:00,1.06017,1.06225,1.05968,1.06186,13255,112214
2023.01.06,17:00,1.06188,1.0638,1.06165,1.06376,7710,119924
2023.01.06,18:00,1.06376,1.06434,1.06296,1.06378,6427,126351
2023.01.06,19:00,1.06379,1.06479,1.06379,1.06454,5642,131993
2023.01.06,20:00,1.06454,1.0648,1.06424,1.06462,4678,136671
2023.01.06,21:00,1.0646,1.0646,1.06419,1.06435,1972,134695
2023.01.08,22:00,1.06404,1.06415,1.06378,1.06393,1012,133687
2023.01.08,23:00,1.06416,1.06629,1.06416,1.06628,5740,139427
2023.01.09,00:00,1.06629,1.06677,1.06515,1.06613,4954,134469
2023.01.09,01:00,1.06616,1.06722,1.06553,1.06666,5545,140018
2023.01.09,02:00,1.06667,1.06777,1.06663,1.0677,4861,144879
2023.01.09,03:00,1.0677,1.0677,1.06662,1.06676,4322,140553
2023.01.09,04:00,1.06675,1.06783,1.06667,1.06766,2833,143390
2023.01.09,05:00,1.06766,1.06829,1.06728,1.06771,4040,147430
2023.01.09,06:00,1.06772,1.06864,1.06756,1.06819,4699,152129
2023.01.09,07:00,1.06824,1.06948,1.06678,1.06731,9644,142481
2023.01.09,08:00,1.0673,1.06996,1.06724,1.069,10080,152565
2023.01.09,09:00,1.069,1.06935,1.06601,1.06721,8199,144362
2023.01.09,10:00,1.06723,1.06764,1.06614,1.06689,6957,137405
2023.01.09,11:00,1.06689,1.06855,1.06676,1.06843,6460,143869
2023.01.09,12:00,1.06839,1.06936,1.06809,1.06889,5919,149788
2023.01.09,13:00,1.06889,1.07316,1.06853,1.0725,11240,161028
2023.01.09,14:00,1.07252,1.07382,1.07116,1.07281,11718,172746
2023.01.09,15:00,1.07282,1.07492,1.07279,1.07401,10955,183701
2023.01.09,16:00,1.07402,1.07605,1.07399,1.07581,9522,193223
2023.01.09,17:00,1.0758,1.07598,1.07397,1.07501,7774,185445
2023.01.09,18:00,1.07503,1.0754,1.07375,1.07433,6298,179147
2023.01.09,19:00,1.07433,1.07529,1.07414,1.07517,5945,185096
2023.01.09,20:00,1.07517,1.07538,1.07307,1.07312,8005,177087
2023.01.09,21:00,1.07311,1.07353,1.07299,1.07324,2525,179612
2023.01.09,22:00,1.0731,1.07331,1.07272,1.07322,5338,184954
2023.01.09,23:00,1.07324,1.07385,1.07275,1.07326,4123,189077
2023.01.10,00:00,1.07325,1.07382,1.07206,1.07275,5442,183631
2023.01.10,01:00,1.07275,1.07399,1.07261,1.07362,5327,188962
2023.01.10,02:00,1.07365,1.07424,1.07213,1.07309,6316,182642
2023.01.10,03:00,1.0731,1.07342,1.07256,1.07322,4685,187331
2023.01.10,04:00,1.07323,1.0734,1.07279,1.07307,3527,183800
2023.01.10,05:00,1.07307,1.0744,1.07295,1.07427,4417,188221
2023.01.10,06:00,1.07426,1.0743,1.07263,1.07339,5127,183090
2023.01.10,07:00,1.07342,1.07393,1.07219,1.07318,8555,174535
2023.01.10,08:00,1.07319,1.07473,1.07312,1.07384,9226,183765
2023.01.10,09:00,1.07385,1.07517,1.07294,1.07459,8279,192044
2023.01.10,10:00,1.07458,1.07461,1.07339,1.07363,6228,185812
2023.01.10,11:00,1.07365,1.07424,1.07317,1.0735,5913,179899
2023.01.10,12:00,1.07352,1.07354,1.07155,1.07193,7290,172609
2023.01.10,13:00,1.07195,1.07252,1.07121,1.07217,8433,181046
2023.01.10,14:00,1.07216,1.07593,1.07216,1.07404,16446,197492
2023.01.10,15:00,1.07402,1.0753,1.07217,1.07277,14999,182489
2023.01.10,16:00,1.07279,1.07419,1.0724,1.07361,10750,193243
2023.01.10,17:00,1.0736,1.07438,1.07296,1.07334,6541,186698
2023.01.10,18:00,1.07331,1.07397,1.07277,1.07379,5957,192659
2023.01.10,19:00,1.07385,1.07431,1.07364,1.07408,5246,197905
2023.01.10,20:00,1.0741,1.07441,1.07305,1.07359,4282,193619
2023.01.10,21:00,1.07368,1.07375,1.0732,1.07342,2054,191565
2023.01.10,22:00,1.07335,1.07373,1.07328,1.07352,6644,184925
2023.01.10,23:00,1.07365,1.07391,1.07328,1.07385,1816,186741
2023.01.11,00:00,1.07385,1.07453,1.07371,1.0745,3901,190642
2023.01.11,01:00,1.0745,1.0745,1.07256,1.07309,5018,185620
2023.01.11,02:00,1.07307,1.07381,1.07268,1.07268,4284,181336
2023.01.11,03:00,1.07269,1.07368,1.07266,1.07336,2845,184185
2023.01.11,04:00,1.07337,1.07397,1.0732,1.07386,2382,186567
2023.01.11,05:00,1.07387,1.07569,1.07368,1.07476,4153,190720
2023.01.11,06:00,1.07477,1.07551,1.07457,1.07457,4067,186649
2023.01.11,07:00,1.07456,1.07574,1.07434,1.07467,6934,179715
2023.01.11,08:00,1.07468,1.07488,1.07287,1.07296,8528,171187
2023.01.11,09:00,1.07297,1.07482,1.07254,1.07414,7275,178466
2023.01.11,10:00,1.07415,1.07512,1.074,1.07492,5469,183935
2023.01.11,11:00,1.07492,1.07552,1.07435,1.07483,6117,190052
2023.01.11,12:00,1.07484,1.07489,1.07282,1.07405,7012,183036
2023.01.11,13:00,1.07405,1.07528,1.07393,1.07497,8133,191173
2023.01.11,14:00,1.07499,1.07764,1.07451,1.07697,10978,202151
2023.01.11,15:00,1.07696,1.07748,1.07519,1.0755,11186,190961
2023.01.11,16:00,1.07551,1.07617,1.07378,1.07387,7039,183922
2023.01.11,17:00,1.0739,1.07484,1.07363,1.07468,5462,189388
2023.01.11,18:00,1.07468,1.07687,1.07352,1.07531,7898,197286
2023.01.11,19:00,1.0753,1.07636,1.07476,1.07632,5082,202368
2023.01.11,20:00,1.07632,1.07632,1.07527,1.07539,3981,198383
2023.01.11,21:00,1.07539,1.07581,1.07519,1.07562,1850,200237
2023.01.11,22:00,1.07558,1.07614,1.07528,1.0756,4312,204549
2023.01.11,23:00,1.0757,1.07674,1.07563,1.07653,4944,209493
2023.01.12,00:00,1.07654,1.07745,1.07602,1.07612,5863,203626
2023.01.12,01:00,1.07614,1.07675,1.07604,1.07667,5655,209285
2023.01.12,02:00,1.07666,1.07689,1.07614,1.0767,4063,213348
2023.01.12,03:00,1.07674,1.07711,1.07648,1.07685,2748,216096
2023.01.12,04:00,1.07685,1.07735,1.0766,1.07716,2207,218303
2023.01.12,05:00,1.07717,1.07751,1.07623,1.07627,3620,214679
2023.01.12,06:00,1.07626,1.07687,1.07565,1.07572,4311,210368
2023.01.12,07:00,1.07571,1.07652,1.07557,1.07625,6123,216495
2023.01.12,08:00,1.07628,1.07645,1.07454,1.0748,7385,209106
2023.01.12,09:00,1.07479,1.07735,1.07428,1.07653,8268,217378
2023.01.12,10:00,1.07654,1.07684,1.07516,1.07624,6885,210489
2023.01.12,11:00,1.07624,1.07665,1.07588,1.07618,5334,205155
2023.01.12,12:00,1.07616,1.07666,1.07549,1.07627,6167,198988
2023.01.12,13:00,1.07633,1.08384,1.07302,1.08292,20265,219257
2023.01.12,14:00,1.08296,1.08338,1.07518,1.07675,22214,197039
2023.01.12,15:00,1.07676,1.08096,1.07638,1.08068,20737,217780
2023.01.12,16:00,1.08068,1.08259,1.08024,1.08224,14052,231832
2023.01.12,17:00,1.08223,1.08489,1.08213,1.08488,10426,242258
2023.01.12,18:00,1.08486,1.08669,1.08462,1.08556,11326,253584
2023.01.12,19:00,1.08558,1.0856,1.08395,1.08493,8224,245356
2023.01.12,20:00,1.08493,1.08523,1.08412,1.08523,6174,251534
2023.01.12,21:00,1.08523,1.0855,1.08489,1.08506,2203,249327
2023.01.12,22:00,1.08496,1.0852,1.0845,1.08485,1149,248178
2023.01.12,23:00,1.08485,1.08601,1.08466,1.08596,3689,251871
2023.01.13,00:00,1.08598,1.08679,1.08511,1.08522,6298,245569
2023.01.13,01:00,1.08523,1.08562,1.08455,1.08556,7033,252606
2023.01.13,02:00,1.08555,1.08561,1.08316,1.08444,7465,245137
2023.01.13,03:00,1.08447,1.08477,1.08414,1.08456,3607,248748
2023.01.13,04:00,1.08457,1.08463,1.08377,1.08399,2973,245771
2023.01.13,05:00,1.08395,1.08433,1.08316,1.08371,4007,241764
2023.01.13,06:00,1.08371,1.08509,1.08338,1.0845,5962,247730
2023.01.13,07:00,1.08461,1.08489,1.08331,1.08488,8798,256528
2023.01.13,08:00,1.08488,1.08641,1.0837,1.08553,11907,268435
2023.01.13,09:00,1.08555,1.08601,1.08332,1.08424,8755,259676
2023.01.13,10:00,1.08423,1.08517,1.08371,1.08451,6578,266258
2023.01.13,11:00,1.08449,1.08457,1.08083,1.0812,8504,257750
2023.01.13,12:00,1.08119,1.08159,1.08032,1.08118,8569,249181
2023.01.13,13:00,1.08118,1.08201,1.07926,1.07935,11352,237829
2023.01.13,14:00,1.07937,1.082,1.07805,1.08183,13941,251770
2023.01.13,15:00,1.08161,1.08386,1.0812,1.08294,14934,266708
2023.01.13,16:00,1.08293,1.08335,1.0801,1.08101,10590,256114
2023.01.13,17:00,1.081,1.08316,1.08066,1.0828,7388,263506
2023.01.13,18:00,1.08281,1.08344,1.08181,1.08311,5263,268769
2023.01.13,19:00,1.0831,1.08353,1.08266,1.08293,4621,264144
2023.01.13,20:00,1.08291,1.08357,1.0827,1.08324,3219,267367
2023.01.13,21:00,1.08325,1.08344,1.08287,1.08328,2260,269627
2023.01.15,22:00,1.08328,1.08356,1.08301,1.08322,1454,271081
2023.01.15,23:00,1.08318,1.08342,1.08204,1.08228,5046,266031
2023.01.16,00:00,1.08227,1.08442,1.08213,1.08417,5129,271164
2023.01.16,01:00,1.08415,1.08721,1.08406,1.08678,6811,277975
2023.01.16,02:00,1.08679,1.08742,1.08657,1.08667,6312,271659
2023.01.16,03:00,1.08669,1.08673,1.08592,1.08601,3546,268113
2023.01.16,04:00,1.08601,1.0864,1.08508,1.08528,3474,264639
2023.01.16,05:00,1.0853,1.08609,1.08523,1.08604,3900,268543
2023.01.16,06:00,1.08604,1.08604,1.08358,1.08395,5262,263277
2023.01.16,07:00,1.08394,1.08423,1.08265,1.08311,7168,256109
2023.01.16,08:00,1.08311,1.08321,1.08024,1.08034,10707,245402
2023.01.16,09:00,1.08035,1.08242,1.08013,1.08209,7313,252719
2023.01.16,10:00,1.08211,1.08335,1.08206,1.083,5726,258445
2023.01.16,11:00,1.08302,1.08366,1.08239,1.08269,5312,253129
2023.01.16,12:00,1.08267,1.08284,1.08145,1.08151,5137,247992
2023.01.16,13:00,1.0815,1.08201,1.08059,1.08156,6431,241561
2023.01.16,14:00,1.08154,1.08256,1.08137,1.08218,6817,248382
2023.01.16,15:00,1.08219,1.0829,1.08163,1.08251,5533,253915
2023.01.16,16:00,1.08252,1.08263,1.08171,1.08247,4378,258293
2023.01.16,17:00,1.08247,1.08264,1.08114,1.08136,2615,255674
2023.01.16,18:00,1.08135,1.08148,1.08108,1.08129,957,254717
2023.01.16,19:00,1.08127,1.08194,1.08125,1.08193,912,255633
2023.01.16,20:00,1.08194,1.08207,1.08174,1.08204,807,256440
2023.01.16,21:00,1.08204,1.08247,1.08188,1.08221,1207,257647
2023.01.16,22:00,1.08224,1.08234,1.08173,1.08228,3085,260732
2023.01.16,23:00,1.08229,1.08324,1.08229,1.08296,3121,263853
2023.01.17,00:00,1.08297,1.08336,1.08255,1.08286,3749,267602
2023.01.17,01:00,1.08285,1.08317,1.0814,1.08171,6138,261460
2023.01.17,02:00,1.08169,1.08328,1.08061,1.08142,6294,255166
2023.01.17,03:00,1.08142,1.08285,1.08136,1.08251,4190,259360
2023.01.17,04:00,1.0825,1.08287,1.08221,1.08262,2962,262322
2023.01.17,05:00,1.08259,1.08323,1.0822,1.0831,3429,265751
2023.01.17,06:00,1.08308,1.08355,1.08134,1.08145,4902,260845
2023.01.17,07:00,1.08143,1.08296,1.08118,1.0828,8865,269714
2023.01.17,08:00,1.08281,1.08385,1.08228,1.08273,9368,279082
2023.01.17,09:00,1.08272,1.0831,1.08111,1.08174,7796,271282
2023.01.17,10:00,1.08175,1.08274,1.0809,1.08215,8777,280063
2023.01.17,11:00,1.08216,1.08337,1.08134,1.08323,7167,287230
2023.01.17,12:00,1.08324,1.08577,1.08223,1.08525,8772,296002
2023.01.17,13:00,1.08525,1.08579,1.08362,1.08425,11798,284200
2023.01.17,14:00,1.08425,1.08693,1.08422,1.0863,13455,297659
2023.01.17,15:00,1.08631,1.08639,1.0795,1.08018,18413,279242
2023.01.17,16:00,1.08019,1.08091,1.07861,1.07925,10901,268341
2023.01.17,17:00,1.07927,1.07986,1.07743,1.07821,6454,261887
2023.01.17,18:00,1.07818,1.07964,1.07798,1.07951,4417,266308
2023.01.17,19:00,1.07951,1.08038,1.07911,1.07934,5954,260350
2023.01.17,20:00,1.07935,1.07972,1.07867,1.07934,4713,255637
2023.01.17,21:00,1.07936,1.07938,1.07876,1.07884,2251,253390
2023.01.17,22:00,1.07895,1.0793,1.07885,1.07914,1586,254976
2023.01.17,23:00,1.07917,1.07933,1.07853,1.07894,2608,252364
2023.01.18,00:00,1.07894,1.07916,1.07825,1.07843,4031,248333
2023.01.18,01:00,1.07843,1.07961,1.07833,1.0796,4785,253122
2023.01.18,02:00,1.07958,1.07992,1.07659,1.07872,10541,242577
2023.01.18,03:00,1.07875,1.07891,1.07682,1.07731,10690,231887
2023.01.18,04:00,1.07733,1.07776,1.07674,1.07745,5839,237730
2023.01.18,05:00,1.07744,1.078,1.07681,1.07796,5756,243486
2023.01.18,06:00,1.07796,1.0791,1.07796,1.07897,7254,250740
2023.01.18,07:00,1.07899,1.08365,1.07898,1.08254,14010,264750
2023.01.18,08:00,1.08255,1.08513,1.08253,1.08417,12407,277157
2023.01.18,09:00,1.08431,1.08715,1.08368,1.08701,10088,287245
2023.01.18,10:00,1.08702,1.08702,1.08496,1.08523,8341,278900
2023.01.18,11:00,1.08521,1.0854,1.08119,1.08153,8004,270896
2023.01.18,12:00,1.08151,1.08338,1.0815,1.08241,8681,279581
2023.01.18,13:00,1.08239,1.08682,1.08225,1.08583,15429,295010
2023.01.18,14:00,1.08583,1.08874,1.08481,1.0864,18919,313929
2023.01.18,15:00,1.08643,1.08686,1.08267,1.08333,16337,297588
2023.01.18,16:00,1.08334,1.08359,1.08135,1.08267,12637,284951
2023.01.18,17:00,1.08268,1.08279,1.07872,1.07959,10945,274006
2023.01.18,18:00,1.07961,1.07992,1.07869,1.07964,8855,265151
2023.01.18,19:00,1.07965,1.07967,1.07871,1.07951,6890,258261
2023.01.18,20:00,1.0795,1.07952,1.07876,1.07892,6147,252114
2023.01.18,21:00,1.07892,1.07972,1.07892,1.07942,2294,254408
2023.01.18,22:00,1.07917,1.07938,1.07891,1.0792,1854,252554
2023.01.18,23:00,1.07923,1.0798,1.07905,1.07974,3258,255816
2023.01.19,00:00,1.07974,1.07983,1.07864,1.07873,6032,249780
2023.01.19,01:00,1.07874,1.07957,1.07824,1.07879,5709,244071
2023.01.19,02:00,1.07879,1.07946,1.07824,1.07935,3879,247954
2023.01.19,03:00,1.07936,1.08056,1.07925,1.08006,3883,251837
2023.01.19,04:00,1.08005,1.08022,1.07931,1.07958,4276,247557
2023.01.19,05:00,1.07957,1.0798,1.0791,1.07915,4313,243244
2023.01.19,06:00,1.07915,1.08033,1.07907,1.07908,4400,238844
2023.01.19,07:00,1.07911,1.08139,1.07822,1.08074,9255,248103
2023.01.19,08:00,1.08079,1.08248,1.08033,1.08169,9312,257415
2023.01.19,09:00,1.08168,1.08293,1.08158,1.08247,7227,264642
2023.01.19,10:00,1.08249,1.08384,1.08156,1.08291,8137,272779
2023.01.19,11:00,1.08295,1.08347,1.08159,1.08218,7590,265185
2023.01.19,12:00,1.08217,1.08268,1.0805,1.08088,7519,257666
2023.01.19,13:00,1.0809,1.08231,1.07954,1.08096,13582,244084
2023.01.19,14:00,1.08095,1.08249,1.07953,1.08102,13646,230438
2023.01.19,15:00,1.08102,1.0819,1.07838,1.07891,11982,218456
2023.01.19,16:00,1.07895,1.08095,1.07873,1.08092,8164,226624
2023.01.19,17:00,1.08091,1.08246,1.08088,1.08162,7030,233654
2023.01.19,18:00,1.08163,1.0835,1.0813,1.08287,8209,241863
2023.01.19,19:00,1.08283,1.08356,1.0821,1.08306,5960,247823
2023.01.19,20:00,1.08305,1.08399,1.08278,1.0829,5330,242489
2023.01.19,21:00,1.08292,1.08347,1.0828,1.08307,2581,245070
2023.01.19,22:00,1.08293,1.08339,1.08289,1.08306,517,245591
2023.01.19,23:00,1.08302,1.08372,1.08289,1.08334,1911,247502
2023.01.20,00:00,1.08335,1.08403,1.08286,1.08314,3442,244056
2023.01.20,01:00,1.08315,1.0844,1.0828,1.08362,5363,249423
2023.01.20,02:00,1.08363,1.0844,1.08315,1.08364,3764,253187
2023.01.20,03:00,1.08365,1.08384,1.08321,1.08343,2327,250856
2023.01.20,04:00,1.08344,1.0835,1.08279,1.08295,3151,247705
2023.01.20,05:00,1.08291,1.08355,1.0825,1.08351,3480,251189
2023.01.20,06:00,1.08351,1.08366,1.0824,1.08246,3328,247857
2023.01.20,07:00,1.08246,1.08465,1.08207,1.08401,7283,255144
2023.01.20,08:00,1.08401,1.08588,1.08384,1.08405,7583,262727
2023.01.20,09:00,1.08403,1.08518,1.08282,1.0831,7888,254835
2023.01.20,10:00,1.08309,1.08472,1.08259,1.08386,7800,262639
2023.01.20,11:00,1.08385,1.08417,1.08244,1.0825,5678,256957
2023.01.20,12:00,1.08251,1.08277,1.08139,1.08185,7314,249643
2023.01.20,13:00,1.08181,1.08275,1.08023,1.08065,8661,240982
2023.01.20,14:00,1.08065,1.0826,1.08046,1.08216,10971,251957
2023.01.20,15:00,1.08218,1.08478,1.08184,1.08309,11583,263540
2023.01.20,16:00,1.08311,1.0845,1.08271,1.08304,7631,271171
2023.01.20,17:00,1.08303,1.08473,1.08295,1.08437,5634,276805
2023.01.20,18:00,1.08438,1.08502,1.08337,1.08476,7096,283901
2023.01.20,19:00,1.08477,1.08585,1.08457,1.08539,4492,288393
2023.01.20,20:00,1.08539,1.08581,1.0852,1.08564,3763,292156
2023.01.20,21:00,1.08566,1.0858,1.08546,1.08556,1575,293731
2023.01.22,22:00,1.08644,1.08672,1.08611,1.08667,1459,295190
2023.01.22,23:00,1.0866,1.08696,1.0862,1.08643,4126,291060
2023.01.23,00:00,1.08643,1.08871,1.08643,1.08849,4307,295371
2023.01.23,01:00,1.08849,1.08996,1.08808,1.08948,5576,300947
2023.01.23,02:00,1.08948,1.08988,1.08897,1.08923,2914,298029
2023.01.23,03:00,1.08925,1.09029,1.08925,1.08985,3165,301198
2023.01.23,04:00,1.08987,1.08987,1.08889,1.08947,2952,298242
2023.01.23,05:00,1.08947,1.08983,1.08901,1.08922,3261,294981
2023.01.23,06:00,1.08921,1.09119,1.08873,1.09005,5415,300400
2023.01.23,07:00,1.09006,1.09269,1.08922,1.09142,8583,308983
2023.01.23,08:00,1.0914,1.09152,1.08931,1.08998,9307,299672
2023.01.23,09:00,1.08999,1.09203,1.08931,1.09115,7078,306754
2023.01.23,10:00,1.09114,1.09154,1.08954,1.08992,6883,299867
2023.01.23,11:00,1.08992,1.09023,1.08787,1.08813,7137,292730
2023.01.23,12:00,1.08811,1.0883,1.08667,1.0871,8001,284729
2023.01.23,13:00,1.08713,1.08777,1.08533,1.08589,9819,274910
2023.01.23,14:00,1.08587,1.08681,1.08463,1.08617,11233,286147
2023.01.23,15:00,1.08616,1.08693,1.08471,1.08647,12177,298324
2023.01.23,16:00,1.08648,1.08758,1.08598,1.0864,9986,308310
2023.01.23,17:00,1.08638,1.08649,1.08569,1.08625,5679,302627
2023.01.23,18:00,1.08626,1.08731,1.08622,1.08662,5323,307954
2023.01.23,19:00,1.08664,1.08673,1.08476,1.08589,7070,300880
2023.01.23,20:00,1.0859,1.08682,1.08571,1.08681,6800,307684
2023.01.23,21:00,1.0868,1.0872,1.0865,1.08708,2164,309848
2023.01.23,22:00,1.08715,1.0872,1.08686,1.08704,542,310390
2023.01.23,23:00,1.08706,1.08761,1.08678,1.08714,2749,313139
2023.01.24,00:00,1.08714,1.08748,1.08676,1.08736,3106,316245
2023.01.24,01:00,1.08738,1.08821,1.08717,1.08808,3447,319692
2023.01.24,02:00,1.08809,1.08829,1.08777,1.08788,2488,317200
2023.01.24,03:00,1.08784,1.08803,1.0873,1.08745,2252,314948
2023.01.24,04:00,1.08744,1.08764,1.08693,1.08763,2196,317148
2023.01.24,05:00,1.08763,1.08826,1.08756,1.08784,2251,319399
2023.01.24,06:00,1.08784,1.08917,1.08772,1.08879,3829,323228
2023.01.24,07:00,1.08873,1.08979,1.08831,1.08887,6602,329830
2023.01.24,08:00,1.08888,1.08959,1.08665,1.0875,8191,321635
2023.01.24,09:00,1.08749,1.08829,1.08519,1.08607,9301,312334
2023.01.24,10:00,1.08607,1.08664,1.0852,1.08638,6591,318929
2023.01.24,11:00,1.08634,1.08758,1.08536,1.08666,5461,324390
2023.01.24,12:00,1.08667,1.08764,1.08591,1.08596,5276,319110
2023.01.24,13:00,1.08598,1.08808,1.08542,1.08658,9033,328147
2023.01.24,14:00,1.08657,1.087,1.08402,1.0842,12117,316026
2023.01.24,15:00,1.08423,1.08806,1.08351,1.08751,15739,331769
2023.01.24,16:00,1.08752,1.08832,1.0867,1.08716,8551,323214
2023.01.24,17:00,1.08717,1.08869,1.08701,1.08832,6603,329821
2023.01.24,18:00,1.08834,1.08888,1.08768,1.08791,4486,325331
2023.01.24,19:00,1.08788,1.08844,1.0874,1.08837,3728,329063
2023.01.24,20:00,1.08839,1.08846,1.08789,1.08815,3279,325780
2023.01.24,21:00,1.08814,1.08887,1.08807,1.08878,3172,328952
2023.01.24,22:00,1.08862,1.0888,1.08812,1.0885,548,328404
2023.01.24,23:00,1.08852,1.08904,1.08827,1.08899,3149,331557
2023.01.25,00:00,1.08899,1.08904,1.0881,1.08871,4613,326940
2023.01.25,01:00,1.08872,1.08941,1.08839,1.0893,4193,331137
2023.01.25,02:00,1.08931,1.09014,1.08928,1.08964,2811,333948
2023.01.25,03:00,1.08962,1.08995,1.08925,1.08972,3190,337138
2023.01.25,04:00,1.08972,1.09029,1.08969,1.08987,2392,339530
2023.01.25,05:00,1.08988,1.08995,1.08918,1.08974,2987,336539
2023.01.25,06:00,1.08974,1.09111,1.08956,1.09062,4224,340767
2023.01.25,07:00,1.09065,1.09112,1.08786,1.0881,6849,333914
2023.01.25,08:00,1.08809,1.08913,1.08675,1.08772,7738,326176
2023.01.25,09:00,1.0877,1.08918,1.08698,1.08812,7071,333251
2023.01.25,10:00,1.08813,1.08813,1.08629,1.08657,6868,326379
2023.01.25,11:00,1.08657,1.08695,1.08572,1.08646,6499,319880
2023.01.25,12:00,1.08645,1.08769,1.08586,1.08747,6320,326204
2023.01.25,13:00,1.08738,1.08849,1.08644,1.0872,8021,318179
2023.01.25,14:00,1.08719,1.09003,1.08687,1.08932,10650,328833
2023.01.25,15:00,1.08936,1.09236,1.08908,1.09022,15023,343856
2023.01.25,16:00,1.09018,1.09034,1.08742,1.09002,10192,333660
2023.01.25,17:00,1.09005,1.09037,1.0894,1.08992,4448,329212
2023.01.25,18:00,1.08995,1.09184,1.08995,1.09091,5351,334567
2023.01.25,19:00,1.09091,1.0915,1.09066,1.09144,4269,338836
2023.01.25,20:00,1.09145,1.09175,1.09064,1.09145,3828,342664
2023.01.25,21:00,1.0914,1.09178,1.09113,1.09149,2892,345556
2023.01.25,22:00,1.09162,1.09176,1.09114,1.0914,649,346205
2023.01.25,23:00,1.09133,1.09231,1.09123,1.09206,2584,348789
2023.01.26,00:00,1.09207,1.09247,1.09156,1.09156,3415,345370
2023.01.26,01:00,1.09159,1.09211,1.09068,1.09191,4036,349410
2023.01.26,02:00,1.09191,1.09216,1.09108,1.09152,3133,346273
2023.01.26,03:00,1.09151,1.09177,1.09111,1.09131,2641,343632
2023.01.26,04:00,1.09129,1.09183,1.09129,1.09144,2475,346111
2023.01.26,05:00,1.09144,1.09189,1.09091,1.09187,2523,348634
2023.01.26,06:00,1.09183,1.09294,1.09171,1.09202,3321,351955
2023.01.26,07:00,1.09201,1.09226,1.09064,1.09197,7501,359456
2023.01.26,08:00,1.09195,1.09279,1.09056,1.09089,7701,351751
2023.01.26,09:00,1.0909,1.09102,1.08925,1.08956,7208,344543
2023.01.26,10:00,1.08957,1.09078,1.08937,1.09069,5351,349898
2023.01.26,11:00,1.09069,1.09077,1.08991,1.0903,4100,345794
2023.01.26,12:00,1.09028,1.09042,1.08867,1.08929,5716,340078
2023.01.26,13:00,1.08926,1.09083,1.0873,1.09025,12541,352623
2023.01.26,14:00,1.09024,1.09175,1.08816,1.08871,14027,338592
2023.01.26,15:00,1.08872,1.08949,1.0851,1.08552,13971,324621
2023.01.26,16:00,1.08552,1.08717,1.08505,1.08646,9904,334529
2023.01.26,17:00,1.08647,1.087,1.08579,1.08647,5529,340058
2023.01.26,18:00,1.08648,1.08881,1.08635,1.08861,4830,344888
2023.01.26,19:00,1.08861,1.08903,1.0882,1.08892,3192,348080
2023.01.26,20:00,1.08892,1.08925,1.08863,1.08921,3839,351919
2023.01.26,21:00,1.08922,1.08951,1.08901,1.08911,1724,353643
2023.01.26,22:00,1.08907,1.08908,1.08874,1.08904,435,354078
2023.01.26,23:00,1.089,1.08964,1.089,1.08931,3090,357168
2023.01.27,00:00,1.08931,1.09003,1.08931,1.08965,3321,360489
2023.01.27,01:00,1.08961,1.08992,1.08861,1.08895,3800,356685
2023.01.27,02:00,1.08896,1.08899,1.08785,1.08794,2710,353975
2023.01.27,03:00,1.08795,1.088,1.08706,1.08736,2735,351240
2023.01.27,04:00,1.08735,1.08735,1.08659,1.08663,2510,348730
2023.01.27,05:00,1.08663,1.08739,1.08656,1.08737,2239,350973
2023.01.27,06:00,1.08737,1.08737,1.08663,1.08699,3845,347124
2023.01.27,07:00,1.08697,1.08797,1.08682,1.08738,4773,351901
2023.01.27,08:00,1.08741,1.08916,1.08657,1.08902,6471,358372
2023.01.27,09:00,1.08903,1.08922,1.08774,1.08838,6090,352278
2023.01.27,10:00,1.08837,1.08953,1.08826,1.08892,4220,356502
2023.01.27,11:00,1.08893,1.08938,1.08755,1.0879,4934,351564
2023.01.27,12:00,1.0879,1.08808,1.08663,1.08669,4551,347013
2023.01.27,13:00,1.08666,1.08779,1.08594,1.08621,9552,337461
2023.01.27,14:00,1.08622,1.08767,1.0845,1.08652,12326,349791
2023.01.27,15:00,1.08655,1.0879,1.08379,1.08385,13017,336770
2023.01.27,16:00,1.08387,1.08674,1.08381,1.08562,9362,346136
2023.01.27,17:00,1.08562,1.08719,1.08526,1.08665,5687,351823
2023.01.27,18:00,1.08665,1.08676,1.08565,1.08657,4737,356560
2023.01.27,19:00,1.08656,1.08723,1.08641,1.08685,3810,360370
2023.01.27,20:00,1.08684,1.08729,1.08641,1.08653,2727,357639
2023.01.27,21:00,1.08652,1.08696,1.0865,1.08685,1918,359557
2023.01.29,22:00,1.0861,1.0866,1.086,1.0866,454,359103
2023.01.29,23:00,1.08654,1.08726,1.08654,1.08717,2964,362071
2023.01.30,00:00,1.08717,1.08754,1.08691,1.08747,3454,365525
2023.01.30,01:00,1.08743,1.08752,1.0861,1.08736,4497,361024
2023.01.30,02:00,1.08735,1.08736,1.08656,1.0869,3882,357142
2023.01.30,03:00,1.08691,1.08693,1.08644,1.08685,2583,354559
2023.01.30,04:00,1.08685,1.08793,1.08681,1.08763,6047,360610
2023.01.30,05:00,1.08759,1.08767,1.08642,1.08691,3895,356711
2023.01.30,06:00,1.08692,1.08695,1.0858,1.0862,3883,352828
2023.01.30,07:00,1.08618,1.08699,1.0853,1.08595,5783,347049
2023.01.30,08:00,1.08613,1.08895,1.08613,1.08812,9924,356973
2023.01.30,09:00,1.08811,1.09039,1.08764,1.09016,7282,364255
2023.01.30,10:00,1.09017,1.09137,1.09016,1.09106,6817,371072
2023.01.30,11:00,1.09108,1.09112,1.08905,1.08962,5979,365089
2023.01.30,12:00,1.08963,1.09095,1.08928,1.09037,5450,370543
2023.01.30,13:00,1.09039,1.09113,1.08861,1.08862,7490,363049
2023.01.30,14:00,1.08862,1.08997,1.08797,1.08914,10206,373259
2023.01.30,15:00,1.08911,1.08993,1.08676,1.08708,11181,362074
2023.01.30,16:00,1.08707,1.08746,1.08605,1.08658,8012,354062
2023.01.30,17:00,1.08657,1.08667,1.08574,1.08578,5788,348274
2023.01.30,18:00,1.08576,1.08605,1.08502,1.08545,4772,343502
2023.01.30,19:00,1.08546,1.08555,1.08392,1.08461,4855,338647
2023.01.30,20:00,1.08461,1.08546,1.0844,1.08457,4093,334558
2023.01.30,21:00,1.08471,1.08523,1.08457,1.08514,1730,336284
2023.01.30,22:00,1.08491,1.08527,1.08476,1.08505,3163,339451
2023.01.30,23:00,1.08512,1.08513,1.08467,1.085,1491,340942
2023.01.31,00:00,1.08502,1.08573,1.08488,1.08538,3951,344893
2023.01.31,01:00,1.08538,1.08601,1.0851,1.08575,3871,348764
2023.01.31,02:00,1.08575,1.0859,1.08499,1.08519,3318,345442
2023.01.31,03:00,1.08521,1.08526,1.0844,1.08445,3097,342345
2023.01.31,04:00,1.08447,1.08462,1.08395,1.08461,2993,345342
2023.01.31,05:00,1.08462,1.08468,1.08329,1.08346,2846,342492
2023.01.31,06:00,1.08348,1.08423,1.08316,1.08393,3933,346429
2023.01.31,07:00,1.08394,1.08496,1.08341,1.0844,6638,353067
2023.01.31,08:00,1.08439,1.08448,1.08025,1.08033,9957,343106
2023.01.31,09:00,1.08034,1.08339,1.0802,1.08298,7644,350754
2023.01.31,10:00,1.08297,1.08312,1.08202,1.08227,5963,344787
2023.01.31,11:00,1.08226,1.08382,1.08214,1.08359,5483,350274
2023.01.31,12:00,1.08359,1.08387,1.08254,1.0826,5977,344293
2023.01.31,13:00,1.08258,1.08631,1.08258,1.0851,13540,357837
2023.01.31,14:00,1.08511,1.08643,1.0843,1.08482,12314,345519
2023.01.31,15:00,1.08475,1.08625,1.08333,1.08601,14123,359646
2023.01.31,16:00,1.08602,1.08677,1.08533,1.08569,9803,349839
2023.01.31,17:00,1.0857,1.08663,1.08506,1.08653,5160,355003
2023.01.31,18:00,1.08654,1.0875,1.08647,1.08723,3645,358648
2023.01.31,19:00,1.08723,1.08741,1.08628,1.08638,3491,355153
2023.01.31,20:00,1.08641,1.08729,1.08598,1.08719,4580,359737
2023.01.31,21:00,1.0872,1.08723,1.08612,1.08618,2915,356818
2023.01.31,22:00,1.08626,1.08644,1.08594,1.0862,575,356243
2023.01.31,23:00,1.0862,1.08654,1.08605,1.08606,1869,354374
2023.02.01,00:00,1.08607,1.08642,1.08583,1.08624,2719,357097
2023.02.01,01:00,1.08622,1.08637,1.0857,1.08572,3207,353886
2023.02.01,02:00,1.08573,1.08573,1.08522,1.08538,2666,351220
2023.02.01,03:00,1.08539,1.08628,1.08524,1.08627,1944,353168
2023.02.01,04:00,1.08628,1.08688,1.08627,1.08657,2108,355276
2023.02.01,05:00,1.08655,1.08748,1.08654,1.08716,1959,357235
2023.02.01,06:00,1.08717,1.08768,1.08658,1.08695,2991,354240
2023.02.01,07:00,1.08696,1.08835,1.08666,1.088,6270,360514
2023.02.01,08:00,1.08804,1.08884,1.08696,1.08873,7630,368144
2023.02.01,09:00,1.08873,1.08885,1.08786,1.08833,5922,362218
2023.02.01,10:00,1.08829,1.08937,1.08792,1.08921,5707,367929
2023.02.01,11:00,1.08922,1.08968,1.08885,1.08925,4470,372399
2023.02.01,12:00,1.08924,1.08979,1.08881,1.08914,4349,368046
2023.02.01,13:00,1.08915,1.09099,1.08882,1.0904,9171,377221
2023.02.01,14:00,1.09039,1.09107,1.0901,1.09041,7835,385056
2023.02.01,15:00,1.09056,1.09246,1.08895,1.09196,14111,399167
2023.02.01,16:00,1.09195,1.0924,1.09141,1.09165,8046,391117
2023.02.01,17:00,1.09164,1.0919,1.09046,1.09078,5000,386117
2023.02.01,18:00,1.09079,1.09208,1.09061,1.09162,5467,391588
2023.02.01,19:00,1.09161,1.09856,1.08888,1.09778,25371,416959
2023.02.01,20:00,1.09779,1.10013,1.09694,1.09879,16978,433937
2023.02.01,21:00,1.09879,1.09906,1.09833,1.09901,4355,438288
2023.02.01,22:00,1.09878,1.09896,1.09859,1.09878,1772,436516
2023.02.01,23:00,1.09879,1.10329,1.09875,1.10127,6493,443013
2023.02.02,00:00,1.10126,1.10267,1.10106,1.10187,5922,448935
2023.02.02,01:00,1.10189,1.10213,1.10061,1.10133,5858,443073
2023.02.02,02:00,1.1013,1.10211,1.10119,1.10187,4775,447852
2023.02.02,03:00,1.10186,1.10206,1.10146,1.10175,3712,444136
2023.02.02,04:00,1.10176,1.10255,1.10158,1.10199,2742,446882
2023.02.02,05:00,1.10198,1.10247,1.10189,1.102,3348,450230
2023.02.02,06:00,1.10201,1.10218,1.10046,1.10051,4182,446044
2023.02.02,07:00,1.10056,1.10147,1.09914,1.09935,7058,438986
2023.02.02,08:00,1.09936,1.10105,1.09916,1.10048,8513,447503
2023.02.02,09:00,1.10051,1.10063,1.09889,1.09986,7256,440243
2023.02.02,10:00,1.09987,1.10003,1.09803,1.09828,7064,433179
2023.02.02,11:00,1.0983,1.10021,1.09821,1.0999,5935,439118
2023.02.02,12:00,1.09992,1.10042,1.09825,1.09841,12637,426477
2023.02.02,13:00,1.0984,1.10039,1.0944,1.09451,16858,409619
2023.02.02,14:00,1.09454,1.09662,1.09048,1.09054,19681,389938
2023.02.02,15:00,1.09053,1.09396,1.08855,1.09366,15793,405735
2023.02.02,16:00,1.09366,1.09488,1.09071,1.09171,10748,394983
2023.02.02,17:00,1.09171,1.09268,1.09057,1.09085,7224,387759
2023.02.02,18:00,1.09085,1.09227,1.09079,1.09193,5318,393081
2023.02.02,19:00,1.09194,1.09225,1.09052,1.09078,7691,385386
2023.02.02,20:00,1.09079,1.0915,1.09055,1.09137,6830,392220
2023.02.02,21:00,1.09137,1.09161,1.09082,1.09106,5019,387197
2023.02.02,22:00,1.09092,1.09098,1.09061,1.09081,617,386580
2023.02.02,23:00,1.0908,1.09114,1.09044,1.09046,2545,384035
2023.02.03,00:00,1.09047,1.09051,1.08921,1.08974,4538,379497
2023.02.03,01:00,1.08969,1.08995,1.0891,1.08937,4123,375374
2023.02.03,02:00,1.08937,1.08959,1.08877,1.08895,3903,371471
2023.02.03,03:00,1.08895,1.08958,1.08892,1.08939,2536,374011
2023.02.03,04:00,1.0894,1.08947,1.08872,1.08931,2225,376236
2023.02.03,05:00,1.0893,1.08983,1.08899,1.08936,2732,378968
2023.02.03,06:00,1.08936,1.09,1.08915,1.08982,3324,382292
2023.02.03,07:00,1.08976,1.09059,1.08818,1.08995,7499,389791
2023.02.03,08:00,1.08996,1.09073,1.08846,1.09034,8172,397963
2023.02.03,09:00,1.09037,1.0931,1.08935,1.09299,7331,405294
2023.02.03,10:00,1.09296,1.09368,1.0925,1.09351,6169,411463
2023.02.03,11:00,1.09353,1.0937,1.09247,1.09291,5224,406235
2023.02.03,12:00,1.09291,1.09369,1.0926,1.09326,5426,411665
2023.02.03,13:00,1.09321,1.09401,1.08265,1.08396,16915,394746
2023.02.03,14:00,1.08395,1.08709,1.08326,1.08635,17089,411839
2023.02.03,15:00,1.08636,1.08762,1.08092,1.08583,20546,391289
2023.02.03,16:00,1.08583,1.08616,1.08234,1.08249,12067,379222
2023.02.03,17:00,1.08249,1.08369,1.08225,1.08246,7212,372010
2023.02.03,18:00,1.08244,1.08247,1.08054,1.08119,7862,364148
2023.02.03,19:00,1.08116,1.08145,1.08019,1.08047,5945,358203
2023.02.03,20:00,1.08045,1.08048,1.0793,1.07933,4920,353283
2023.02.03,21:00,1.07938,1.08007,1.07924,1.07939,2432,350851
2023.02.05,22:00,1.07884,1.07923,1.07832,1.07896,718,350133
2023.02.05,23:00,1.07895,1.07983,1.07847,1.07891,6658,343475
2023.02.06,00:00,1.07888,1.07948,1.07813,1.07887,5415,338060
2023.02.06,01:00,1.07888,1.07941,1.07842,1.0785,4938,333122
2023.02.06,02:00,1.07851,1.0798,1.07822,1.07908,5785,338911
2023.02.06,03:00,1.07906,1.07983,1.07892,1.07901,3837,342748
2023.02.06,04:00,1.07902,1.0799,1.07888,1.07963,3715,346463
2023.02.06,05:00,1.07962,1.0798,1.07901,1.07966,3622,350085
2023.02.06,06:00,1.07967,1.07978,1.07865,1.07872,3976,346105
2023.02.06,07:00,1.07873,1.07963,1.07799,1.078,7008,339097
2023.02.06,08:00,1.07801,1.07951,1.07748,1.07851,9180,348281
2023.02.06,09:00,1.0785,1.07881,1.07652,1.07664,8137,340140
2023.02.06,10:00,1.07665,1.07776,1.07598,1.07658,7383,332757
2023.02.06,11:00,1.07657,1.07673,1.07567,1.07661,5352,327405
2023.02.06,12:00,1.07658,1.07832,1.07657,1.07732,5905,333314
2023.02.06,13:00,1.07734,1.07777,1.07571,1.07579,8330,324980
2023.02.06,14:00,1.07579,1.07664,1.0739,1.07446,11084,313896
2023.02.06,15:00,1.07447,1.07476,1.07219,1.07303,11167,302729
2023.02.06,16:00,1.07304,1.07393,1.07173,1.07211,8211,294518
2023.02.06,17:00,1.07211,1.0722,1.07096,1.0713,5826,288692
2023.02.06,18:00,1.07131,1.07265,1.07101,1.07263,4451,293147
2023.02.06,19:00,1.07263,1.07375,1.07235,1.07247,4875,288268
2023.02.06,20:00,1.07246,1.07309,1.07185,1.07297,4810,293082
2023.02.06,21:00,1.07293,1.07302,1.07237,1.07255,1601,291477
2023.02.06,22:00,1.07263,1.07276,1.07228,1.07266,3627,295108
2023.02.06,23:00,1.07274,1.07289,1.07238,1.07289,1847,296955
2023.02.07,00:00,1.07289,1.07362,1.0728,1.07362,3222,300177
2023.02.07,01:00,1.07364,1.07426,1.07336,1.0741,3868,304045
2023.02.07,02:00,1.07411,1.07418,1.0736,1.07409,3345,307390
2023.02.07,03:00,1.0741,1.07426,1.07359,1.07382,4310,303076
2023.02.07,04:00,1.07381,1.07381,1.07285,1.07328,3382,299694
2023.02.07,05:00,1.07329,1.07416,1.07305,1.07402,3933,303631
2023.02.07,06:00,1.07401,1.07437,1.07351,1.07391,4533,299094
2023.02.07,07:00,1.0739,1.07397,1.07231,1.07241,7297,291797
2023.02.07,08:00,1.07242,1.0726,1.06968,1.0718,11973,279824
2023.02.07,09:00,1.0719,1.07347,1.07106,1.07109,8636,271188
2023.02.07,10:00,1.07108,1.07227,1.07066,1.07136,6266,277458
2023.02.07,11:00,1.07134,1.0718,1.06981,1.07049,6411,271043
2023.02.07,12:00,1.0705,1.07123,1.07016,1.07052,6439,264604
2023.02.07,13:00,1.07051,1.07064,1.06857,1.06952,8600,256004
2023.02.07,14:00,1.06951,1.06994,1.06796,1.06822,9702,246302
2023.02.07,15:00,1.06823,1.06967,1.0669,1.06927,11336,257642
2023.02.07,16:00,1.06927,1.0712,1.06885,1.07047,9170,266812
2023.02.07,17:00,1.07048,1.07663,1.06898,1.07601,13541,280353
2023.02.07,18:00,1.076,1.07623,1.06873,1.07021,21516,258833
2023.02.07,19:00,1.07021,1.07285,1.07014,1.07193,12130,270967
2023.02.07,20:00,1.07194,1.07293,1.07082,1.0725,5680,276647
2023.02.07,21:00,1.0725,1.07298,1.07214,1.07277,2246,278889
2023.02.07,22:00,1.07241,1.0729,1.07232,1.07289,552,279445
2023.02.07,23:00,1.07294,1.07309,1.07251,1.07304,1295,280740
2023.02.08,00:00,1.07305,1.07341,1.07268,1.07321,3251,283991
2023.02.08,01:00,1.07321,1.07351,1.07232,1.07263,4186,279801
2023.02.08,02:00,1.07262,1.07331,1.07237,1.07328,3798,283603
2023.02.08,03:00,1.07326,1.07348,1.07302,1.07322,2614,286217
2023.02.08,04:00,1.07322,1.07348,1.07305,1.07337,1741,287958
2023.02.08,05:00,1.07332,1.0735,1.07273,1.07336,1655,289613
2023.02.08,06:00,1.07333,1.07396,1.07271,1.07271,3467,286142
2023.02.08,07:00,1.0727,1.07598,1.07239,1.07587,7106,293252
2023.02.08,08:00,1.07588,1.0759,1.0741,1.07521,9242,284006
2023.02.08,09:00,1.07521,1.07607,1.07502,1.07552,6706,290716
2023.02.08,10:00,1.07551,1.07558,1.07429,1.07463,5186,285526
2023.02.08,11:00,1.07463,1.07475,1.07328,1.0735,4612,280914
2023.02.08,12:00,1.07349,1.07491,1.07336,1.07337,5708,275206
2023.02.08,13:00,1.07339,1.07377,1.07256,1.07315,7889,267317
2023.02.08,14:00,1.07316,1.07431,1.07178,1.07249,11671,255646
2023.02.08,15:00,1.07247,1.0728,1.07137,1.07252,12289,243357
2023.02.08,16:00,1.07253,1.07362,1.07187,1.07335,9521,252882
2023.02.08,17:00,1.07335,1.07401,1.07257,1.07283,6720,246158
2023.02.08,18:00,1.07284,1.0739,1.07243,1.0734,7908,254070
2023.02.08,19:00,1.07339,1.07341,1.07208,1.0723,4610,249456
2023.02.08,20:00,1.07231,1.07244,1.07094,1.07137,4375,245081
2023.02.08,21:00,1.07137,1.07153,1.07115,1.07139,1625,243456
2023.02.08,22:00,1.07129,1.07156,1.07088,1.07119,5700,237756
2023.02.08,23:00,1.07119,1.0717,1.07097,1.07153,1979,239739
2023.02.09,00:00,1.07153,1.07191,1.07147,1.07161,2837,242576
2023.02.09,01:00,1.0716,1.0726,1.07095,1.07247,4819,247395
2023.02.09,02:00,1.07247,1.07327,1.07236,1.07305,2737,250132
2023.02.09,03:00,1.07306,1.07326,1.07253,1.07294,2443,247685
2023.02.09,04:00,1.07294,1.07326,1.07284,1.0732,2094,249783
2023.02.09,05:00,1.07321,1.07377,1.07274,1.07355,3772,253555
2023.02.09,06:00,1.07355,1.07446,1.07333,1.07398,4659,258214
2023.02.09,07:00,1.07403,1.07403,1.0724,1.07329,7727,250483
2023.02.09,08:00,1.0733,1.07595,1.07325,1.07529,8783,259270
2023.02.09,09:00,1.07533,1.07687,1.07509,1.07635,6808,266078
2023.02.09,10:00,1.07635,1.07786,1.0759,1.07773,6430,272508
2023.02.09,11:00,1.07774,1.07774,1.07588,1.07631,5425,267079
2023.02.09,12:00,1.07629,1.07721,1.07591,1.07696,5228,272311
2023.02.09,13:00,1.07694,1.07901,1.07626,1.07897,9261,281572
2023.02.09,14:00,1.07898,1.07906,1.07779,1.07801,9642,271926
2023.02.09,15:00,1.078,1.07893,1.07617,1.07628,10295,261631
2023.02.09,16:00,1.07626,1.07632,1.07441,1.07607,8372,253259
2023.02.09,17:00,1.07604,1.07614,1.0739,1.07486,5854,247405
2023.02.09,18:00,1.07485,1.07485,1.07376,1.07412,6884,240521
2023.02.09,19:00,1.0741,1.07456,1.07332,1.07371,7484,233037
2023.02.09,20:00,1.07372,1.07395,1.07314,1.07335,5461,227576
2023.02.09,21:00,1.07335,1.07389,1.07327,1.07381,1651,229227
2023.02.09,22:00,1.0737,1.07412,1.07361,1.074,1441,230672
2023.02.09,23:00,1.07406,1.07427,1.07381,1.07391,1332,232004
2023.02.10,00:00,1.07392,1.07395,1.07257,1.07347,3435,228565
2023.02.10,01:00,1.07346,1.07385,1.07281,1.07336,4005,224560
2023.02.10,02:00,1.07329,1.07341,1.07244,1.0725,2886,221674
2023.02.10,03:00,1.07251,1.07261,1.07175,1.07208,3778,217896
2023.02.10,04:00,1.07209,1.07242,1.07173,1.07185,2890,215006
2023.02.10,05:00,1.07184,1.07268,1.07181,1.07258,3538,218548
2023.02.10,06:00,1.07259,1.0729,1.07219,1.0723,3389,215155
2023.02.10,07:00,1.07232,1.07446,1.07189,1.0741,11693,226852
2023.02.10,08:00,1.07412,1.07527,1.07265,1.07421,12077,238929
2023.02.10,09:00,1.07419,1.07447,1.07041,1.07066,11218,227707
2023.02.10,10:00,1.07066,1.07113,1.06916,1.0709,7926,235637
2023.02.10,11:00,1.07087,1.07109,1.06936,1.06985,6025,229608
2023.02.10,12:00,1.06985,1.07006,1.06813,1.06832,6280,223328
2023.02.10,13:00,1.06831,1.06994,1.06815,1.06958,9592,232924
2023.02.10,14:00,1.06958,1.07068,1.06863,1.06974,10387,243311
2023.02.10,15:00,1.06976,1.07067,1.06744,1.06769,14409,228898
2023.02.10,16:00,1.06764,1.06869,1.06684,1.06689,7686,221212
2023.02.10,17:00,1.06687,1.0674,1.06663,1.06682,5653,215559
2023.02.10,18:00,1.0668,1.06767,1.06676,1.06713,3592,219155
2023.02.10,19:00,1.06713,1.06753,1.06681,1.06732,3979,223134
2023.02.10,20:00,1.06735,1.06808,1.06733,1.06789,3261,226395
2023.02.10,21:00,1.06789,1.06801,1.06754,1.06765,1759,224636
2023.02.12,22:00,1.06828,1.06828,1.06754,1.06771,2686,221946
2023.02.12,23:00,1.06775,1.06796,1.06713,1.06772,3748,218198
2023.02.13,00:00,1.06772,1.06787,1.0668,1.06725,3823,214375
2023.02.13,01:00,1.06729,1.06749,1.06554,1.0667,5767,208608
2023.02.13,02:00,1.06669,1.0671,1.06605,1.06675,3971,204637
2023.02.13,03:00,1.06674,1.06683,1.06607,1.06607,3150,201487
2023.02.13,04:00,1.06608,1.06691,1.06606,1.06672,2471,203962
2023.02.13,05:00,1.06671,1.06706,1.06631,1.06695,3256,207218
2023.02.13,06:00,1.06695,1.06792,1.06671,1.0674,4377,211595
2023.02.13,07:00,1.06738,1.06897,1.06724,1.06831,6429,218024
2023.02.13,08:00,1.0683,1.06855,1.06735,1.06744,7529,210491
2023.02.13,09:00,1.06744,1.06841,1.06631,1.06771,7127,217622
2023.02.13,10:00,1.0677,1.06849,1.06753,1.06802,5378,223000
2023.02.13,11:00,1.06808,1.06842,1.06731,1.06757,4680,218316
2023.02.13,12:00,1.06758,1.06966,1.06735,1.06907,6158,224478
2023.02.13,13:00,1.06904,1.06954,1.06761,1.06804,6941,217533
2023.02.13,14:00,1.06805,1.07068,1.06766,1.07049,9864,227401
2023.02.13,15:00,1.07052,1.07273,1.07019,1.07196,9796,237197
2023.02.13,16:00,1.07196,1.07233,1.07103,1.07168,7100,230093
2023.02.13,17:00,1.07163,1.07218,1.07157,1.07182,4540,234637
2023.02.13,18:00,1.07183,1.07299,1.07116,1.07277,4088,238725
2023.02.13,19:00,1.07278,1.0728,1.0716,1.07173,4319,234402
2023.02.13,20:00,1.07173,1.07237,1.07141,1.07228,3643,238049
2023.02.13,21:00,1.07227,1.07249,1.07207,1.07249,1708,239753
2023.02.13,22:00,1.07214,1.07248,1.07208,1.07241,456,240213
2023.02.13,23:00,1.07238,1.07324,1.07212,1.07308,2003,242216
2023.02.14,00:00,1.07308,1.07368,1.07298,1.07335,3247,245463
2023.02.14,01:00,1.07335,1.07343,1.07257,1.07287,4367,241092
2023.02.14,02:00,1.07287,1.07339,1.07254,1.0732,4341,245437
2023.02.14,03:00,1.07321,1.07359,1.07296,1.07344,2503,247940
2023.02.14,04:00,1.07344,1.07399,1.0732,1.0738,2304,250244
2023.02.14,05:00,1.07377,1.07398,1.07354,1.07384,2911,253155
2023.02.14,06:00,1.07382,1.07429,1.0734,1.07387,3888,257043
2023.02.14,07:00,1.07396,1.07464,1.07288,1.07319,7281,249758
2023.02.14,08:00,1.0732,1.07501,1.07288,1.07485,7667,257429
2023.02.14,09:00,1.07487,1.07668,1.07446,1.07611,7472,264901
2023.02.14,10:00,1.07611,1.07663,1.07486,1.07556,6508,258389
2023.02.14,11:00,1.07556,1.07652,1.07513,1.07553,5668,252721
2023.02.14,12:00,1.07552,1.07678,1.07488,1.0758,6754,259479
2023.02.14,13:00,1.07579,1.08043,1.0719,1.0761,19504,278983
2023.02.14,14:00,1.07607,1.07694,1.07086,1.07522,24555,254424
2023.02.14,15:00,1.07521,1.07717,1.07068,1.07158,18994,235430
2023.02.14,16:00,1.07157,1.07339,1.07124,1.07212,16761,252195
2023.02.14,17:00,1.07213,1.07305,1.07192,1.07278,10205,262400
2023.02.14,18:00,1.07277,1.07454,1.07271,1.07317,9639,272039
2023.02.14,19:00,1.07317,1.07409,1.07232,1.07394,8064,280103
2023.02.14,20:00,1.07387,1.07424,1.07322,1.07379,6095,274004
2023.02.14,21:00,1.07364,1.07391,1.07349,1.07358,2383,271621
2023.02.14,22:00,1.07368,1.07368,1.07332,1.07344,621,271000
2023.02.14,23:00,1.07344,1.07394,1.07336,1.07353,2661,268339
2023.02.15,00:00,1.07352,1.07401,1.07328,1.07379,3529,271872
2023.02.15,01:00,1.07379,1.07444,1.07358,1.07397,4217,276089
2023.02.15,02:00,1.07395,1.07397,1.07233,1.07247,4472,271613
2023.02.15,03:00,1.07247,1.07276,1.07171,1.0718,4149,267464
2023.02.15,04:00,1.0718,1.07207,1.07144,1.07182,3353,264111
2023.02.15,05:00,1.07181,1.07211,1.07136,1.0715,3228,260883
2023.02.15,06:00,1.07151,1.07199,1.07038,1.07072,4593,256290
2023.02.15,07:00,1.07074,1.07187,1.07,1.07081,9468,246822
2023.02.15,08:00,1.07083,1.07287,1.07046,1.07242,10192,257018
2023.02.15,09:00,1.07242,1.07299,1.07165,1.07257,7198,264216
2023.02.15,10:00,1.07258,1.0733,1.07155,1.07155,6112,258100
2023.02.15,11:00,1.07157,1.07242,1.07102,1.07111,5381,252719
2023.02.15,12:00,1.07109,1.07181,1.06969,1.06976,6635,246084
2023.02.15,13:00,1.06973,1.07059,1.0674,1.06828,15186,230898
2023.02.15,14:00,1.06829,1.0689,1.0666,1.06693,15209,215689
2023.02.15,15:00,1.06694,1.06845,1.06651,1.0676,12888,228581
2023.02.15,16:00,1.06758,1.06876,1.06672,1.06823,9084,237665
2023.02.15,17:00,1.06823,1.06824,1.06617,1.0667,7069,230592
2023.02.15,18:00,1.06675,1.0678,1.06604,1.06755,5968,236564
2023.02.15,19:00,1.06756,1.06863,1.06753,1.06809,4587,241151
2023.02.15,20:00,1.06812,1.06902,1.06798,1.06901,3922,245073
2023.02.15,21:00,1.06902,1.06913,1.06867,1.06867,2222,242851
2023.02.15,22:00,1.06886,1.06901,1.0685,1.06885,6139,248990
2023.02.15,23:00,1.06887,1.06924,1.06867,1.06913,2135,251125
2023.02.16,00:00,1.06914,1.06955,1.06843,1.06893,5095,246026
2023.02.16,01:00,1.06892,1.0708,1.06868,1.07047,5867,251897
2023.02.16,02:00,1.07044,1.07149,1.07025,1.07124,4499,256396
2023.02.16,03:00,1.07126,1.07126,1.07076,1.07094,3005,253387
2023.02.16,04:00,1.07094,1.07105,1.07068,1.07071,2306,251081
2023.02.16,05:00,1.07073,1.07087,1.07009,1.07053,2538,248543
2023.02.16,06:00,1.07054,1.07088,1.0696,1.06995,4046,244497
2023.02.16,07:00,1.06999,1.07103,1.06968,1.07092,6444,250945
2023.02.16,08:00,1.07088,1.07223,1.07006,1.07068,8304,242637
2023.02.16,09:00,1.07068,1.07128,1.0689,1.07006,7509,235128
2023.02.16,10:00,1.07004,1.07129,1.06997,1.07063,5432,240564
2023.02.16,11:00,1.07063,1.07067,1.06935,1.07051,5100,235460
2023.02.16,12:00,1.07052,1.07081,1.06917,1.06937,5448,230012
2023.02.16,13:00,1.06941,1.07085,1.06698,1.06792,15193,214819
2023.02.16,14:00,1.06791,1.06892,1.06595,1.06628,15233,199586
2023.02.16,15:00,1.06626,1.06825,1.06544,1.0673,13849,213439
2023.02.16,16:00,1.06731,1.06911,1.06683,1.06833,10581,224020
2023.02.16,17:00,1.06831,1.0696,1.06779,1.06928,7463,231483
2023.02.16,18:00,1.06927,1.0696,1.06833,1.06919,6531,238014
2023.02.16,19:00,1.06915,1.06974,1.06892,1.06904,4686,233324
2023.02.16,20:00,1.06902,1.0691,1.06692,1.06737,9921,223403
2023.02.16,21:00,1.06736,1.06755,1.06698,1.06726,2446,220957
2023.02.16,22:00,1.06719,1.06746,1.0668,1.06688,1237,219720
2023.02.16,23:00,1.06691,1.06699,1.06623,1.06655,2525,217195
2023.02.17,00:00,1.06653,1.06656,1.06549,1.06601,3770,213425
2023.02.17,01:00,1.06601,1.06656,1.06521,1.06535,4728,208697
2023.02.17,02:00,1.06535,1.06552,1.06487,1.06511,3933,204764
2023.02.17,03:00,1.0651,1.06558,1.06488,1.06527,2690,207458
2023.02.17,04:00,1.06523,1.06531,1.06327,1.06384,3509,203945
2023.02.17,05:00,1.06383,1.06406,1.06355,1.06384,3437,200508
2023.02.17,06:00,1.06384,1.06387,1.06318,1.06345,3873,196635
2023.02.17,07:00,1.06346,1.06462,1.06296,1.06441,7763,204402
2023.02.17,08:00,1.0644,1.06471,1.06306,1.06439,8640,213042
2023.02.17,09:00,1.06437,1.06614,1.06357,1.06369,7284,205754
2023.02.17,10:00,1.06368,1.06448,1.06324,1.06416,6296,212054
2023.02.17,11:00,1.06413,1.06421,1.06237,1.06256,6381,205669
2023.02.17,12:00,1.06256,1.06265,1.06127,1.062,7461,198208
2023.02.17,13:00,1.06201,1.06439,1.06201,1.06411,8540,206752
2023.02.17,14:00,1.06409,1.06556,1.06366,1.06403,10890,217642
2023.02.17,15:00,1.06405,1.0682,1.06403,1.06621,16266,233908
2023.02.17,16:00,1.06621,1.06797,1.06569,1.0677,10034,243942
2023.02.17,17:00,1.06769,1.06937,1.06769,1.06784,7860,251802
2023.02.17,18:00,1.06787,1.06907,1.06775,1.06854,4794,256596
2023.02.17,19:00,1.06856,1.06969,1.06854,1.06962,4935,261531
2023.02.17,20:00,1.06963,1.06983,1.06935,1.06944,5252,256275
2023.02.17,21:00,1.06946,1.06976,1.06926,1.06934,1872,254403
2023.02.19,22:00,1.06874,1.06934,1.06857,1.06914,2412,251991
2023.02.19,23:00,1.06918,1.06924,1.06824,1.06841,2747,249244
2023.02.20,00:00,1.06841,1.06856,1.0673,1.06789,3649,245595
2023.02.20,01:00,1.06789,1.06812,1.06735,1.0676,3685,241910
2023.02.20,02:00,1.06759,1.06866,1.06754,1.06837,3389,245303
2023.02.20,03:00,1.06838,1.06842,1.0679,1.06817,2725,242574
2023.02.20,04:00,1.06817,1.06912,1.06815,1.06866,3173,245751
2023.02.20,05:00,1.06866,1.06931,1.06837,1.06907,2879,248630
2023.02.20,06:00,1.06908,1.06937,1.06876,1.06906,4481,253111
2023.02.20,07:00,1.06906,1.07038,1.06875,1.07015,5134,258245
2023.02.20,08:00,1.07016,1.07045,1.06854,1.06927,6087,252154
2023.02.20,09:00,1.06928,1.06992,1.06791,1.06794,5774,246380
2023.02.20,10:00,1.06794,1.06889,1.06781,1.06881,4852,251236
2023.02.20,11:00,1.06881,1.06921,1.06829,1.06851,4679,246553
2023.02.20,12:00,1.06857,1.06862,1.06705,1.06712,4562,241991
2023.02.20,13:00,1.06711,1.06863,1.06702,1.06803,6311,248306
2023.02.20,14:00,1.06804,1.06914,1.06782,1.06887,5368,253674
2023.02.20,15:00,1.06886,1.06939,1.06837,1.06863,4972,248698
2023.02.20,16:00,1.06862,1.0689,1.06831,1.06884,3117,251819
2023.02.20,17:00,1.06884,1.06904,1.0684,1.06856,1880,249935
2023.02.20,18:00,1.06856,1.06868,1.06833,1.06833,536,249399
2023.02.20,19:00,1.06834,1.06874,1.06833,1.06873,652,250055
2023.02.20,20:00,1.06872,1.06873,1.06841,1.06843,2099,247952
2023.02.20,21:00,1.06843,1.06863,1.06824,1.06848,790,247162
2023.02.20,22:00,1.06844,1.06876,1.06834,1.06855,3649,243513
2023.02.20,23:00,1.0685,1.06884,1.06822,1.06822,1451,242062
2023.02.21,00:00,1.06823,1.0685,1.0677,1.0677,3172,238890
2023.02.21,01:00,1.06771,1.06778,1.06673,1.06736,4626,234264
2023.02.21,02:00,1.06736,1.06751,1.06634,1.06635,3794,230470
2023.02.21,03:00,1.06634,1.06667,1.06621,1.06666,3171,233645
2023.02.21,04:00,1.06667,1.06698,1.06628,1.06685,2125,235770
2023.02.21,05:00,1.06684,1.06739,1.06661,1.06736,3151,238921
2023.02.21,06:00,1.06736,1.06736,1.06671,1.06711,3859,235058
2023.02.21,07:00,1.06711,1.06723,1.06601,1.06697,5941,229117
2023.02.21,08:00,1.06697,1.06885,1.06595,1.06605,11545,217572
2023.02.21,09:00,1.06606,1.06752,1.06427,1.06631,12194,229770
2023.02.21,10:00,1.06632,1.06679,1.06457,1.06487,8232,221534
2023.02.21,11:00,1.06486,1.06609,1.06462,1.06573,6837,228375
2023.02.21,12:00,1.06573,1.06647,1.06472,1.06598,6983,235358
2023.02.21,13:00,1.06597,1.06695,1.06516,1.06531,9756,225598
2023.02.21,14:00,1.06528,1.06731,1.06439,1.06484,13743,211855
2023.02.21,15:00,1.06486,1.0698,1.06457,1.06854,15713,227572
2023.02.21,16:00,1.06856,1.06856,1.0656,1.06562,8664,218904
2023.02.21,17:00,1.06562,1.06628,1.06527,1.06607,6182,225090
2023.02.21,18:00,1.06607,1.06613,1.06375,1.06427,5109,219977
2023.02.21,19:00,1.06428,1.06524,1.06397,1.06484,4763,224744
2023.02.21,20:00,1.06485,1.06524,1.06452,1.06456,4612,220128
2023.02.21,21:00,1.06457,1.06486,1.06432,1.06457,1400,218732
2023.02.21,22:00,1.06479,1.06499,1.06446,1.06476,7768,226500
2023.02.21,23:00,1.06482,1.06535,1.06466,1.06513,2355,228855
2023.02.22,00:00,1.06512,1.06585,1.06486,1.06577,4995,233850
2023.02.22,01:00,1.06576,1.0664,1.06539,1.06575,5575,239425
2023.02.22,02:00,1.06574,1.06606,1.06537,1.06561,4701,234720
2023.02.22,03:00,1.0656,1.06626,1.06548,1.06596,2422,237146
2023.02.22,04:00,1.06597,1.06601,1.06565,1.06586,2127,239273
2023.02.22,05:00,1.06586,1.06589,1.06511,1.06575,2877,236392
2023.02.22,06:00,1.06575,1.06601,1.06552,1.06565,2811,233581
2023.02.22,07:00,1.06566,1.06634,1.06523,1.06536,5815,227766
2023.02.22,08:00,1.06534,1.06578,1.06428,1.06453,8821,218945
2023.02.22,09:00,1.06455,1.06506,1.06355,1.06373,9536,209409
2023.02.22,10:00,1.06375,1.06422,1.06246,1.0625,7780,201629
2023.02.22,11:00,1.06249,1.06361,1.06246,1.06302,6830,208463
2023.02.22,12:00,1.06305,1.06477,1.06254,1.06477,8396,216859
2023.02.22,13:00,1.06476,1.06503,1.0636,1.06462,8826,208029
2023.02.22,14:00,1.06462,1.06602,1.0641,1.06497,10819,218852
2023.02.22,15:00,1.06497,1.06575,1.0625,1.06269,13304,205544
2023.02.22,16:00,1.06268,1.06341,1.0617,1.06228,10449,195095
2023.02.22,17:00,1.06227,1.06345,1.06179,1.06283,5869,200968
2023.02.22,18:00,1.06281,1.06361,1.06222,1.06246,5746,195218
2023.02.22,19:00,1.06242,1.06341,1.05996,1.06011,15469,179749
2023.02.22,20:00,1.06011,1.06071,1.05991,1.06027,6644,186397
2023.02.22,21:00,1.06027,1.06054,1.06012,1.06048,1878,188275
2023.02.22,22:00,1.06056,1.06062,1.0603,1.06058,412,188687
2023.02.22,23:00,1.06061,1.06098,1.06033,1.06054,2183,190870
2023.02.23,00:00,1.06054,1.06121,1.06054,1.06118,2277,193147
2023.02.23,01:00,1.06117,1.06216,1.0611,1.06196,3574,196721
2023.02.23,02:00,1.06195,1.06248,1.06145,1.06229,2862,199583
2023.02.23,03:00,1.06229,1.06248,1.06212,1.06224,2681,202264
2023.02.23,04:00,1.06222,1.06244,1.06192,1.06244,1394,203658
2023.02.23,05:00,1.06244,1.06244,1.06152,1.06224,2512,201142
2023.02.23,06:00,1.06223,1.06279,1.06198,1.06225,3526,197616
2023.02.23,07:00,1.06222,1.06241,1.06105,1.06162,6663,190953
2023.02.23,08:00,1.06165,1.06176,1.0603,1.06058,8905,182048
2023.02.23,09:00,1.06058,1.06064,1.05873,1.05909,8087,173961
2023.02.23,10:00,1.0591,1.06015,1.05871,1.05979,6321,180286
2023.02.23,11:00,1.05979,1.06043,1.05857,1.06039,5566,185852
2023.02.23,12:00,1.06039,1.06191,1.0601,1.06139,6685,192537
2023.02.23,13:00,1.06137,1.0621,1.05941,1.06075,12797,179736
2023.02.23,14:00,1.06077,1.06167,1.05951,1.0607,13562,166174
2023.02.23,15:00,1.06073,1.06086,1.05875,1.05969,13082,153092
2023.02.23,16:00,1.05967,1.05981,1.05792,1.05822,9276,143816
2023.02.23,17:00,1.05824,1.05858,1.05769,1.05852,5961,149781
2023.02.23,18:00,1.05854,1.05934,1.05808,1.05881,6112,155893
2023.02.23,19:00,1.05881,1.06029,1.05869,1.05956,5898,161791
2023.02.23,20:00,1.05955,1.06031,1.05953,1.06029,3622,165413
2023.02.23,21:00,1.06031,1.06032,1.0594,1.05942,1746,163663
2023.02.23,22:00,1.05948,1.05975,1.0592,1.05948,1210,162457
2023.02.23,23:00,1.0596,1.06017,1.05952,1.05973,2002,164459
2023.02.24,00:00,1.05974,1.06071,1.0595,1.06071,5598,170057
2023.02.24,01:00,1.06069,1.06143,1.05934,1.06013,8447,161606
2023.02.24,02:00,1.06007,1.06063,1.05947,1.0597,5043,156563
2023.02.24,03:00,1.05969,1.06052,1.05969,1.06,3233,159800
2023.02.24,04:00,1.06001,1.06015,1.05958,1.06,2424,162224
2023.02.24,05:00,1.05999,1.06022,1.05971,1.05975,3157,159063
2023.02.24,06:00,1.05975,1.06022,1.05964,1.05984,3645,155418
2023.02.24,07:00,1.0598,1.0598,1.05883,1.05893,6598,148820
2023.02.24,08:00,1.05893,1.05959,1.05797,1.05889,9625,139195
2023.02.24,09:00,1.05888,1.05928,1.05843,1.05857,6367,132828
2023.02.24,10:00,1.05862,1.0596,1.05823,1.05866,5406,127422
2023.02.24,11:00,1.05866,1.05903,1.05733,1.05798,6434,120988
2023.02.24,12:00,1.05797,1.05798,1.05641,1.05665,7206,113782
2023.02.24,13:00,1.05663,1.05758,1.05429,1.05538,16231,97551
2023.02.24,14:00,1.05537,1.05606,1.05361,1.05476,17101,80450
2023.02.24,15:00,1.05478,1.05596,1.05401,1.05421,17351,63099
2023.02.24,16:00,1.05423,1.05597,1.05402,1.05437,9832,72935
2023.02.24,17:00,1.05438,1.05588,1.0543,1.05471,6400,79335
2023.02.24,18:00,1.05471,1.05551,1.05439,1.05452,5546,73785
2023.02.24,19:00,1.05456,1.05544,1.0544,1.05507,5019,78808
2023.02.24,20:00,1.05505,1.05555,1.05463,1.05469,4945,73859
2023.02.24,21:00,1.05468,1.05486,1.05439,1.05457,1614,72249
2023.02.26,22:00,1.05468,1.05482,1.05456,1.05468,516,72765
2023.02.26,23:00,1.05462,1.05553,1.0546,1.05533,2665,75430
2023.02.27,00:00,1.05533,1.05556,1.05451,1.05546,5199,80629
2023.02.27,01:00,1.05543,1.05594,1.05522,1.05592,4487,85116
2023.02.27,02:00,1.05592,1.05598,1.05522,1.05531,3324,81788
2023.02.27,03:00,1.05533,1.05549,1.05399,1.05442,3579,78209
2023.02.27,04:00,1.05441,1.05493,1.05435,1.05489,2383,80596
2023.02.27,05:00,1.05488,1.05505,1.05387,1.05393,3495,77097
2023.02.27,06:00,1.05394,1.0548,1.05329,1.05377,4758,72339
2023.02.27,07:00,1.05376,1.05527,1.05351,1.05479,7195,79538
2023.02.27,08:00,1.0548,1.05612,1.0548,1.05526,8948,88486
2023.02.27,09:00,1.05524,1.05587,1.05489,1.05511,6601,81881
2023.02.27,10:00,1.05512,1.05679,1.05486,1.05675,5832,87717
2023.02.27,11:00,1.05675,1.05692,1.05588,1.05622,5249,82464
2023.02.27,12:00,1.05623,1.05663,1.05554,1.05585,5287,77177
2023.02.27,13:00,1.05582,1.05833,1.05504,1.05828,10208,87389
2023.02.27,14:00,1.05828,1.05939,1.05757,1.05898,10703,98092
2023.02.27,15:00,1.05897,1.06197,1.05871,1.06011,12169,110261
2023.02.27,16:00,1.06011,1.06041,1.05797,1.05953,7444,102813
2023.02.27,17:00,1.05953,1.0602,1.05861,1.06012,5322,108139
2023.02.27,18:00,1.06012,1.06076,1.05987,1.06068,4182,112321
2023.02.27,19:00,1.06068,1.06128,1.06062,1.06074,4469,116790
2023.02.27,20:00,1.06075,1.06095,1.06043,1.06083,4752,121542
2023.02.27,21:00,1.0608,1.06102,1.06066,1.06088,1282,122820
2023.02.27,22:00,1.06074,1.06098,1.06026,1.0606,2800,120020
2023.02.27,23:00,1.06064,1.06105,1.06062,1.06095,2206,122230
2023.02.28,00:00,1.06097,1.0615,1.06058,1.06096,3279,125509
2023.02.28,01:00,1.06095,1.06102,1.05861,1.05865,4228,121277
2023.02.28,02:00,1.05867,1.05987,1.05856,1.05953,3498,124779
2023.02.28,03:00,1.05954,1.05965,1.05911,1.05926,2436,122339
2023.02.28,04:00,1.05925,1.05927,1.05871,1.05901,2220,120119
2023.02.28,05:00,1.05901,1.05907,1.05819,1.05845,3546,116573
2023.02.28,06:00,1.05845,1.05926,1.05819,1.05871,3907,120484
2023.02.28,07:00,1.05872,1.05967,1.05819,1.05933,6924,127408
2023.02.28,08:00,1.05941,1.062,1.05941,1.06157,10145,137553
2023.02.28,09:00,1.06159,1.06256,1.06038,1.06059,8237,129312
2023.02.28,10:00,1.06058,1.06172,1.06056,1.06161,6261,135577
2023.02.28,11:00,1.06162,1.06186,1.06071,1.06091,5635,129938
2023.02.28,12:00,1.06091,1.06194,1.06059,1.06177,5606,135548
2023.02.28,13:00,1.06175,1.06319,1.06136,1.06313,8268,143816
2023.02.28,14:00,1.06312,1.06408,1.06141,1.0634,10186,154002
2023.02.28,15:00,1.0634,1.06453,1.06016,1.06052,15769,138229
2023.02.28,16:00,1.06053,1.06171,1.06002,1.06007,9762,128467
2023.02.28,17:00,1.06006,1.06098,1.05951,1.06055,6031,134502
2023.02.28,18:00,1.06054,1.06067,1.05881,1.05914,4926,129572
2023.02.28,19:00,1.05913,1.05958,1.05825,1.05839,4341,125231
2023.02.28,20:00,1.05837,1.05839,1.05765,1.05765,3783,121448
2023.02.28,21:00,1.05762,1.05787,1.05739,1.05756,2423,119025
2023.02.28,22:00,1.05762,1.05793,1.05756,1.0579,6708,125737
2023.02.28,23:00,1.05796,1.05804,1.05751,1.05768,2735,122998
2023.03.01,00:00,1.05769,1.05771,1.05652,1.05683,5421,117577
2023.03.01,01:00,1.05684,1.05851,1.05672,1.05845,6617,124198
2023.03.01,02:00,1.05846,1.05865,1.05814,1.05834,3226,120968
2023.03.01,03:00,1.05835,1.05955,1.0582,1.05934,3106,124078
2023.03.01,04:00,1.05933,1.05943,1.05881,1.05893,2972,121102
2023.03.01,05:00,1.05891,1.05954,1.0589,1.05909,3541,124647
2023.03.01,06:00,1.05908,1.06147,1.05893,1.06071,5552,130199
2023.03.01,07:00,1.06072,1.06449,1.06043,1.06414,9598,139797
2023.03.01,08:00,1.06415,1.06489,1.06257,1.06482,11441,151238
2023.03.01,09:00,1.0648,1.0657,1.06377,1.06423,8500,142734
2023.03.01,10:00,1.06419,1.06693,1.06399,1.0668,9923,152661
2023.03.01,11:00,1.06681,1.0674,1.06549,1.06698,8109,160770
2023.03.01,12:00,1.06699,1.06872,1.06635,1.06866,7353,168123
2023.03.01,13:00,1.06865,1.06914,1.06691,1.06712,9742,158377
2023.03.01,14:00,1.06708,1.06796,1.06651,1.06662,11508,146869
2023.03.01,15:00,1.06659,1.06788,1.06434,1.06722,17571,164444
2023.03.01,16:00,1.06722,1.06784,1.06592,1.06733,11027,175471
2023.03.01,17:00,1.06733,1.06782,1.06643,1.06652,7498,167969
2023.03.01,18:00,1.06651,1.06652,1.065,1.06519,4557,163412
2023.03.01,19:00,1.06519,1.06589,1.06464,1.06571,4871,168287
2023.03.01,20:00,1.06576,1.0666,1.06562,1.06648,4987,173274
2023.03.01,21:00,1.06647,1.06712,1.06647,1.06688,2051,175325
2023.03.01,22:00,1.06681,1.06693,1.06658,1.06683,1184,176509
2023.03.01,23:00,1.06686,1.06725,1.0666,1.06686,1878,178387
2023.03.02,00:00,1.06687,1.06727,1.06585,1.06602,3602,174781
2023.03.02,01:00,1.06602,1.06619,1.06467,1.06514,6075,168706
2023.03.02,02:00,1.06515,1.06569,1.06488,1.06557,4392,173102
2023.03.02,03:00,1.06558,1.06558,1.06446,1.06457,3420,169678
2023.03.02,04:00,1.0646,1.06506,1.06454,1.0648,2083,171765
2023.03.02,05:00,1.0648,1.06485,1.06372,1.06412,3261,168500
2023.03.02,06:00,1.06414,1.06436,1.06354,1.06393,4372,164128
2023.03.02,07:00,1.06395,1.06447,1.06322,1.06363,7183,156945
2023.03.02,08:00,1.06365,1.06389,1.0626,1.06387,9964,166913
2023.03.02,09:00,1.06386,1.06429,1.06191,1.06242,8251,158658
2023.03.02,10:00,1.06241,1.06314,1.06129,1.06139,8797,149861
2023.03.02,11:00,1.06138,1.06305,1.06136,1.06249,6843,156708
2023.03.02,12:00,1.06251,1.06311,1.06046,1.06059,7789,148915
2023.03.02,13:00,1.06059,1.06098,1.0582,1.0586,12616,136299
2023.03.02,14:00,1.05861,1.06074,1.05856,1.05994,13432,149735
2023.03.02,15:00,1.05994,1.06146,1.05935,1.06085,12715,162450
2023.03.02,16:00,1.06086,1.06128,1.05923,1.05939,7943,154503
2023.03.02,17:00,1.05943,1.05951,1.05766,1.05798,5980,148523
2023.03.02,18:00,1.05799,1.05941,1.05765,1.0593,6009,154536
2023.03.02,19:00,1.05935,1.05995,1.05889,1.05903,6164,148368
2023.03.02,20:00,1.05902,1.06065,1.05859,1.06003,5542,153914
2023.03.02,21:00,1.06004,1.06004,1.05959,1.05971,2118,151796
2023.03.02,22:00,1.05986,1.05986,1.0595,1.05973,772,151020
2023.03.02,23:00,1.05982,1.06009,1.05966,1.05984,2012,153036
2023.03.03,00:00,1.05983,1.06117,1.05967,1.06108,3034,156070
2023.03.03,01:00,1.06107,1.06143,1.06051,1.06084,5385,150681
2023.03.03,02:00,1.06084,1.06149,1.06019,1.06025,4658,146023
2023.03.03,03:00,1.06024,1.06075,1.0602,1.06062,2994,149021
2023.03.03,04:00,1.06061,1.06098,1.06052,1.06086,1892,150913
2023.03.03,05:00,1.06087,1.06132,1.06081,1.0609,2500,153413
2023.03.03,06:00,1.06091,1.0623,1.06089,1.06212,4223,157636
2023.03.03,07:00,1.06213,1.0623,1.06092,1.06098,6343,151289
2023.03.03,08:00,1.06099,1.0629,1.06099,1.06212,8386,159679
2023.03.03,09:00,1.06211,1.06212,1.06072,1.06099,8165,151510
2023.03.03,10:00,1.06098,1.06233,1.06004,1.06167,7151,158665
2023.03.03,11:00,1.06166,1.06181,1.06098,1.06146,5345,153316
2023.03.03,12:00,1.06145,1.06186,1.06031,1.06126,5602,147714
2023.03.03,13:00,1.06126,1.06296,1.06106,1.06224,8129,155847
2023.03.03,14:00,1.06225,1.06296,1.06114,1.06136,10419,145424
2023.03.03,15:00,1.06135,1.06178,1.05884,1.05977,15788,129636
2023.03.03,16:00,1.05981,1.06172,1.05926,1.06163,8246,137886
2023.03.03,17:00,1.0616,1.06252,1.06118,1.06248,6463,144349
2023.03.03,18:00,1.06248,1.06274,1.062,1.06244,3944,148293
2023.03.03,19:00,1.06242,1.06357,1.06232,1.06346,4704,152997
2023.03.03,20:00,1.06346,1.06386,1.06304,1.06351,4630,157627
2023.03.03,21:00,1.06349,1.06351,1.06303,1.0634,1788,155835
2023.03.05,22:00,1.06268,1.06281,1.06232,1.06272,3592,152243
2023.03.05,23:00,1.06274,1.06286,1.06231,1.06257,3031,149212
2023.03.06,00:00,1.06256,1.06366,1.06254,1.06268,3408,152624
2023.03.06,01:00,1.06273,1.06382,1.06241,1.06363,4429,157053
2023.03.06,02:00,1.06363,1.06501,1.06281,1.06451,4544,161597
2023.03.06,03:00,1.06452,1.06491,1.06436,1.06457,3606,165203
2023.03.06,04:00,1.06457,1.06468,1.06412,1.06428,2342,162857
2023.03.06,05:00,1.06431,1.0649,1.0641,1.06484,2734,165595
2023.03.06,06:00,1.06486,1.06522,1.06372,1.06433,3830,161761
2023.03.06,07:00,1.06438,1.06568,1.06426,1.06483,6637,168402
2023.03.06,08:00,1.06479,1.06573,1.06417,1.06417,8373,160025
2023.03.06,09:00,1.06419,1.06468,1.0628,1.06292,6740,153285
2023.03.06,10:00,1.06292,1.06379,1.06253,1.06282,5684,147601
2023.03.06,11:00,1.06281,1.06477,1.06221,1.06394,7822,155427
2023.03.06,12:00,1.06393,1.0643,1.06322,1.06416,5888,161315
2023.03.06,13:00,1.06415,1.06582,1.06401,1.06545,7920,169235
2023.03.06,14:00,1.06541,1.06736,1.06502,1.06687,10754,179989
2023.03.06,15:00,1.06689,1.069,1.06615,1.06786,11576,191565
2023.03.06,16:00,1.06787,1.06941,1.06754,1.06936,7264,198829
2023.03.06,17:00,1.06936,1.06944,1.06801,1.06851,4714,194111
2023.03.06,18:00,1.0685,1.0686,1.06716,1.06737,4188,189923
2023.03.06,19:00,1.06737,1.06772,1.06683,1.06756,4073,194000
2023.03.06,20:00,1.06754,1.06783,1.06719,1.06772,4598,198598
2023.03.06,21:00,1.06774,1.06837,1.0676,1.06827,1651,200245
2023.03.06,22:00,1.06761,1.06823,1.06756,1.06818,2613,202862
2023.03.06,23:00,1.06818,1.06867,1.06797,1.06855,1636,204498
2023.03.07,00:00,1.06855,1.06864,1.06775,1.0679,2598,201896
2023.03.07,01:00,1.06791,1.06888,1.06764,1.06865,3868,205768
2023.03.07,02:00,1.06864,1.06926,1.06844,1.06877,3561,209329
2023.03.07,03:00,1.06876,1.06919,1.06845,1.0691,4241,213570
2023.03.07,04:00,1.0691,1.06932,1.06883,1.06905,2520,216090
2023.03.07,05:00,1.06903,1.06905,1.06815,1.06852,2980,213106
2023.03.07,06:00,1.06843,1.06868,1.06759,1.06761,4109,208997
2023.03.07,07:00,1.06764,1.06944,1.06745,1.06857,7491,216492
2023.03.07,08:00,1.06855,1.06864,1.06699,1.06737,8887,207601
2023.03.07,09:00,1.06733,1.06733,1.06556,1.06568,8442,199159
2023.03.07,10:00,1.06568,1.06664,1.06542,1.06607,5923,205086
2023.03.07,11:00,1.06606,1.06688,1.06555,1.06565,5877,199205
2023.03.07,12:00,1.06568,1.06714,1.06499,1.06695,5987,205196
2023.03.07,13:00,1.06695,1.0672,1.06527,1.06563,8006,197186
2023.03.07,14:00,1.06563,1.06611,1.06403,1.06478,10112,187074
2023.03.07,15:00,1.06478,1.06479,1.05739,1.05855,23417,163657
2023.03.07,16:00,1.05854,1.0596,1.05702,1.05726,14861,148796
2023.03.07,17:00,1.05726,1.0588,1.05657,1.05672,12022,136774
2023.03.07,18:00,1.05675,1.05739,1.0552,1.05559,8567,128207
2023.03.07,19:00,1.05556,1.05599,1.05461,1.05515,5862,122345
2023.03.07,20:00,1.05514,1.05573,1.05497,1.05507,5284,117061
2023.03.07,21:00,1.05508,1.05525,1.05473,1.05491,1678,115383
2023.03.07,22:00,1.05488,1.05528,1.05469,1.05498,267,115116
2023.03.07,23:00,1.05498,1.05513,1.05479,1.05483,2193,112923
2023.03.08,00:00,1.05482,1.05506,1.05421,1.05503,4057,116984
2023.03.08,01:00,1.05503,1.05507,1.05436,1.05449,4338,112642
2023.03.08,02:00,1.0545,1.0547,1.0532,1.05324,3785,108857
2023.03.08,03:00,1.05323,1.05372,1.05276,1.05294,3406,105451
2023.03.08,04:00,1.05295,1.05365,1.05295,1.05349,3134,108589
2023.03.08,05:00,1.05349,1.05354,1.05244,1.0531,3190,105395
2023.03.08,06:00,1.0531,1.05399,1.05304,1.05397,3519,108918
2023.03.08,07:00,1.05391,1.0547,1.05334,1.05435,6177,115095
2023.03.08,08:00,1.05435,1.0548,1.0535,1.05368,7056,108035
2023.03.08,09:00,1.05366,1.05487,1.05348,1.05355,6635,101400
2023.03.08,10:00,1.05354,1.05462,1.05341,1.05393,5342,106746
2023.03.08,11:00,1.05394,1.05449,1.05341,1.05377,4407,102335
2023.03.08,12:00,1.05374,1.05491,1.05368,1.05466,4011,106350
2023.03.08,13:00,1.05467,1.05491,1.05368,1.05412,10131,96215
2023.03.08,14:00,1.05412,1.05618,1.05412,1.05562,10347,106566
2023.03.08,15:00,1.0556,1.05738,1.0529,1.05526,19175,87387
2023.03.08,16:00,1.05526,1.05677,1.05456,1.05475,9336,78051
2023.03.08,17:00,1.05474,1.05521,1.05422,1.05451,6020,72031
2023.03.08,18:00,1.05451,1.05498,1.05397,1.05426,6552,65479
2023.03.08,19:00,1.05425,1.05506,1.05412,1.05458,4654,70137
2023.03.08,20:00,1.05457,1.055,1.05412,1.05475,3338,73475
2023.03.08,21:00,1.05473,1.05476,1.05424,1.05439,1593,71878
2023.03.08,22:00,1.05428,1.05448,1.05374,1.05432,1538,70340
2023.03.08,23:00,1.05432,1.05497,1.05428,1.05489,1302,71646
2023.03.09,00:00,1.05489,1.05533,1.05444,1.05468,3415,68227
2023.03.09,01:00,1.05467,1.05487,1.05379,1.05405,3779,64448
2023.03.09,02:00,1.05406,1.05485,1.05393,1.05453,2639,67091
2023.03.09,03:00,1.05454,1.0551,1.05433,1.05493,1985,69076
2023.03.09,04:00,1.05494,1.05535,1.05459,1.05518,1679,70755
2023.03.09,05:00,1.05517,1.05555,1.05497,1.05523,2573,73328
2023.03.09,06:00,1.05524,1.05547,1.05483,1.05518,2959,76287
2023.03.09,07:00,1.0551,1.05597,1.05493,1.05562,4690,80977
2023.03.09,08:00,1.05565,1.05634,1.05482,1.05573,6297,87274
2023.03.09,09:00,1.05575,1.05696,1.05503,1.05585,5535,92809
2023.03.09,10:00,1.05585,1.05687,1.05533,1.05662,5378,98187
2023.03.09,11:00,1.05661,1.05814,1.05661,1.0571,5839,104026
2023.03.09,12:00,1.0571,1.05719,1.05537,1.05592,4998,99024
2023.03.09,13:00,1.05593,1.05777,1.05524,1.05743,11157,110185
2023.03.09,14:00,1.05741,1.05863,1.05664,1.05752,11607,121792
2023.03.09,15:00,1.05752,1.05856,1.05667,1.05684,10319,111469
2023.03.09,16:00,1.05684,1.05836,1.05636,1.05758,7607,119080
2023.03.09,17:00,1.05758,1.05794,1.05694,1.05771,5979,125059
2023.03.09,18:00,1.05763,1.05903,1.05729,1.05897,7605,132664
2023.03.09,19:00,1.05894,1.05912,1.05755,1.05756,6474,126186
2023.03.09,20:00,1.05756,1.05829,1.05725,1.05791,8628,134818
2023.03.09,21:00,1.0579,1.05823,1.05751,1.05822,2801,137615
2023.03.09,22:00,1.05782,1.05849,1.05766,1.05811,1361,136254
2023.03.09,23:00,1.05809,1.05856,1.05784,1.05856,2312,138570
2023.03.10,00:00,1.05856,1.05994,1.05854,1.05987,4765,143335
2023.03.10,01:00,1.05986,1.05992,1.05892,1.05945,4735,138596
2023.03.10,02:00,1.05945,1.05959,1.05792,1.05895,8931,129665
2023.03.10,03:00,1.05895,1.05982,1.05855,1.05968,4306,133975
2023.03.10,04:00,1.05968,1.05984,1.05932,1.05946,3955,130016
2023.03.10,05:00,1.05945,1.05951,1.05857,1.05865,4059,125957
2023.03.10,06:00,1.05866,1.05909,1.05811,1.05834,4510,121447
2023.03.10,07:00,1.05838,1.06067,1.05838,1.05947,9444,130895
2023.03.10,08:00,1.05948,1.0599,1.05739,1.05915,10478,120413
2023.03.10,09:00,1.0591,1.05987,1.05798,1.05813,8693,111720
2023.03.10,10:00,1.05812,1.06038,1.05777,1.05877,7638,119362
2023.03.10,11:00,1.05877,1.06021,1.05866,1.05895,6663,126025
2023.03.10,12:00,1.05896,1.05985,1.05807,1.05943,7803,133828
2023.03.10,13:00,1.05942,1.06441,1.05817,1.06217,19234,153062
2023.03.10,14:00,1.06216,1.06744,1.0612,1.06664,23231,176293
2023.03.10,15:00,1.06668,1.07007,1.06668,1.06873,20054,196347
2023.03.10,16:00,1.06874,1.06874,1.06552,1.06585,16780,179563
2023.03.10,17:00,1.0659,1.06739,1.06555,1.06685,11841,191408
2023.03.10,18:00,1.06681,1.06727,1.06396,1.0643,9830,181574
2023.03.10,19:00,1.0643,1.06518,1.0636,1.06435,12101,169473
2023.03.10,20:00,1.06435,1.0648,1.06365,1.06372,9888,159585
2023.03.10,21:00,1.06372,1.06416,1.06366,1.06395,2711,162300
2023.03.12,21:00,1.06809,1.06965,1.06749,1.06937,720,163016
2023.03.12,22:00,1.06913,1.0703,1.06769,1.06912,3841,159175
2023.03.12,23:00,1.06909,1.07024,1.06777,1.0681,11350,147825
2023.03.13,00:00,1.0682,1.06981,1.06762,1.06818,11105,136720
2023.03.13,01:00,1.06817,1.06872,1.0664,1.06685,8272,128448
2023.03.13,02:00,1.06684,1.07313,1.06681,1.07302,11825,140277
2023.03.13,03:00,1.07299,1.07369,1.07165,1.0717,9020,131253
2023.03.13,04:00,1.07175,1.07257,1.07163,1.07178,5154,126099
2023.03.13,05:00,1.07177,1.07264,1.0717,1.07201,5178,131281
2023.03.13,06:00,1.07199,1.07296,1.07131,1.07214,6839,138120
2023.03.13,07:00,1.07213,1.07372,1.07158,1.07252,11138,149258
2023.03.13,08:00,1.07252,1.07289,1.0704,1.07075,12718,136536
2023.03.13,09:00,1.07074,1.07074,1.06624,1.06708,20369,116167
2023.03.13,10:00,1.06704,1.06809,1.06602,1.06741,16587,132758
2023.03.13,11:00,1.0674,1.06766,1.06574,1.06641,15495,117259
2023.03.13,12:00,1.06641,1.06978,1.06502,1.06965,23552,140815
2023.03.13,13:00,1.06963,1.07212,1.06854,1.06994,19077,159892
2023.03.13,14:00,1.06991,1.07279,1.06965,1.07226,18968,178860
2023.03.13,15:00,1.07227,1.07335,1.07116,1.07332,17265,196125
2023.03.13,16:00,1.07328,1.07424,1.07229,1.07397,15896,212021
2023.03.13,17:00,1.07395,1.07486,1.0733,1.07382,10295,201722
2023.03.13,18:00,1.07384,1.07426,1.07292,1.0734,10828,190894
2023.03.13,19:00,1.07339,1.07348,1.0721,1.07296,13074,177820
2023.03.13,20:00,1.07295,1.07332,1.07259,1.07315,3867,181687
2023.03.13,21:00,1.07266,1.07304,1.07264,1.07266,485,181202
2023.03.13,22:00,1.07262,1.07305,1.07251,1.0727,4370,176832
2023.03.13,23:00,1.0727,1.07291,1.07223,1.07228,2872,173960
2023.03.14,00:00,1.07234,1.0724,1.07115,1.07189,5954,168006
2023.03.14,01:00,1.07191,1.07211,1.07051,1.07084,7203,160803
2023.03.14,02:00,1.07082,1.07128,1.06988,1.07007,6272,154531
2023.03.14,03:00,1.07008,1.07071,1.06994,1.07027,5019,159554
2023.03.14,04:00,1.07028,1.0707,1.06981,1.07026,3723,163277
2023.03.14,05:00,1.07025,1.07081,1.0697,1.07075,3897,167174
2023.03.14,06:00,1.07075,1.07155,1.06932,1.06973,10388,156782
2023.03.14,07:00,1.06972,1.07019,1.06788,1.06898,12967,143815
2023.03.14,08:00,1.06893,1.07071,1.06829,1.07062,14240,158059
2023.03.14,09:00,1.07063,1.07134,1.06912,1.07111,11720,169779
2023.03.14,10:00,1.0711,1.07209,1.07004,1.07203,8991,178770
2023.03.14,11:00,1.07202,1.07282,1.07125,1.07216,8886,187656
2023.03.14,12:00,1.07219,1.07487,1.06989,1.07355,21736,209392
2023.03.14,13:00,1.07354,1.07435,1.0698,1.07082,19761,189627
2023.03.14,14:00,1.07087,1.07296,1.07052,1.07178,14733,204364
2023.03.14,15:00,1.0718,1.07316,1.07141,1.07212,10629,214993
2023.03.14,16:00,1.07212,1.07257,1.07105,1.07172,9945,205044
2023.03.14,17:00,1.07173,1.0743,1.07171,1.07329,13146,218194
2023.03.14,18:00,1.07332,1.07496,1.0732,1.07417,9978,228172
2023.03.14,19:00,1.07416,1.07433,1.0734,1.07415,8480,236652
2023.03.14,20:00,1.07418,1.07423,1.07321,1.07332,2583,234065
2023.03.14,21:00,1.07325,1.0733,1.07285,1.0732,135,233930
2023.03.14,22:00,1.0732,1.07354,1.07303,1.07322,1928,232002
2023.03.14,23:00,1.07322,1.0734,1.07254,1.07271,1505,230497
2023.03.15,00:00,1.07268,1.07366,1.07251,1.07338,5002,235503
2023.03.15,01:00,1.07338,1.07394,1.07311,1.07382,4605,240108
2023.03.15,02:00,1.07382,1.07597,1.07376,1.07561,5888,245996
2023.03.15,03:00,1.07561,1.07573,1.07495,1.0751,3587,242405
2023.03.15,04:00,1.0751,1.07539,1.07429,1.07448,3012,239393
2023.03.15,05:00,1.07449,1.07461,1.07359,1.07382,4379,235014
2023.03.15,06:00,1.07382,1.07414,1.07308,1.07341,5449,229565
2023.03.15,07:00,1.07341,1.07446,1.07276,1.07374,9827,239396
2023.03.15,08:00,1.07375,1.07436,1.07267,1.07314,9387,230005
2023.03.15,09:00,1.07313,1.07328,1.06657,1.0678,14088,215917
2023.03.15,10:00,1.06782,1.06843,1.06197,1.06269,16704,199213
2023.03.15,11:00,1.0627,1.06295,1.05804,1.05874,16547,182666
2023.03.15,12:00,1.05874,1.05943,1.05525,1.0557,19610,163056
2023.03.15,13:00,1.05565,1.05585,1.05222,1.05452,21014,142042
2023.03.15,14:00,1.05452,1.05647,1.05293,1.05472,19550,161596
2023.03.15,15:00,1.05476,1.05504,1.0516,1.0534,14920,146672
2023.03.15,16:00,1.05337,1.05503,1.05276,1.05422,12471,159147
2023.03.15,17:00,1.05423,1.05628,1.0542,1.05567,13833,172980
2023.03.15,18:00,1.05566,1.05899,1.05471,1.05856,16085,189065
2023.03.15,19:00,1.05855,1.05924,1.05745,1.05803,16395,172666
2023.03.15,20:00,1.05804,1.05832,1.05741,1.05757,4205,168461
2023.03.15,21:00,1.05765,1.05777,1.05736,1.05745,164,168301
2023.03.15,22:00,1.05756,1.05818,1.05744,1.05785,4135,172436
2023.03.15,23:00,1.05784,1.05888,1.0578,1.05817,3805,176241
2023.03.16,00:00,1.05818,1.0598,1.05729,1.05896,9836,186077
2023.03.16,01:00,1.05895,1.05989,1.05861,1.05937,10076,196153
2023.03.16,02:00,1.05939,1.05968,1.05872,1.05923,7575,188574
2023.03.16,03:00,1.05924,1.05987,1.05898,1.05986,5230,193808
2023.03.16,04:00,1.05986,1.06032,1.05975,1.06026,4583,198391
2023.03.16,05:00,1.06025,1.06154,1.05983,1.06072,5577,203968
2023.03.16,06:00,1.06072,1.06082,1.05994,1.06054,5659,198305
2023.03.16,07:00,1.06054,1.06283,1.05927,1.0625,11870,210179
2023.03.16,08:00,1.06256,1.06355,1.06122,1.06124,14421,195754
2023.03.16,09:00,1.06121,1.06201,1.06046,1.06176,11163,206921
2023.03.16,10:00,1.06177,1.0621,1.06001,1.0616,8026,198891
2023.03.16,11:00,1.0616,1.06167,1.06044,1.0613,8446,190445
2023.03.16,12:00,1.06132,1.06204,1.05757,1.05879,15287,175158
2023.03.16,13:00,1.05878,1.0621,1.05507,1.06065,22636,197798
2023.03.16,14:00,1.06064,1.06081,1.05729,1.06002,20570,177224
2023.03.16,15:00,1.06005,1.06265,1.05861,1.06213,18900,196128
2023.03.16,16:00,1.06214,1.06252,1.06073,1.06186,13410,182714
2023.03.16,17:00,1.06187,1.06206,1.05916,1.05921,11204,171510
2023.03.16,18:00,1.05922,1.06203,1.05916,1.06122,8241,179755
2023.03.16,19:00,1.06121,1.06193,1.0611,1.06147,7053,186808
2023.03.16,20:00,1.06147,1.0617,1.06104,1.06136,2836,183968
2023.03.16,21:00,1.06069,1.06142,1.06062,1.06127,751,183217
2023.03.16,22:00,1.0612,1.06154,1.06087,1.06124,3942,179275
2023.03.16,23:00,1.06125,1.06173,1.06119,1.06135,3061,182340
2023.03.17,00:00,1.06136,1.06204,1.06115,1.06182,4850,187190
2023.03.17,01:00,1.06184,1.06319,1.06142,1.0626,5933,193123
2023.03.17,02:00,1.06259,1.06388,1.06257,1.06337,5194,198317
2023.03.17,03:00,1.06337,1.06448,1.06315,1.06401,4820,203137
2023.03.17,04:00,1.06401,1.06492,1.06388,1.06491,3966,207103
2023.03.17,05:00,1.06493,1.06504,1.06443,1.06486,4148,211251
2023.03.17,06:00,1.06485,1.06627,1.06444,1.06625,4838,216089
2023.03.17,07:00,1.06624,1.06692,1.0658,1.06625,9379,225468
2023.03.17,08:00,1.06626,1.06699,1.06514,1.06522,11285,214179
2023.03.17,09:00,1.06524,1.06598,1.06401,1.06468,7948,206231
2023.03.17,10:00,1.06468,1.06468,1.06252,1.06333,7789,198442
2023.03.17,11:00,1.06332,1.06401,1.06155,1.06296,9493,188949
2023.03.17,12:00,1.06297,1.06334,1.0612,1.06259,10997,177952
2023.03.17,13:00,1.06263,1.06341,1.06171,1.06257,12772,165184
2023.03.17,14:00,1.06328,1.06442,1.06248,1.06335,14980,180164
2023.03.17,15:00,1.06333,1.0648,1.06298,1.06463,11668,191832
2023.03.17,16:00,1.06462,1.06757,1.06422,1.06673,9448,201280
2023.03.17,17:00,1.06674,1.06749,1.06634,1.06729,7326,208606
2023.03.17,18:00,1.06729,1.06852,1.06666,1.06806,7707,216313
2023.03.17,19:00,1.06807,1.06829,1.06609,1.06612,5993,210316
2023.03.17,20:00,1.06613,1.06654,1.06585,1.06642,3293,213613
2023.03.19,21:00,1.06807,1.06875,1.068,1.06835,188,213797
2023.03.19,22:00,1.06798,1.06889,1.06661,1.06699,5793,208004
2023.03.19,23:00,1.067,1.06825,1.06678,1.06805,4394,212402
2023.03.20,00:00,1.06805,1.06884,1.06787,1.06808,6273,218675
2023.03.20,01:00,1.06808,1.06899,1.06692,1.06751,7431,211240
2023.03.20,02:00,1.0675,1.06845,1.0674,1.06794,4786,216030
2023.03.20,03:00,1.06795,1.06795,1.06647,1.06691,5156,210870
2023.03.20,04:00,1.06692,1.06743,1.06656,1.06697,3938,206932
2023.03.20,05:00,1.06694,1.06808,1.06682,1.06793,4078,211014
2023.03.20,06:00,1.06795,1.0681,1.06587,1.0661,11024,199986
2023.03.20,07:00,1.06611,1.06708,1.06418,1.06554,15745,184241
2023.03.20,08:00,1.06554,1.06684,1.06314,1.06612,16340,200585
2023.03.20,09:00,1.06613,1.06777,1.06497,1.06743,13541,214126
2023.03.20,10:00,1.06744,1.06994,1.06708,1.06961,10722,224848
2023.03.20,11:00,1.0696,1.07087,1.06888,1.0707,9047,233895
2023.03.20,12:00,1.0707,1.07176,1.07015,1.07051,10332,223559
2023.03.20,13:00,1.0705,1.07308,1.07027,1.07237,11655,235218
2023.03.20,14:00,1.07236,1.07295,1.07125,1.07268,10424,245642
2023.03.20,15:00,1.07267,1.07267,1.07115,1.07211,8750,236888
2023.03.20,16:00,1.07211,1.07253,1.07066,1.07253,8873,245765
2023.03.20,17:00,1.07256,1.07283,1.07152,1.07161,5114,240647
2023.03.20,18:00,1.07161,1.07256,1.0714,1.0724,4888,245539
2023.03.20,19:00,1.07242,1.07258,1.0719,1.0723,4006,249545
2023.03.20,20:00,1.07232,1.07241,1.07202,1.07238,2151,251692
2023.03.20,21:00,1.07186,1.07208,1.07169,1.07194,2084,249608
2023.03.20,22:00,1.07192,1.07244,1.07192,1.07225,4312,253924
2023.03.20,23:00,1.07225,1.07244,1.07156,1.07182,2337,251583
2023.03.21,00:00,1.07186,1.07257,1.07153,1.07174,5005,246578
2023.03.21,01:00,1.07174,1.07207,1.07151,1.07168,5228,241350
2023.03.21,02:00,1.07167,1.07223,1.07161,1.0722,3348,244702
2023.03.21,03:00,1.07219,1.07219,1.07141,1.07158,2754,241944
2023.03.21,04:00,1.07157,1.07158,1.07096,1.07121,2803,239141
2023.03.21,05:00,1.07122,1.07158,1.07102,1.07156,3185,242330
2023.03.21,06:00,1.07157,1.07177,1.07039,1.07073,4429,237897
2023.03.21,07:00,1.07073,1.0722,1.0706,1.07189,8568,246469
2023.03.21,08:00,1.07189,1.07387,1.07161,1.07298,10535,257004
2023.03.21,09:00,1.07294,1.07495,1.07248,1.07464,7143,264147
2023.03.21,10:00,1.07463,1.07647,1.07401,1.07633,7271,271418
2023.03.21,11:00,1.07633,1.07843,1.07611,1.07785,7218,278636
2023.03.21,12:00,1.07788,1.07826,1.07738,1.07812,7859,286495
2023.03.21,13:00,1.07811,1.07883,1.07725,1.07768,8223,278268
2023.03.21,14:00,1.07768,1.07797,1.07608,1.07742,10234,268034
2023.03.21,15:00,1.07743,1.07828,1.07654,1.07686,8600,259434
2023.03.21,16:00,1.07684,1.07783,1.07621,1.07675,6457,252977
2023.03.21,17:00,1.07678,1.07722,1.07608,1.07641,5626,247351
2023.03.21,18:00,1.07642,1.07669,1.07563,1.07647,3904,243447
2023.03.21,19:00,1.07648,1.07746,1.07624,1.07695,3586,247037
2023.03.21,20:00,1.07698,1.07718,1.07657,1.07696,1720,248753
2023.03.21,21:00,1.07664,1.07691,1.07659,1.07672,341,248412
2023.03.21,22:00,1.07665,1.077,1.07665,1.07699,1812,250228
2023.03.21,23:00,1.077,1.07738,1.07688,1.07727,1778,252006
2023.03.22,00:00,1.07728,1.0776,1.07659,1.07679,3799,248203
2023.03.22,01:00,1.07679,1.07767,1.07667,1.07725,4847,253054
2023.03.22,02:00,1.07726,1.07753,1.07652,1.07691,3852,249198
2023.03.22,03:00,1.07689,1.07722,1.07661,1.077,3510,245688
2023.03.22,04:00,1.07698,1.07717,1.07679,1.07688,2139,243549
2023.03.22,05:00,1.07689,1.07751,1.0767,1.07725,2477,246030
2023.03.22,06:00,1.07725,1.07742,1.07637,1.07663,3229,242797
2023.03.22,07:00,1.07664,1.07717,1.07588,1.07658,7104,235693
2023.03.22,08:00,1.07654,1.0783,1.0765,1.07802,8621,244318
2023.03.22,09:00,1.07802,1.07929,1.07757,1.07866,6526,250844
2023.03.22,10:00,1.07865,1.07948,1.07796,1.07921,6264,257108
2023.03.22,11:00,1.07918,1.0798,1.07883,1.07972,5707,262815
2023.03.22,12:00,1.07972,1.08001,1.0779,1.07819,6499,256312
2023.03.22,13:00,1.07816,1.07894,1.07758,1.07814,6861,249451
2023.03.22,14:00,1.07813,1.07984,1.07755,1.07953,6744,256199
2023.03.22,15:00,1.07952,1.07957,1.07836,1.07913,6836,249359
2023.03.22,16:00,1.07912,1.08005,1.07886,1.0799,5166,254529
2023.03.22,17:00,1.07988,1.07998,1.07897,1.07945,5211,249314
2023.03.22,18:00,1.07938,1.09123,1.07938,1.08806,24735,274053
2023.03.22,19:00,1.08805,1.08926,1.08525,1.08652,19705,254344
2023.03.22,20:00,1.08647,1.08654,1.08545,1.08549,4450,249894
2023.03.22,21:00,1.08558,1.08582,1.08543,1.08579,127,250025
2023.03.22,22:00,1.08591,1.08643,1.0857,1.08577,3463,253488
2023.03.22,23:00,1.08579,1.08717,1.08578,1.0869,2817,256305
2023.03.23,00:00,1.0869,1.08836,1.08685,1.08834,5563,261868
2023.03.23,01:00,1.08834,1.08881,1.08789,1.08864,5459,267327
2023.03.23,02:00,1.08864,1.0899,1.08821,1.08956,5527,272854
2023.03.23,03:00,1.08955,1.09055,1.08931,1.09008,4877,277731
2023.03.23,04:00,1.09007,1.09043,1.08949,1.09036,3289,281020
2023.03.23,05:00,1.09035,1.09114,1.09021,1.09045,5110,286130
2023.03.23,06:00,1.09045,1.09296,1.09033,1.0915,6868,292998
2023.03.23,07:00,1.09152,1.09268,1.09006,1.09061,9836,283158
2023.03.23,08:00,1.09061,1.09104,1.08911,1.08998,10419,272739
2023.03.23,09:00,1.08996,1.09035,1.08806,1.08857,8579,264160
2023.03.23,10:00,1.08857,1.08857,1.08667,1.08771,7357,256803
2023.03.23,11:00,1.08771,1.08803,1.08696,1.08758,6250,250553
2023.03.23,12:00,1.08759,1.08936,1.08696,1.08731,10642,239911
2023.03.23,13:00,1.08731,1.08929,1.08728,1.08868,9287,249202
2023.03.23,14:00,1.08869,1.08952,1.08806,1.08912,9321,258523
2023.03.23,15:00,1.08913,1.09079,1.08835,1.08899,8703,249816
2023.03.23,16:00,1.08898,1.08986,1.08834,1.08956,8015,257835
2023.03.23,17:00,1.08954,1.08954,1.08641,1.08687,6435,251396
2023.03.23,18:00,1.08687,1.08766,1.08281,1.08418,8508,242888
2023.03.23,19:00,1.08419,1.0853,1.08241,1.08397,14339,228549
2023.03.23,20:00,1.08398,1.08407,1.08306,1.08324,3673,224876
2023.03.23,21:00,1.08303,1.08337,1.08281,1.08325,407,224469
2023.03.23,22:00,1.08328,1.08386,1.0827,1.08316,2445,222024
2023.03.23,23:00,1.08316,1.08357,1.08313,1.08345,3088,225116
2023.03.24,00:00,1.08346,1.08349,1.08245,1.08326,5044,220068
2023.03.24,01:00,1.08325,1.08352,1.08205,1.08251,7633,212435
2023.03.24,02:00,1.0825,1.08281,1.08197,1.08202,4739,207696
2023.03.24,03:00,1.08205,1.08288,1.08172,1.08288,3428,211128
2023.03.24,04:00,1.08287,1.08342,1.08231,1.08342,3431,214559
2023.03.24,05:00,1.08342,1.0837,1.08309,1.08335,4060,218619
2023.03.24,06:00,1.08333,1.08353,1.08245,1.08247,4708,213907
2023.03.24,07:00,1.08245,1.08352,1.08226,1.08281,6388,220299
2023.03.24,08:00,1.08282,1.08309,1.07681,1.07799,15860,204435
2023.03.24,09:00,1.07796,1.07907,1.07214,1.07257,13301,191134
2023.03.24,10:00,1.07257,1.07424,1.07215,1.07276,14526,205664
2023.03.24,11:00,1.07276,1.07482,1.07132,1.07382,9962,215626
2023.03.24,12:00,1.07381,1.07521,1.07229,1.07491,11589,227215
2023.03.24,13:00,1.07492,1.07655,1.07402,1.07569,13074,240289
2023.03.24,14:00,1.07572,1.07674,1.07494,1.075,12157,228128
2023.03.24,15:00,1.07499,1.07637,1.07415,1.07612,10609,238741
2023.03.24,16:00,1.07611,1.0767,1.07513,1.07572,7583,231154
2023.03.24,17:00,1.07568,1.07676,1.07554,1.07617,5942,237100
2023.03.24,18:00,1.07616,1.07626,1.07541,1.07606,4143,232953
2023.03.24,19:00,1.07607,1.07662,1.07575,1.07589,3870,229083
2023.03.24,20:00,1.0759,1.0763,1.07583,1.07586,2170,226917
2023.03.26,21:00,1.07718,1.07722,1.07629,1.07629,224,227141
2023.03.26,22:00,1.07704,1.07797,1.07651,1.07773,4324,231465
2023.03.26,23:00,1.07773,1.07787,1.07709,1.07777,3633,235098
2023.03.27,00:00,1.07774,1.07776,1.07608,1.0761,5264,229830
2023.03.27,01:00,1.0761,1.0767,1.07576,1.07616,5838,223992
2023.03.27,02:00,1.07616,1.07702,1.07614,1.07697,3752,227748
2023.03.27,03:00,1.07698,1.07747,1.07685,1.07715,3031,230779
2023.03.27,04:00,1.07715,1.07724,1.07641,1.07678,2431,228344
2023.03.27,05:00,1.07677,1.07706,1.07635,1.07652,4599,223745
2023.03.27,06:00,1.07654,1.07665,1.07511,1.07633,7363,216382
2023.03.27,07:00,1.07632,1.07821,1.07449,1.07515,9733,206649
2023.03.27,08:00,1.07515,1.07726,1.07504,1.07666,8144,214797
2023.03.27,09:00,1.07665,1.07694,1.07565,1.07659,6410,221207
2023.03.27,10:00,1.07658,1.07696,1.07615,1.07677,5996,227203
2023.03.27,11:00,1.07682,1.07807,1.0767,1.07716,5727,232930
2023.03.27,12:00,1.07718,1.07802,1.07679,1.0773,6832,239762
2023.03.27,13:00,1.07731,1.07948,1.07702,1.07844,9168,248930
2023.03.27,14:00,1.07843,1.07916,1.07756,1.07815,8561,240365
2023.03.27,15:00,1.07814,1.07898,1.07774,1.07878,5053,245422
2023.03.27,16:00,1.07879,1.07949,1.07863,1.0791,3977,249399
2023.03.27,17:00,1.07912,1.07958,1.0786,1.07938,3698,253097
2023.03.27,18:00,1.0794,1.07965,1.07891,1.07956,3136,256233
2023.03.27,19:00,1.07958,1.07986,1.07919,1.07972,3303,259536
2023.03.27,20:00,1.07972,1.08002,1.07961,1.07985,1791,261323
2023.03.27,21:00,1.0796,1.07973,1.0794,1.07965,230,261093
2023.03.27,22:00,1.07963,1.08013,1.07963,1.07995,1224,262321
2023.03.27,23:00,1.07994,1.08079,1.07991,1.08063,1968,264289
2023.03.28,00:00,1.08062,1.08178,1.08035,1.08158,3729,268018
2023.03.28,01:00,1.08159,1.08194,1.08103,1.0815,5156,273174
2023.03.28,02:00,1.0815,1.08178,1.08107,1.08139,3599,269571
2023.03.28,03:00,1.0814,1.08179,1.08123,1.08151,3151,272726
2023.03.28,04:00,1.08152,1.08152,1.081,1.08121,3012,269710
2023.03.28,05:00,1.0812,1.08161,1.08061,1.08103,3411,266299
2023.03.28,06:00,1.08102,1.0819,1.08078,1.08081,6190,260109
2023.03.28,07:00,1.08089,1.08342,1.08089,1.08205,8275,268388
2023.03.28,08:00,1.08202,1.0824,1.08115,1.08123,6492,261892
2023.03.28,09:00,1.08122,1.08229,1.08101,1.08162,5777,267673
2023.03.28,10:00,1.08161,1.08293,1.08142,1.08227,5562,273235
2023.03.28,11:00,1.08227,1.08366,1.08205,1.08312,5743,278978
2023.03.28,12:00,1.08311,1.08469,1.083,1.08394,8319,287297
2023.03.28,13:00,1.08391,1.08391,1.08222,1.08239,8614,278679
2023.03.28,14:00,1.08241,1.08409,1.08163,1.08321,9626,288309
2023.03.28,15:00,1.08322,1.0846,1.08312,1.08427,5955,294264
2023.03.28,16:00,1.08429,1.08441,1.08314,1.08419,4487,298751
2023.03.28,17:00,1.0842,1.08441,1.08366,1.08377,3374,295373
2023.03.28,18:00,1.08376,1.08437,1.08356,1.08431,3237,298614
2023.03.28,19:00,1.08431,1.08485,1.08413,1.08477,2538,301152
2023.03.28,20:00,1.08473,1.08474,1.08435,1.08459,1360,299788
2023.03.28,21:00,1.08424,1.08434,1.0837,1.08407,1460,298328
2023.03.28,22:00,1.08407,1.08446,1.08387,1.08414,1013,297315
2023.03.28,23:00,1.08417,1.08417,1.08364,1.08388,1761,295554
2023.03.29,00:00,1.0839,1.08475,1.0839,1.08471,4504,300062
2023.03.29,01:00,1.08472,1.08496,1.08394,1.08449,4259,295799
2023.03.29,02:00,1.08449,1.08462,1.08367,1.08375,2774,293025
2023.03.29,03:00,1.08377,1.08391,1.08346,1.08365,2718,290307
2023.03.29,04:00,1.08364,1.08439,1.08336,1.08375,3173,287134
2023.03.29,05:00,1.08381,1.08406,1.08315,1.08319,3765,283369
2023.03.29,06:00,1.0832,1.08342,1.08227,1.08227,6208,277161
2023.03.29,07:00,1.08229,1.08374,1.08179,1.08369,6209,283374
2023.03.29,08:00,1.08374,1.08394,1.08267,1.08328,6376,276994
2023.03.29,09:00,1.08324,1.08627,1.08321,1.08597,6728,283726
2023.03.29,10:00,1.08596,1.08625,1.08508,1.08574,5127,278595
2023.03.29,11:00,1.08577,1.08712,1.08525,1.08551,5717,272878
2023.03.29,12:00,1.08554,1.086,1.08389,1.08535,7943,264935
2023.03.29,13:00,1.08536,1.08584,1.08325,1.08466,8293,256642
2023.03.29,14:00,1.08465,1.08528,1.08259,1.08311,10527,246115
2023.03.29,15:00,1.08309,1.08436,1.08244,1.0825,7436,238679
2023.03.29,16:00,1.08254,1.08354,1.08235,1.08275,4301,242984
2023.03.29,17:00,1.08276,1.08481,1.08257,1.08464,4090,247074
2023.03.29,18:00,1.08464,1.08472,1.0837,1.08445,3191,243879
2023.03.29,19:00,1.08441,1.08469,1.08392,1.08392,4136,239743
2023.03.29,20:00,1.08393,1.08453,1.08383,1.08442,1576,241323
2023.03.29,21:00,1.08443,1.08443,1.0839,1.08405,1279,240040
2023.03.29,22:00,1.08407,1.08483,1.08395,1.08442,1190,241234
2023.03.29,23:00,1.08443,1.08458,1.084,1.08425,1729,239501
2023.03.30,00:00,1.08427,1.08433,1.08355,1.08376,4082,235419
2023.03.30,01:00,1.08375,1.08378,1.08284,1.08318,4299,231120
2023.03.30,02:00,1.08315,1.08346,1.08274,1.08305,2330,228790
2023.03.30,03:00,1.08307,1.08362,1.08263,1.08329,2206,231000
2023.03.30,04:00,1.0833,1.08412,1.0832,1.08389,1625,232625
2023.03.30,05:00,1.0839,1.08465,1.08362,1.08415,4743,237368
2023.03.30,06:00,1.08413,1.08502,1.08325,1.08465,6367,243735
2023.03.30,07:00,1.08457,1.08578,1.08236,1.08547,9500,253235
2023.03.30,08:00,1.08545,1.08794,1.08505,1.08731,8046,261281
2023.03.30,09:00,1.08747,1.08761,1.08588,1.08605,5942,255335
2023.03.30,10:00,1.08605,1.08844,1.08601,1.08787,5623,260962
2023.03.30,11:00,1.08787,1.08811,1.08723,1.08789,4464,265426
2023.03.30,12:00,1.08788,1.09109,1.08787,1.091,9485,274911
2023.03.30,13:00,1.09101,1.09263,1.09072,1.0917,10562,285473
2023.03.30,14:00,1.0917,1.09209,1.09079,1.09126,8947,276522
2023.03.30,15:00,1.09125,1.09133,1.08945,1.08981,6149,270373
2023.03.30,16:00,1.08981,1.09066,1.08965,1.09048,4287,274664
2023.03.30,17:00,1.0905,1.09054,1.08921,1.08998,4002,270658
2023.03.30,18:00,1.09,1.09061,1.08962,1.09054,2744,273406
2023.03.30,19:00,1.09053,1.09078,1.09024,1.0907,2633,276039
2023.03.30,20:00,1.09068,1.09074,1.0902,1.09055,1382,274653
2023.03.30,21:00,1.09052,1.09057,1.09037,1.09041,205,274448
2023.03.30,22:00,1.09037,1.09056,1.09022,1.09024,1066,273382
2023.03.30,23:00,1.09024,1.09061,1.09021,1.09041,1818,275204
2023.03.31,00:00,1.09041,1.0917,1.09038,1.09156,4655,279859
2023.03.31,01:00,1.09155,1.09257,1.09076,1.09081,4950,274905
2023.03.31,02:00,1.0908,1.09126,1.09038,1.09074,3848,271057
2023.03.31,03:00,1.09071,1.09083,1.09013,1.09068,2614,268443
2023.03.31,04:00,1.09068,1.09094,1.09021,1.09033,2008,266435
2023.03.31,05:00,1.09032,1.09041,1.08947,1.08955,3388,263047
2023.03.31,06:00,1.08956,1.09051,1.08877,1.09038,6255,269306
2023.03.31,07:00,1.0904,1.09108,1.088,1.08846,7805,261497
2023.03.31,08:00,1.08847,1.08919,1.08729,1.08894,9306,270807
2023.03.31,09:00,1.08888,1.08959,1.08754,1.08838,8141,262662
2023.03.31,10:00,1.08838,1.08885,1.08675,1.08692,4816,257846
2023.03.31,11:00,1.08693,1.08793,1.08641,1.08671,4965,252881
2023.03.31,12:00,1.08672,1.08944,1.08672,1.08872,8750,261635
2023.03.31,13:00,1.08872,1.0894,1.08773,1.08915,9545,271180
2023.03.31,14:00,1.08919,1.09018,1.08576,1.08669,10801,260375
2023.03.31,15:00,1.08676,1.08756,1.08588,1.08718,8757,269136
2023.03.31,16:00,1.08718,1.08724,1.08588,1.08694,5052,264080
2023.03.31,17:00,1.08695,1.08713,1.08481,1.08532,4063,260017
2023.03.31,18:00,1.08532,1.08621,1.08519,1.08556,3217,263238
2023.03.31,19:00,1.08553,1.08565,1.0843,1.08456,4766,258468
2023.03.31,20:00,1.08456,1.0846,1.08367,1.08417,2323,256145
2023.04.02,21:00,1.08402,1.08435,1.08394,1.08402,255,255890
2023.04.02,22:00,1.08412,1.08426,1.08048,1.08194,5399,250491
2023.04.02,23:00,1.08194,1.08231,1.08011,1.08025,4609,245882
2023.04.03,00:00,1.08027,1.08147,1.07987,1.08138,6070,251956
2023.04.03,01:00,1.08137,1.08168,1.08026,1.08074,5794,246158
2023.04.03,02:00,1.08074,1.08079,1.07909,1.07937,4122,242036
2023.04.03,03:00,1.07944,1.07979,1.07882,1.079,3020,239016
2023.04.03,04:00,1.079,1.07959,1.07898,1.07929,2634,241654
2023.04.03,05:00,1.0793,1.07956,1.07891,1.07952,3391,245045
2023.04.03,06:00,1.07951,1.08162,1.07912,1.08146,7174,252219
2023.04.03,07:00,1.08147,1.08419,1.08124,1.0839,8276,260495
2023.04.03,08:00,1.08389,1.08497,1.08299,1.08428,5703,266198
2023.04.03,09:00,1.08426,1.08544,1.08425,1.08506,5420,271618
2023.04.03,10:00,1.08508,1.08722,1.08496,1.08703,6207,277825
2023.04.03,11:00,1.08702,1.08777,1.08607,1.08764,7113,284938
2023.04.03,12:00,1.08764,1.08764,1.08617,1.0865,6960,277974
2023.04.03,13:00,1.0865,1.08968,1.08644,1.08853,8199,286177
2023.04.03,14:00,1.08955,1.09166,1.08841,1.08872,15378,301555
2023.04.03,15:00,1.08871,1.08939,1.08784,1.08903,7998,309553
2023.04.03,16:00,1.08902,1.08937,1.08839,1.08886,4178,305371
2023.04.03,17:00,1.08886,1.08887,1.08799,1.08869,3570,301801
2023.04.03,18:00,1.08869,1.09007,1.08858,1.08966,4038,305843
2023.04.03,19:00,1.08967,1.09074,1.08947,1.09062,3202,309045
2023.04.03,20:00,1.0906,1.09082,1.09019,1.09026,2328,306713
2023.04.03,21:00,1.09002,1.09039,1.08988,1.09005,277,306436
2023.04.03,22:00,1.0901,1.09059,1.0901,1.09039,1090,307530
2023.04.03,23:00,1.09039,1.09095,1.09039,1.09068,1833,309363
2023.04.04,00:00,1.09067,1.09098,1.0899,1.0901,4543,304816
2023.04.04,01:00,1.09011,1.09016,1.08902,1.08931,4068,300748
2023.04.04,02:00,1.0893,1.08958,1.08884,1.08909,3726,297022
2023.04.04,03:00,1.08908,1.08925,1.08886,1.08886,2328,294694
2023.04.04,04:00,1.08886,1.08988,1.08877,1.08944,4227,298925
2023.04.04,05:00,1.08945,1.08957,1.08827,1.08855,3063,295858
2023.04.04,06:00,1.08855,1.09083,1.08853,1.09071,6290,302152
2023.04.04,07:00,1.09072,1.09379,1.0902,1.09251,9499,311651
2023.04.04,08:00,1.09253,1.09256,1.09137,1.09171,7763,303884
2023.04.04,09:00,1.09171,1.0936,1.09159,1.09312,7861,311749
2023.04.04,10:00,1.09313,1.09353,1.09161,1.09207,6183,305562
2023.04.04,11:00,1.09207,1.09207,1.08957,1.08974,5976,299586
2023.04.04,12:00,1.08974,1.09094,1.08867,1.08911,7528,292058
2023.04.04,13:00,1.08912,1.09111,1.08885,1.09037,8009,300071
2023.04.04,14:00,1.0904,1.09733,1.09039,1.09695,16935,317006
2023.04.04,15:00,1.09692,1.09702,1.09489,1.09507,10083,306919
2023.04.04,16:00,1.09507,1.09539,1.09432,1.09462,5718,301201
2023.04.04,17:00,1.09461,1.09506,1.09435,1.09483,3439,304644
2023.04.04,18:00,1.09482,1.09538,1.09441,1.09532,2906,307550
2023.04.04,19:00,1.09533,1.09577,1.09508,1.09572,3331,310881
2023.04.04,20:00,1.09574,1.0958,1.09542,1.09558,1430,309447
2023.04.04,21:00,1.09502,1.09555,1.09502,1.0955,269,309178
2023.04.04,22:00,1.09553,1.09599,1.09539,1.09574,1993,311175
2023.04.04,23:00,1.09575,1.09615,1.09564,1.09576,1680,312855
2023.04.05,00:00,1.09576,1.09695,1.09569,1.09605,3949,316804
2023.04.05,01:00,1.09607,1.09634,1.09564,1.09573,2799,314001
2023.04.05,02:00,1.09573,1.09645,1.09569,1.0961,4887,318892
2023.04.05,03:00,1.09609,1.09626,1.09553,1.09595,2647,316241
2023.04.05,04:00,1.09596,1.09598,1.09535,1.09548,2504,313737
2023.04.05,05:00,1.09546,1.09589,1.09512,1.09577,2861,316602
2023.04.05,06:00,1.09578,1.09594,1.09465,1.09484,5719,310879
2023.04.05,07:00,1.09483,1.09673,1.09476,1.09501,8108,318991
2023.04.05,08:00,1.09502,1.09547,1.09408,1.09512,7787,326778
2023.04.05,09:00,1.0951,1.09601,1.09441,1.0952,5963,332741
2023.04.05,10:00,1.0952,1.09535,1.09412,1.09456,4784,327953
2023.04.05,11:00,1.09456,1.09469,1.09348,1.09412,5316,322637
2023.04.05,12:00,1.09409,1.0963,1.09376,1.09577,11041,333682
2023.04.05,13:00,1.09579,1.096,1.09387,1.09402,9753,323925
2023.04.05,14:00,1.094,1.09668,1.09027,1.09101,15031,308894
2023.04.05,15:00,1.09103,1.09235,1.09056,1.09173,8069,316967
2023.04.05,16:00,1.09174,1.09198,1.08962,1.08968,4455,312508
2023.04.05,17:00,1.08967,1.09006,1.0891,1.09006,3585,316097
2023.04.05,18:00,1.09007,1.09095,1.08993,1.0909,2861,318958
2023.04.05,19:00,1.09089,1.09097,1.09018,1.09036,2601,316353
2023.04.05,20:00,1.09041,1.09076,1.09011,1.09072,1253,317606
2023.04.05,21:00,1.08988,1.09071,1.08988,1.09063,1314,318924
2023.04.05,22:00,1.0906,1.09105,1.0906,1.09098,1258,320182
2023.04.05,23:00,1.09099,1.091,1.09029,1.09029,1730,318448
2023.04.06,00:00,1.0903,1.09044,1.08928,1.08939,3176,315272
2023.04.06,01:00,1.08939,1.08942,1.08847,1.08921,4062,311210
2023.04.06,02:00,1.08922,1.08933,1.08854,1.08865,2561,308649
2023.04.06,03:00,1.08866,1.08925,1.0886,1.0892,2032,310685
2023.04.06,04:00,1.08921,1.08959,1.08896,1.08927,1755,312440
2023.04.06,05:00,1.08927,1.08958,1.08897,1.08944,2754,315194
2023.04.06,06:00,1.08943,1.09065,1.08933,1.09021,4792,319986
2023.04.06,07:00,1.09022,1.0917,1.0901,1.09067,7653,327639
2023.04.06,08:00,1.09066,1.09102,1.08934,1.08994,6853,320782
2023.04.06,09:00,1.08993,1.09103,1.08924,1.09087,4992,325778
2023.04.06,10:00,1.09087,1.09087,1.08977,1.08997,4635,321139
2023.04.06,11:00,1.08997,1.09167,1.08997,1.09153,3848,324991
2023.04.06,12:00,1.09152,1.09189,1.08895,1.08922,8799,316188
2023.04.06,13:00,1.08921,1.08997,1.08859,1.08968,8520,324712
2023.04.06,14:00,1.08966,1.0924,1.08925,1.09231,9019,333731
2023.04.06,15:00,1.09231,1.09282,1.09196,1.0926,5579,339310
2023.04.06,16:00,1.0926,1.09376,1.0926,1.09341,3256,342566
2023.04.06,17:00,1.0934,1.0936,1.09291,1.09337,2554,345120
2023.04.06,18:00,1.09337,1.09349,1.09293,1.0931,2649,342467
2023.04.06,19:00,1.09312,1.09312,1.09212,1.09232,2560,339907
2023.04.06,20:00,1.0923,1.09234,1.09167,1.09207,1479,338428
2023.04.06,21:00,1.09192,1.09197,1.09173,1.09179,112,338316
2023.04.06,22:00,1.09179,1.09193,1.09156,1.09166,943,337373
2023.04.06,23:00,1.09172,1.09206,1.09162,1.09197,818,338195
2023.04.07,00:00,1.09197,1.0924,1.09141,1.09158,1596,336595
2023.04.07,01:00,1.09159,1.09199,1.09148,1.09177,1338,337937
2023.04.07,02:00,1.09176,1.09216,1.09171,1.09206,942,338879
2023.04.07,03:00,1.09206,1.09211,1.09187,1.09197,746,339625
2023.04.07,04:00,1.09196,1.09207,1.09147,1.09147,757,338864
2023.04.07,05:00,1.09147,1.09189,1.09143,1.0917,1111,339979
2023.04.07,06:00,1.09169,1.09193,1.09114,1.0918,1904,341883
2023.04.07,07:00,1.09182,1.09195,1.09139,1.09154,1788,340091
2023.04.07,08:00,1.09154,1.09177,1.09131,1.09154,950,339141
2023.04.07,09:00,1.09154,1.09158,1.09113,1.09137,1520,337621
2023.04.07,10:00,1.09135,1.09217,1.09104,1.09216,1166,338791
2023.04.07,11:00,1.09216,1.09216,1.0914,1.09173,1337,337450
2023.04.07,12:00,1.09174,1.09177,1.08764,1.09035,8233,329217
2023.04.07,13:00,1.09033,1.0908,1.08933,1.08987,4167,325050
2023.04.07,14:00,1.08987,1.09149,1.08987,1.09149,3188,328242
2023.04.07,15:00,1.09148,1.09154,1.09056,1.09116,1405,326833
2023.04.07,16:00,1.09116,1.09123,1.09084,1.09097,958,325875
2023.04.07,17:00,1.09097,1.09104,1.09079,1.09079,463,325412
2023.04.07,18:00,1.09079,1.09095,1.09031,1.09062,1071,324341
2023.04.07,19:00,1.0905,1.09064,1.08994,1.0903,398,323947
2023.04.07,20:00,1.09046,1.09066,1.08964,1.08982,508,323439
2023.04.09,21:00,1.09033,1.09045,1.09004,1.09024,86,323521
2023.04.09,22:00,1.09005,1.09114,1.09005,1.0909,2278,325803
2023.04.09,23:00,1.09095,1.09136,1.09065,1.09129,1598,327401
2023.04.10,00:00,1.09134,1.09147,1.09034,1.09035,3237,324160
2023.04.10,01:00,1.09035,1.09067,1.08972,1.09005,3452,320708
2023.04.10,02:00,1.09004,1.09029,1.08984,1.08984,2347,318361
2023.04.10,03:00,1.08984,1.09016,1.08968,1.08991,1737,316624
2023.04.10,04:00,1.08992,1.09005,1.08951,1.08962,1792,314832
2023.04.10,05:00,1.08962,1.08997,1.08906,1.08993,2491,317327
2023.04.10,06:00,1.08995,1.09053,1.08953,1.09048,2471,319798
2023.04.10,07:00,1.09049,1.09172,1.09041,1.09166,3605,323403
2023.04.10,08:00,1.09167,1.09172,1.09088,1.09118,2744,320655
2023.04.10,09:00,1.09118,1.09165,1.09044,1.0906,2796,317859
2023.04.10,10:00,1.09063,1.0911,1.09048,1.09063,2596,315263
2023.04.10,11:00,1.09062,1.09082,1.08864,1.08888,4689,310574
2023.04.10,12:00,1.08888,1.08913,1.08472,1.08489,9172,301402
2023.04.10,13:00,1.08489,1.08572,1.08381,1.08381,8354,293048
2023.04.10,14:00,1.08376,1.0844,1.08313,1.08382,6190,286858
2023.04.10,15:00,1.08383,1.08477,1.08373,1.08392,5026,281832
2023.04.10,16:00,1.08391,1.08523,1.0838,1.08476,2728,284564
2023.04.10,17:00,1.08479,1.08571,1.08479,1.08557,2800,287364
2023.04.10,18:00,1.0856,1.08594,1.08537,1.08591,2871,290235
2023.04.10,19:00,1.08593,1.0863,1.0855,1.08629,3062,293297
2023.04.10,20:00,1.08629,1.0863,1.08592,1.08603,1610,291683
2023.04.10,21:00,1.08605,1.08612,1.08566,1.08593,2534,289149
2023.04.10,22:00,1.08597,1.08658,1.08597,1.08649,1146,290299
2023.04.10,23:00,1.08651,1.087,1.08636,1.08687,859,291158
2023.04.11,00:00,1.08687,1.0879,1.08686,1.08775,3591,294749
2023.04.11,01:00,1.08775,1.08791,1.0867,1.08783,4340,299089
2023.04.11,02:00,1.0878,1.08853,1.08775,1.08825,3946,303035
2023.04.11,03:00,1.08823,1.08877,1.08795,1.08814,2933,300098
2023.04.11,04:00,1.08813,1.08857,1.08808,1.08825,2563,302665
2023.04.11,05:00,1.08825,1.08944,1.08823,1.08941,3703,306368
2023.04.11,06:00,1.08942,1.08974,1.08809,1.08842,5020,301344
2023.04.11,07:00,1.08841,1.09045,1.08834,1.08955,8003,309351
2023.04.11,08:00,1.08953,1.09102,1.08944,1.09068,5494,314845
2023.04.11,09:00,1.09067,1.09196,1.09063,1.09129,5672,320517
2023.04.11,10:00,1.09129,1.09267,1.09084,1.09226,5457,325974
2023.04.11,11:00,1.09225,1.09243,1.0905,1.0905,5432,320538
2023.04.11,12:00,1.09048,1.0918,1.09023,1.0912,6107,326649
2023.04.11,13:00,1.09125,1.09241,1.09072,1.09213,7458,334107
2023.04.11,14:00,1.09216,1.0928,1.09109,1.09112,6734,327369
2023.04.11,15:00,1.09112,1.09162,1.09032,1.09049,5018,322351
2023.04.11,16:00,1.0905,1.09069,1.08975,1.08988,3882,318469
2023.04.11,17:00,1.0899,1.09107,1.08961,1.09103,2753,321226
2023.04.11,18:00,1.09104,1.09118,1.0904,1.09074,2312,318910
2023.04.11,19:00,1.09077,1.09169,1.09074,1.0914,2771,321685
2023.04.11,20:00,1.09141,1.09156,1.0912,1.09131,996,322677
2023.04.11,21:00,1.09105,1.09129,1.09084,1.09107,196,322481
2023.04.11,22:00,1.09117,1.09177,1.09117,1.09168,1012,323497
2023.04.11,23:00,1.09168,1.09172,1.09145,1.09163,1048,324545
2023.04.12,00:00,1.09162,1.09276,1.09147,1.09252,2621,327166
2023.04.12,01:00,1.09252,1.09287,1.09213,1.09262,2776,329942
2023.04.12,02:00,1.09261,1.09273,1.09169,1.0919,2603,327335
2023.04.12,03:00,1.0919,1.09253,1.09162,1.09242,2241,329580
2023.04.12,04:00,1.09241,1.09286,1.09223,1.09256,1467,331047
2023.04.12,05:00,1.09256,1.09356,1.09252,1.09354,2054,333101
2023.04.12,06:00,1.09354,1.09373,1.09159,1.09265,4938,328159
2023.04.12,07:00,1.09266,1.0934,1.09193,1.09267,6050,322109
2023.04.12,08:00,1.09266,1.09301,1.0918,1.09237,4763,317346
2023.04.12,09:00,1.09233,1.09293,1.09206,1.09278,3915,321265
2023.04.12,10:00,1.09281,1.09359,1.09245,1.09246,3867,317394
2023.04.12,11:00,1.09248,1.09308,1.0921,1.09225,3752,313642
2023.04.12,12:00,1.09226,1.09898,1.09197,1.0964,12702,326348
2023.04.12,13:00,1.09641,1.09882,1.09581,1.09742,12891,339239
2023.04.12,14:00,1.09744,1.1,1.09722,1.09761,12247,351486
2023.04.12,15:00,1.0976,1.09876,1.09701,1.09866,7392,358878
2023.04.12,16:00,1.09864,1.09964,1.0985,1.09961,4374,363252
2023.04.12,17:00,1.09959,1.09989,1.09925,1.09942,3588,359660
2023.04.12,18:00,1.09926,1.10003,1.09892,1.09949,5716,353944
2023.04.12,19:00,1.09948,1.09965,1.09865,1.09882,4019,349925
2023.04.12,20:00,1.09888,1.09917,1.09867,1.09915,1335,351264
2023.04.12,21:00,1.09908,1.09917,1.09888,1.09917,182,351446
2023.04.12,22:00,1.09914,1.09951,1.09892,1.09951,1082,352528
2023.04.12,23:00,1.09952,1.09995,1.09932,1.09968,1790,354318
2023.04.13,00:00,1.09968,1.10049,1.09879,1.10021,4040,358358
2023.04.13,01:00,1.10021,1.10034,1.09943,1.09961,4375,353979
2023.04.13,02:00,1.09958,1.09983,1.09923,1.09928,3265,350714
2023.04.13,03:00,1.09926,1.09932,1.09837,1.09883,2850,347864
2023.04.13,04:00,1.09883,1.09933,1.09879,1.09899,1858,349726
2023.04.13,05:00,1.09898,1.09907,1.09829,1.09838,2572,347150
2023.04.13,06:00,1.0984,1.09914,1.09767,1.09812,4965,342185
2023.04.13,07:00,1.09811,1.10006,1.0981,1.09992,6910,349099
2023.04.13,08:00,1.09992,1.1025,1.09992,1.10146,7110,356209
2023.04.13,09:00,1.10143,1.10317,1.10107,1.10231,5284,361493
2023.04.13,10:00,1.10233,1.10267,1.10131,1.10142,4805,356684
2023.04.13,11:00,1.10142,1.10185,1.10086,1.10099,4457,352227
2023.04.13,12:00,1.10101,1.10537,1.10082,1.10488,10793,363024
2023.04.13,13:00,1.10491,1.10676,1.10433,1.10644,10218,373242
2023.04.13,14:00,1.10644,1.10657,1.10445,1.10471,8746,364492
2023.04.13,15:00,1.1047,1.10616,1.10461,1.10529,5534,370030
2023.04.13,16:00,1.1053,1.1057,1.10476,1.10557,3444,373474
2023.04.13,17:00,1.10557,1.10596,1.10502,1.10527,3226,370244
2023.04.13,18:00,1.10527,1.10529,1.10439,1.10484,2763,367481
2023.04.13,19:00,1.10484,1.10495,1.10442,1.10463,2539,364942
2023.04.13,20:00,1.10466,1.10486,1.10462,1.10468,1186,363756
2023.04.13,21:00,1.1046,1.10464,1.10439,1.1046,197,363559
2023.04.13,22:00,1.10442,1.10491,1.10442,1.10479,720,364283
2023.04.13,23:00,1.10479,1.10518,1.10479,1.10518,1171,365454
2023.04.14,00:00,1.10519,1.10589,1.10488,1.10544,3751,369205
2023.04.14,01:00,1.10545,1.10637,1.1053,1.10637,3090,372295
2023.04.14,02:00,1.10637,1.10751,1.10632,1.10702,3222,375517
2023.04.14,03:00,1.10702,1.10735,1.10663,1.10703,2970,378487
2023.04.14,04:00,1.10703,1.10728,1.10677,1.10689,2069,376414
2023.04.14,05:00,1.10691,1.10748,1.1062,1.10744,2841,379259
2023.04.14,06:00,1.10748,1.10759,1.10631,1.10666,4654,374601
2023.04.14,07:00,1.10667,1.10716,1.10592,1.10653,5505,369096
2023.04.14,08:00,1.10653,1.1066,1.10538,1.10591,5218,363878
2023.04.14,09:00,1.10591,1.10642,1.10553,1.10626,3628,367510
2023.04.14,10:00,1.10618,1.10667,1.10562,1.10586,4206,363300
2023.04.14,11:00,1.10586,1.10586,1.10476,1.1054,4708,358592
2023.04.14,12:00,1.10544,1.10738,1.10184,1.10345,12646,345946
2023.04.14,13:00,1.10343,1.10364,1.10186,1.10297,10674,335272
2023.04.14,14:00,1.10297,1.10297,1.09962,1.1006,13666,321606
2023.04.14,15:00,1.10061,1.10095,1.09752,1.09788,8395,313211
2023.04.14,16:00,1.09789,1.09852,1.09724,1.09777,4892,308319
2023.04.14,17:00,1.09775,1.09901,1.09752,1.09871,3717,312040
2023.04.14,18:00,1.0987,1.09989,1.0987,1.09988,3788,315828
2023.04.14,19:00,1.09987,1.09992,1.09921,1.09964,3021,312803
2023.04.14,20:00,1.09962,1.09976,1.09933,1.09941,1471,311332
2023.04.16,21:00,1.09887,1.09938,1.09885,1.09915,250,311082
2023.04.16,22:00,1.09915,1.09939,1.09855,1.09869,1984,309098
2023.04.16,23:00,1.09868,1.09905,1.09832,1.09843,1652,307446
2023.04.17,00:00,1.09845,1.09914,1.09727,1.09727,2857,304589
2023.04.17,01:00,1.09733,1.09756,1.09616,1.09711,4224,300365
2023.04.17,02:00,1.09712,1.0982,1.09711,1.09807,3337,303706
2023.04.17,03:00,1.09807,1.0981,1.09762,1.09763,2285,301417
2023.04.17,04:00,1.09762,1.09847,1.09757,1.09844,2005,303426
2023.04.17,05:00,1.09846,1.09945,1.0984,1.09888,3262,306688
2023.04.17,06:00,1.09883,1.09934,1.09835,1.09865,4836,301848
2023.04.17,07:00,1.09864,1.09998,1.09863,1.0992,6125,307977
2023.04.17,08:00,1.09919,1.09933,1.09641,1.09648,6363,301610
2023.04.17,09:00,1.09646,1.09847,1.09646,1.09805,5669,307283
2023.04.17,10:00,1.09806,1.0985,1.09724,1.09816,4557,311840
2023.04.17,11:00,1.09817,1.09842,1.09724,1.09767,4661,307175
2023.04.17,12:00,1.09769,1.09843,1.09516,1.09538,7866,299309
2023.04.17,13:00,1.09538,1.09569,1.09298,1.09323,9808,289501
2023.04.17,14:00,1.09322,1.09358,1.09091,1.09143,11049,278452
2023.04.17,15:00,1.09142,1.09241,1.09121,1.09139,7577,270875
2023.04.17,16:00,1.09141,1.0918,1.09105,1.09117,4194,266681
2023.04.17,17:00,1.09117,1.09253,1.09117,1.09238,3379,270064
2023.04.17,18:00,1.09237,1.09272,1.09191,1.09258,2553,272617
2023.04.17,19:00,1.0926,1.09312,1.09251,1.09309,2407,275024
2023.04.17,20:00,1.09305,1.09306,1.09263,1.09275,1167,273853
2023.04.17,21:00,1.09226,1.09268,1.09213,1.09247,185,273668
2023.04.17,22:00,1.0925,1.09281,1.09233,1.09239,721,272947
2023.04.17,23:00,1.0924,1.09264,1.09237,1.09244,892,272055
2023.04.18,00:00,1.09245,1.09289,1.09222,1.09253,2609,269446
2023.04.18,01:00,1.09252,1.09344,1.09234,1.09328,3637,273087
2023.04.18,02:00,1.09339,1.0936,1.09281,1.0934,3859,276946
2023.04.18,03:00,1.0934,1.09392,1.09332,1.09357,2529,279475
2023.04.18,04:00,1.09356,1.09378,1.09337,1.09369,1881,281356
2023.04.18,05:00,1.09368,1.09437,1.09342,1.0942,2488,283844
2023.04.18,06:00,1.09421,1.09525,1.0935,1.09491,5735,289579
2023.04.18,07:00,1.09489,1.09709,1.09468,1.09703,6874,296453
2023.04.18,08:00,1.09701,1.09829,1.09666,1.09808,6096,302549
2023.04.18,09:00,1.09806,1.0983,1.09704,1.09748,5518,297027
2023.04.18,10:00,1.09748,1.09801,1.09692,1.09766,4005,301036
2023.04.18,11:00,1.09783,1.09785,1.09657,1.09663,4851,296181
2023.04.18,12:00,1.09665,1.09781,1.09544,1.09559,6950,289231
2023.04.18,13:00,1.09558,1.09648,1.09429,1.09579,8133,297368
2023.04.18,14:00,1.09578,1.09709,1.09532,1.09621,8767,306135
2023.04.18,15:00,1.0962,1.09665,1.09561,1.09571,5137,300994
2023.04.18,16:00,1.09573,1.09702,1.09547,1.09702,3255,304253
2023.04.18,17:00,1.09702,1.09712,1.09672,1.09683,2902,301347
2023.04.18,18:00,1.09681,1.09744,1.09673,1.09713,2548,303899
2023.04.18,19:00,1.09714,1.09747,1.09697,1.09708,2530,306429
2023.04.18,20:00,1.09707,1.09741,1.09701,1.09735,1302,307727
2023.04.18,21:00,1.09714,1.09723,1.09659,1.09715,774,306953
2023.04.18,22:00,1.09713,1.09752,1.0971,1.09739,1952,308909
2023.04.18,23:00,1.0974,1.09765,1.09733,1.0975,1163,310072
2023.04.19,00:00,1.09751,1.09827,1.09739,1.09826,2808,312880
2023.04.19,01:00,1.09824,1.0984,1.09683,1.09695,3509,309367
2023.04.19,02:00,1.09696,1.09741,1.09649,1.09739,3036,312407
2023.04.19,03:00,1.0974,1.09755,1.09698,1.09742,1975,314382
2023.04.19,04:00,1.09742,1.09746,1.09672,1.09684,1696,312682
2023.04.19,05:00,1.09686,1.09703,1.096,1.09608,2590,310092
2023.04.19,06:00,1.09608,1.09704,1.09464,1.09561,8832,301260
2023.04.19,07:00,1.09563,1.09722,1.09561,1.09627,7539,308803
2023.04.19,08:00,1.09628,1.0963,1.09486,1.09557,6738,302061
2023.04.19,09:00,1.09556,1.09631,1.09261,1.093,7364,294697
2023.04.19,10:00,1.09301,1.09417,1.09271,1.0934,5120,299821
2023.04.19,11:00,1.09338,1.09338,1.09172,1.09312,5988,293829
2023.04.19,12:00,1.09311,1.09497,1.09273,1.09496,6534,300367
2023.04.19,13:00,1.09497,1.09638,1.09473,1.09599,7731,308098
2023.04.19,14:00,1.096,1.09792,1.09569,1.09571,8087,300007
2023.04.19,15:00,1.09572,1.09623,1.0951,1.09531,5476,294531
2023.04.19,16:00,1.0953,1.09667,1.09518,1.09657,3794,298329
2023.04.19,17:00,1.09658,1.09667,1.09541,1.09559,3561,294764
2023.04.19,18:00,1.09561,1.09605,1.09518,1.09526,3492,291272
2023.04.19,19:00,1.09527,1.09559,1.09518,1.0955,2459,293735
2023.04.19,20:00,1.09548,1.0957,1.09517,1.09556,1128,294859
2023.04.19,21:00,1.09542,1.09576,1.09526,1.09555,331,295194
2023.04.19,22:00,1.09568,1.09572,1.09517,1.09527,917,294273
2023.04.19,23:00,1.09526,1.0953,1.09468,1.09518,1336,292937
2023.04.20,00:00,1.09519,1.09591,1.09508,1.09568,2780,295721
2023.04.20,01:00,1.09566,1.09614,1.09492,1.09602,3799,299520
2023.04.20,02:00,1.09602,1.09609,1.09523,1.09541,2914,296602
2023.04.20,03:00,1.09541,1.09618,1.09532,1.09594,2530,299136
2023.04.20,04:00,1.09594,1.09597,1.09551,1.0959,1555,300691
2023.04.20,05:00,1.09591,1.09641,1.09552,1.09619,2082,302773
2023.04.20,06:00,1.09619,1.0973,1.09599,1.0967,5226,307999
2023.04.20,07:00,1.0967,1.0969,1.095,1.09612,7378,300617
2023.04.20,08:00,1.09604,1.09784,1.09561,1.09713,6864,307485
2023.04.20,09:00,1.09713,1.09732,1.09562,1.09618,5489,301992
2023.04.20,10:00,1.09616,1.09783,1.09576,1.09708,4351,306347
2023.04.20,11:00,1.09709,1.09748,1.09536,1.09547,4694,301649
2023.04.20,12:00,1.09547,1.0985,1.09335,1.09775,11678,313331
2023.04.20,13:00,1.09774,1.09817,1.09644,1.09725,9087,304240
2023.04.20,14:00,1.09727,1.09897,1.09712,1.09794,8894,313138
2023.04.20,15:00,1.09797,1.09806,1.09657,1.09695,5906,307228
2023.04.20,16:00,1.09696,1.0972,1.09632,1.09671,3860,303368
2023.04.20,17:00,1.09672,1.09706,1.09637,1.09703,2766,306138
2023.04.20,18:00,1.09702,1.09726,1.09589,1.09649,3136,302998
2023.04.20,19:00,1.09649,1.09655,1.09563,1.09634,3685,299313
2023.04.20,20:00,1.09633,1.09706,1.09632,1.09706,1505,300818
2023.04.20,21:00,1.09661,1.09699,1.09634,1.09672,480,300338
2023.04.20,22:00,1.09679,1.09718,1.0967,1.09685,822,301164
2023.04.20,23:00,1.09685,1.097,1.09658,1.09676,1301,302465
2023.04.21,00:00,1.09675,1.09722,1.09618,1.09701,2514,304979
2023.04.21,01:00,1.09702,1.09732,1.09652,1.09652,2801,302174
2023.04.21,02:00,1.09653,1.09704,1.09633,1.09652,2716,299458
2023.04.21,03:00,1.09652,1.09665,1.09631,1.09641,1751,297707
2023.04.21,04:00,1.09639,1.09639,1.09587,1.09603,1442,296265
2023.04.21,05:00,1.09604,1.09612,1.09558,1.09606,2371,293894
2023.04.21,06:00,1.09603,1.09637,1.0938,1.09417,5752,288142
2023.04.21,07:00,1.09417,1.09578,1.09385,1.09562,7671,295817
2023.04.21,08:00,1.09561,1.09722,1.09525,1.09597,7058,302875
2023.04.21,09:00,1.09596,1.09621,1.09515,1.09547,4737,298134
2023.04.21,10:00,1.09547,1.09712,1.0949,1.09651,4172,302310
2023.04.21,11:00,1.09652,1.09857,1.09627,1.09814,5141,307451
2023.04.21,12:00,1.09815,1.09901,1.09735,1.09879,5714,313165
2023.04.21,13:00,1.09878,1.09937,1.09533,1.09559,10237,302924
2023.04.21,14:00,1.09556,1.09794,1.09425,1.09719,11098,314026
2023.04.21,15:00,1.09723,1.09797,1.09701,1.0972,6971,320997
2023.04.21,16:00,1.09721,1.098,1.09692,1.09791,4517,325514
2023.04.21,17:00,1.09785,1.0981,1.0972,1.09808,3548,329062
2023.04.21,18:00,1.09808,1.09879,1.09749,1.09765,2894,326164
2023.04.21,19:00,1.09766,1.09902,1.09745,1.09902,3185,329353
2023.04.21,20:00,1.09902,1.09928,1.09849,1.09891,1795,327554
2023.04.23,21:00,1.099,1.09905,1.09866,1.09866,419,327135
2023.04.23,22:00,1.09867,1.0993,1.09867,1.09923,1285,328424
2023.04.23,23:00,1.09924,1.09962,1.09913,1.09918,1116,329540
2023.04.24,00:00,1.09915,1.0995,1.09844,1.09948,2749,332289
2023.04.24,01:00,1.09947,1.09948,1.09869,1.09874,3187,329098
2023.04.24,02:00,1.09873,1.09908,1.09803,1.0981,3005,326093
2023.04.24,03:00,1.09808,1.09847,1.09797,1.09816,2086,324007
2023.04.24,04:00,1.09813,1.09826,1.09793,1.09805,1689,322318
2023.04.24,05:00,1.09803,1.09812,1.09725,1.09786,2592,319726
2023.04.24,06:00,1.09782,1.09865,1.09731,1.09747,4656,315070
2023.04.24,07:00,1.09749,1.09882,1.09658,1.09868,5816,320890
2023.04.24,08:00,1.0987,1.10095,1.09839,1.10086,6283,327173
2023.04.24,09:00,1.10085,1.10205,1.09994,1.10003,6675,320494
2023.04.24,10:00,1.10004,1.10173,1.09991,1.10165,5353,325851
2023.04.24,11:00,1.10164,1.10175,1.09993,1.10024,4497,321350
2023.04.24,12:00,1.10023,1.10249,1.09993,1.10229,5702,327056
2023.04.24,13:00,1.10228,1.10313,1.1013,1.10239,7894,334950
2023.04.24,14:00,1.10236,1.10369,1.10206,1.10293,8191,343141
2023.04.24,15:00,1.10293,1.10321,1.10205,1.10259,6028,337109
2023.04.24,16:00,1.10258,1.10341,1.10247,1.10339,3259,340372
2023.04.24,17:00,1.1034,1.10483,1.10335,1.10441,2996,343368
2023.04.24,18:00,1.10441,1.10502,1.10419,1.10466,2437,345805
2023.04.24,19:00,1.10466,1.10469,1.10419,1.10431,1927,343874
2023.04.24,20:00,1.10433,1.10467,1.10432,1.10462,1049,344927
2023.04.24,21:00,1.10456,1.10474,1.10411,1.10446,814,344109
2023.04.24,22:00,1.10449,1.1052,1.10449,1.10511,836,344949
2023.04.24,23:00,1.10511,1.10571,1.10494,1.1057,1624,346573
2023.04.25,00:00,1.10578,1.10666,1.10534,1.10591,3020,349593
2023.04.25,01:00,1.1059,1.10671,1.10562,1.10567,3428,346161
2023.04.25,02:00,1.10566,1.1057,1.10518,1.10539,2971,343190
2023.04.25,03:00,1.10538,1.10569,1.10514,1.10529,2301,340889
2023.04.25,04:00,1.10528,1.10589,1.10507,1.10511,2485,338404
2023.04.25,05:00,1.10512,1.10542,1.1045,1.10491,3211,335193
2023.04.25,06:00,1.10487,1.10565,1.10464,1.10517,5673,340870
2023.04.25,07:00,1.10516,1.10516,1.10246,1.10329,9421,331445
2023.04.25,08:00,1.10328,1.10411,1.10254,1.10398,6120,337569
2023.04.25,09:00,1.10395,1.1044,1.10298,1.10304,4938,332627
2023.04.25,10:00,1.10305,1.10358,1.10195,1.10205,4459,328168
2023.04.25,11:00,1.10205,1.10237,1.10095,1.10167,4974,323194
2023.04.25,12:00,1.10167,1.10293,1.1014,1.10173,6577,316617
2023.04.25,13:00,1.10171,1.10188,1.09943,1.09987,8093,308524
2023.04.25,14:00,1.09992,1.10038,1.0975,1.09767,10961,297563
2023.04.25,15:00,1.09768,1.09875,1.09685,1.09686,6760,290803
2023.04.25,16:00,1.09686,1.09734,1.09653,1.0968,4952,285851
2023.04.25,17:00,1.09686,1.09727,1.09641,1.09686,5254,280597
2023.04.25,18:00,1.09687,1.09737,1.09647,1.09725,4750,285351
2023.04.25,19:00,1.09723,1.0976,1.09686,1.09698,3583,281764
2023.04.25,20:00,1.09701,1.09755,1.09695,1.09738,2022,283786
2023.04.25,21:00,1.09676,1.09738,1.09652,1.09738,570,284360
2023.04.25,22:00,1.09735,1.09799,1.09723,1.09782,1440,285800
2023.04.25,23:00,1.09781,1.09803,1.09729,1.09779,2203,288003
2023.04.26,00:00,1.09779,1.098,1.0972,1.09782,3413,291416
2023.04.26,01:00,1.09782,1.09785,1.09684,1.09755,4061,287351
2023.04.26,02:00,1.09755,1.09787,1.09726,1.0977,2952,290307
2023.04.26,03:00,1.0977,1.09785,1.09737,1.09752,2366,287937
2023.04.26,04:00,1.09751,1.09817,1.09722,1.09811,2262,290203
2023.04.26,05:00,1.09809,1.09905,1.09798,1.09886,3405,293608
2023.04.26,06:00,1.09885,1.10117,1.09848,1.10067,5366,298974
2023.04.26,07:00,1.10066,1.10259,1.10041,1.10193,9075,308049
2023.04.26,08:00,1.10192,1.10432,1.1016,1.10417,8289,316338
2023.04.26,09:00,1.10418,1.10544,1.10368,1.10411,7705,324043
2023.04.26,10:00,1.10412,1.10626,1.10387,1.1045,6551,330594
2023.04.26,11:00,1.10452,1.10584,1.10313,1.10462,9448,340042
2023.04.26,12:00,1.10461,1.10574,1.10356,1.10537,9115,349157
2023.04.26,13:00,1.10538,1.10952,1.10482,1.1085,12684,361841
2023.04.26,14:00,1.10851,1.10859,1.10418,1.10435,11693,350144
2023.04.26,15:00,1.10435,1.10568,1.10362,1.1051,8145,358293
2023.04.26,16:00,1.10509,1.10528,1.10329,1.1041,5878,352411
2023.04.26,17:00,1.10409,1.1042,1.10347,1.10375,4389,348022
2023.04.26,18:00,1.10376,1.10397,1.10324,1.1039,4281,352307
2023.04.26,19:00,1.10389,1.10409,1.10324,1.10356,3477,348826
2023.04.26,20:00,1.10356,1.10419,1.10351,1.10388,1667,350497
2023.04.26,21:00,1.10399,1.10417,1.10354,1.10396,648,351145
2023.04.26,22:00,1.10406,1.10443,1.1035,1.10397,1579,352724
2023.04.26,23:00,1.10397,1.10464,1.10386,1.10452,1452,354176
2023.04.27,00:00,1.10452,1.10476,1.1041,1.10457,3722,357898
2023.04.27,01:00,1.10456,1.10492,1.10389,1.10455,3873,361771
2023.04.27,02:00,1.10456,1.10537,1.10428,1.10528,3316,365087
2023.04.27,03:00,1.10531,1.1054,1.10456,1.10456,2365,362718
2023.04.27,04:00,1.10457,1.1055,1.10456,1.10508,2435,365157
2023.04.27,05:00,1.10507,1.10635,1.105,1.10596,4102,369259
2023.04.27,06:00,1.10593,1.10617,1.10489,1.10559,5251,364004
2023.04.27,07:00,1.10559,1.10586,1.10398,1.10497,7627,356377
2023.04.27,08:00,1.10496,1.10593,1.10413,1.10528,5855,362236
2023.04.27,09:00,1.10528,1.10557,1.1034,1.10379,5166,357066
2023.04.27,10:00,1.10379,1.10475,1.10345,1.10448,4425,361495
2023.04.27,11:00,1.10447,1.10497,1.10305,1.10344,5510,355981
2023.04.27,12:00,1.10343,1.10569,1.10005,1.1013,12001,343980
2023.04.27,13:00,1.10132,1.10248,1.0992,1.101,12119,331861
2023.04.27,14:00,1.10103,1.10232,1.1005,1.10106,9993,321868
2023.04.27,15:00,1.10107,1.1027,1.10061,1.10155,7507,329379
2023.04.27,16:00,1.10157,1.10201,1.10071,1.10085,3981,325394
2023.04.27,17:00,1.10086,1.10247,1.10055,1.10225,3405,328803
2023.04.27,18:00,1.10224,1.10273,1.10187,1.10269,2678,331481
2023.04.27,19:00,1.10268,1.10299,1.10226,1.10241,3269,328208
2023.04.27,20:00,1.1024,1.10297,1.10233,1.10288,2092,330300
2023.04.27,21:00,1.10221,1.10275,1.10221,1.10228,493,329807
2023.04.27,22:00,1.10238,1.10293,1.10236,1.10267,2287,332098
2023.04.27,23:00,1.10269,1.10339,1.10265,1.10317,2059,334157
2023.04.28,00:00,1.10319,1.10392,1.10301,1.10346,3531,337688
2023.04.28,01:00,1.10346,1.10346,1.1025,1.10266,4534,333150
2023.04.28,02:00,1.10266,1.1027,1.10155,1.1017,3460,329690
2023.04.28,03:00,1.10168,1.10211,1.10126,1.10193,3739,333433
2023.04.28,04:00,1.10192,1.10218,1.10081,1.10135,6189,327240
2023.04.28,05:00,1.10134,1.10223,1.10057,1.10123,4774,322466
2023.04.28,06:00,1.1012,1.10363,1.10059,1.10252,9269,331739
2023.04.28,07:00,1.10251,1.10251,1.09938,1.10085,9051,322684
2023.04.28,08:00,1.10086,1.10096,1.09767,1.09907,9032,313652
2023.04.28,09:00,1.09911,1.09939,1.09816,1.0988,6255,307397
2023.04.28,10:00,1.09881,1.09985,1.09823,1.09839,5477,301920
2023.04.28,11:00,1.09838,1.09883,1.09724,1.09737,4858,297062
2023.04.28,12:00,1.09736,1.09953,1.09626,1.09844,11247,308313
2023.04.28,13:00,1.09845,1.10156,1.09827,1.1001,11015,319324
2023.04.28,14:00,1.09994,1.10411,1.09908,1.10368,13228,332556
2023.04.28,15:00,1.10369,1.10449,1.10288,1.10394,9373,341929
2023.04.28,16:00,1.10394,1.10406,1.10283,1.1031,5449,336476
2023.04.28,17:00,1.10309,1.1031,1.10219,1.10238,4233,332243
2023.04.28,18:00,1.10236,1.10259,1.10153,1.1017,3995,328248
2023.04.28,19:00,1.10172,1.10209,1.10119,1.10194,3388,331640
2023.04.28,20:00,1.10195,1.10202,1.10141,1.10162,2284,329356
2023.04.30,21:00,1.10218,1.10218,1.10149,1.10165,175,329177
2023.04.30,22:00,1.10166,1.10202,1.10106,1.10114,1727,327450
2023.04.30,23:00,1.10113,1.10134,1.10101,1.10106,1379,326071
2023.05.01,00:00,1.10109,1.10143,1.10044,1.10055,2503,323568
2023.05.01,01:00,1.10057,1.10085,1.1002,1.10039,2642,320926
2023.05.01,02:00,1.10037,1.10082,1.10007,1.10082,2561,323491
2023.05.01,03:00,1.1008,1.1014,1.10055,1.1014,2426,325917
2023.05.01,04:00,1.10143,1.10144,1.10033,1.10063,2180,323733
2023.05.01,05:00,1.10062,1.10087,1.10009,1.10059,2426,321307
2023.05.01,06:00,1.10059,1.10064,1.09948,1.09978,3711,317596
2023.05.01,07:00,1.09979,1.10058,1.09965,1.10033,4260,321860
2023.05.01,08:00,1.10033,1.10033,1.09915,1.09922,3779,318077
2023.05.01,09:00,1.09921,1.10044,1.09884,1.10031,2976,321057
2023.05.01,10:00,1.10029,1.10095,1.09997,1.10089,2967,324024
2023.05.01,11:00,1.10091,1.1014,1.10062,1.10133,3320,327344
2023.05.01,12:00,1.10133,1.10335,1.10076,1.10327,6689,334033
2023.05.01,13:00,1.10328,1.10355,1.10175,1.10183,6958,327071
2023.05.01,14:00,1.10179,1.10179,1.09779,1.09815,11665,315406
2023.05.01,15:00,1.09814,1.09821,1.09662,1.09692,7769,307637
2023.05.01,16:00,1.09689,1.09714,1.09643,1.09675,4690,302947
2023.05.01,17:00,1.09675,1.09721,1.09653,1.09721,4093,307044
2023.05.01,18:00,1.09721,1.09756,1.09686,1.09694,4600,302440
2023.05.01,19:00,1.09695,1.09733,1.09657,1.09727,4436,306880
2023.05.01,20:00,1.09727,1.0977,1.09714,1.09764,3283,310159
2023.05.01,21:00,1.09702,1.09753,1.09701,1.09752,401,309758
2023.05.01,22:00,1.09751,1.09763,1.09731,1.0974,695,309063
2023.05.01,23:00,1.0974,1.09743,1.09673,1.09688,1446,307617
2023.05.02,00:00,1.09686,1.09792,1.09685,1.09789,2772,310393
2023.05.02,01:00,1.09788,1.09943,1.09785,1.0988,3908,314301
2023.05.02,02:00,1.09884,1.09913,1.0986,1.09885,2289,316590
2023.05.02,03:00,1.09884,1.09886,1.09834,1.0984,2240,314346
2023.05.02,04:00,1.0984,1.09891,1.0979,1.09845,4353,309993
2023.05.02,05:00,1.09844,1.09926,1.09834,1.09834,4094,305899
2023.05.02,06:00,1.09832,1.09947,1.0983,1.09915,4727,310630
2023.05.02,07:00,1.09921,1.10066,1.09822,1.09856,7376,303250
2023.05.02,08:00,1.09851,1.09863,1.096,1.09717,8844,294410
2023.05.02,09:00,1.09736,1.09817,1.09494,1.09527,6414,287992
2023.05.02,10:00,1.09526,1.096,1.09481,1.09569,4703,292699
2023.05.02,11:00,1.09568,1.09762,1.09568,1.09676,5194,297893
2023.05.02,12:00,1.09676,1.09707,1.09542,1.09552,5662,292227
2023.05.02,13:00,1.09553,1.09592,1.0942,1.09432,8297,283930
2023.05.02,14:00,1.09433,1.09927,1.0943,1.09789,14808,298742
2023.05.02,15:00,1.09791,1.09977,1.09776,1.09966,8958,307700
2023.05.02,16:00,1.09964,1.10031,1.0994,1.09998,5060,312760
2023.05.02,17:00,1.09997,1.10036,1.09946,1.09972,3466,309290
2023.05.02,18:00,1.09975,1.10017,1.09973,1.10011,3271,312565
2023.05.02,19:00,1.10011,1.1008,1.10002,1.10057,2911,315476
2023.05.02,20:00,1.10057,1.10068,1.09987,1.09992,1505,313967
2023.05.02,21:00,1.09991,1.10026,1.0998,1.10004,585,314556
2023.05.02,22:00,1.1002,1.10065,1.10003,1.10063,1125,315681
2023.05.02,23:00,1.10061,1.10138,1.10049,1.10107,1739,317420
2023.05.03,00:00,1.10114,1.10203,1.10047,1.10173,2439,319859
2023.05.03,01:00,1.10172,1.10241,1.10129,1.10228,2465,322324
2023.05.03,02:00,1.10229,1.10258,1.10197,1.10253,2200,324524
2023.05.03,03:00,1.10252,1.10298,1.10251,1.10295,1710,326234
2023.05.03,04:00,1.10294,1.10294,1.10214,1.10217,1824,324406
2023.05.03,05:00,1.10218,1.10263,1.10183,1.10199,2284,322122
2023.05.03,06:00,1.10199,1.10318,1.10142,1.10307,4248,326374
2023.05.03,07:00,1.10306,1.10413,1.10259,1.10345,6269,332643
2023.05.03,08:00,1.10346,1.1047,1.10343,1.10397,5227,337870
2023.05.03,09:00,1.10396,1.10469,1.10366,1.10405,4295,342165
2023.05.03,10:00,1.10404,1.10405,1.10296,1.10328,4103,338058
2023.05.03,11:00,1.10329,1.10436,1.10319,1.10395,4454,342516
2023.05.03,12:00,1.10396,1.10435,1.10221,1.10386,8511,351027
2023.05.03,13:00,1.10385,1.10434,1.10289,1.10316,7697,343326
2023.05.03,14:00,1.10317,1.10594,1.10317,1.10527,9075,352405
2023.05.03,15:00,1.10527,1.10586,1.10478,1.10478,6302,346099
2023.05.03,16:00,1.10478,1.10528,1.10445,1.10469,3870,342229
2023.05.03,17:00,1.1047,1.10528,1.10417,1.10499,3660,345893
2023.05.03,18:00,1.10491,1.10911,1.10373,1.10599,20068,365961
2023.05.03,19:00,1.10599,1.10638,1.10405,1.10546,14087,351870
2023.05.03,20:00,1.10542,1.10621,1.10515,1.10618,3369,355239
2023.05.03,21:00,1.10579,1.10655,1.10548,1.10609,569,355812
2023.05.03,22:00,1.10607,1.10781,1.10607,1.10679,4338,360150
2023.05.03,23:00,1.10674,1.10727,1.10641,1.10686,2961,363111
2023.05.04,00:00,1.10688,1.10873,1.10687,1.10759,4437,367548
2023.05.04,01:00,1.10759,1.1084,1.10712,1.10815,4441,371989
2023.05.04,02:00,1.10818,1.10875,1.10804,1.10839,3638,375627
2023.05.04,03:00,1.1084,1.10858,1.10802,1.10814,2362,373261
2023.05.04,04:00,1.10814,1.10872,1.10795,1.10814,2261,371000
2023.05.04,05:00,1.10813,1.10877,1.10799,1.10841,2972,373976
2023.05.04,06:00,1.10842,1.10915,1.10727,1.10753,6871,367101
2023.05.04,07:00,1.10754,1.10767,1.10521,1.10579,8606,358495
2023.05.04,08:00,1.10578,1.1058,1.10369,1.104,6765,351730
2023.05.04,09:00,1.10406,1.1056,1.10365,1.1055,5738,357472
2023.05.04,10:00,1.10547,1.10634,1.1049,1.10606,5136,362608
2023.05.04,11:00,1.10606,1.10766,1.10601,1.10743,5668,368276
2023.05.04,12:00,1.10744,1.10826,1.10013,1.10093,14883,353389
2023.05.04,13:00,1.10093,1.10545,1.10027,1.10239,15017,368410
2023.05.04,14:00,1.10238,1.10381,1.09861,1.1,14826,353580
2023.05.04,15:00,1.10008,1.10132,1.09954,1.10082,10523,364107
2023.05.04,16:00,1.10084,1.10304,1.10079,1.10247,6703,370810
2023.05.04,17:00,1.10246,1.10316,1.10205,1.10216,5018,365788
2023.05.04,18:00,1.10214,1.10225,1.10112,1.10158,4751,361037
2023.05.04,19:00,1.10157,1.102,1.10134,1.10146,3776,357261
2023.05.04,20:00,1.10145,1.10155,1.10115,1.1012,1718,355543
2023.05.04,21:00,1.10123,1.10138,1.10082,1.10123,169,355374
2023.05.04,22:00,1.10121,1.10214,1.10098,1.10212,1316,356694
2023.05.04,23:00,1.10213,1.10244,1.10194,1.10229,1475,358169
2023.05.05,00:00,1.10228,1.10295,1.1019,1.10249,1732,359901
2023.05.05,01:00,1.1025,1.10369,1.1025,1.10355,3046,362947
2023.05.05,02:00,1.10354,1.10371,1.10273,1.10312,2581,360362
2023.05.05,03:00,1.10312,1.10445,1.10309,1.1044,2691,363057
2023.05.05,04:00,1.10442,1.10448,1.10404,1.10418,1570,361483
2023.05.05,05:00,1.10417,1.10463,1.1038,1.10399,3355,358128
2023.05.05,06:00,1.10399,1.10469,1.10299,1.10454,5362,363494
2023.05.05,07:00,1.10453,1.10478,1.10257,1.10267,6296,357194
2023.05.05,08:00,1.10268,1.10317,1.1024,1.10284,5465,362663
2023.05.05,09:00,1.10283,1.10319,1.10221,1.10273,4185,358474
2023.05.05,10:00,1.10272,1.10309,1.10213,1.10249,3588,354886
2023.05.05,11:00,1.10248,1.10257,1.10084,1.10095,4045,350841
2023.05.05,12:00,1.10092,1.10185,1.09667,1.0976,12228,338613
2023.05.05,13:00,1.0976,1.09962,1.0976,1.09912,11679,350296
2023.05.05,14:00,1.09913,1.10079,1.09854,1.10069,8461,358757
2023.05.05,15:00,1.10068,1.10269,1.1005,1.10246,6710,365467
2023.05.05,16:00,1.10247,1.10364,1.10211,1.10322,4825,370292
2023.05.05,17:00,1.10323,1.10345,1.10096,1.10116,4091,366197
2023.05.05,18:00,1.10116,1.10268,1.10106,1.10264,3650,369851
2023.05.05,19:00,1.10263,1.10264,1.10166,1.10182,2897,366950
2023.05.05,20:00,1.10184,1.10198,1.10167,1.10184,1846,365104
2023.05.07,21:00,1.10164,1.10199,1.10148,1.10189,262,364846
2023.05.07,22:00,1.10203,1.10229,1.10143,1.10163,1463,363379
2023.05.07,23:00,1.10161,1.10217,1.10142,1.10182,1700,365083
2023.05.08,00:00,1.10183,1.10254,1.10167,1.10243,2933,368016
2023.05.08,01:00,1.10243,1.1032,1.10186,1.10311,3122,371138
2023.05.08,02:00,1.10312,1.1037,1.10281,1.1032,2618,373756
2023.05.08,03:00,1.10321,1.10399,1.10314,1.1039,2012,375768
2023.05.08,04:00,1.10391,1.10442,1.10385,1.10436,2196,377964
2023.05.08,05:00,1.10437,1.10444,1.10366,1.10387,2546,375414
2023.05.08,06:00,1.10389,1.10506,1.10374,1.10482,3635,379053
2023.05.08,07:00,1.10481,1.105,1.10383,1.10494,4908,383961
2023.05.08,08:00,1.10493,1.10536,1.10358,1.1036,5120,378837
2023.05.08,09:00,1.10359,1.1039,1.10228,1.1036,4942,373895
2023.05.08,10:00,1.10356,1.105,1.10353,1.10479,3867,377766
2023.05.08,11:00,1.1048,1.10514,1.103,1.10351,4486,373276
2023.05.08,12:00,1.10349,1.10411,1.10318,1.1037,5387,378667
2023.05.08,13:00,1.10371,1.10442,1.10334,1.10434,5885,384552
2023.05.08,14:00,1.10434,1.1044,1.10131,1.10157,6545,378003
2023.05.08,15:00,1.10158,1.10235,1.10115,1.10196,4753,382760
2023.05.08,16:00,1.10198,1.1029,1.10188,1.10271,3104,385864
2023.05.08,17:00,1.10276,1.10292,1.10133,1.10155,2730,383130
2023.05.08,18:00,1.10155,1.10156,1.10049,1.10057,3927,379203
2023.05.08,19:00,1.1006,1.10077,1.10001,1.10017,2703,376500
2023.05.08,20:00,1.10016,1.10046,1.10001,1.10038,1370,377870
2023.05.08,21:00,1.10024,1.10048,1.09984,1.10033,623,378497
2023.05.08,22:00,1.10043,1.10043,1.10011,1.10012,1181,377312
2023.05.08,23:00,1.10011,1.10023,1.09953,1.09966,1265,376047
2023.05.09,00:00,1.09963,1.09975,1.0985,1.09897,4104,371943
2023.05.09,01:00,1.09899,1.09949,1.0987,1.09876,2734,369209
2023.05.09,02:00,1.09875,1.09926,1.09848,1.09906,2242,371455
2023.05.09,03:00,1.09906,1.09941,1.09881,1.09937,2040,373495
2023.05.09,04:00,1.0994,1.09953,1.09885,1.09888,1639,371852
2023.05.09,05:00,1.09886,1.09943,1.09846,1.09942,2614,374470
2023.05.09,06:00,1.09942,1.10007,1.09872,1.09941,4776,379246
2023.05.09,07:00,1.09945,1.10002,1.09726,1.0978,7731,371511
2023.05.09,08:00,1.0978,1.09862,1.0974,1.09788,5504,366007
2023.05.09,09:00,1.09787,1.09843,1.09777,1.09842,3955,369966
2023.05.09,10:00,1.09841,1.09842,1.09775,1.09797,3538,366424
2023.05.09,11:00,1.09798,1.09827,1.0959,1.09634,4265,362159
2023.05.09,12:00,1.09636,1.09671,1.09498,1.09499,6027,356132
2023.05.09,13:00,1.095,1.09635,1.09411,1.09618,7407,363543
2023.05.09,14:00,1.09622,1.09642,1.09533,1.09559,6756,356783
2023.05.09,15:00,1.09563,1.09603,1.09508,1.09527,4920,351863
2023.05.09,16:00,1.09527,1.09607,1.09492,1.09553,3809,355676
2023.05.09,17:00,1.09552,1.09646,1.09543,1.09636,3335,359011
2023.05.09,18:00,1.09638,1.09724,1.09614,1.09664,3777,362788
2023.05.09,19:00,1.09664,1.09698,1.09615,1.09629,3046,359738
2023.05.09,20:00,1.09629,1.09641,1.09595,1.09613,1582,358156
2023.05.09,21:00,1.09603,1.09633,1.09446,1.09449,361,357799
2023.05.09,22:00,1.09542,1.09673,1.09539,1.0965,1670,359469
2023.05.09,23:00,1.0965,1.09688,1.09639,1.09646,1280,360749
2023.05.10,00:00,1.09645,1.0972,1.09645,1.0969,2635,363384
2023.05.10,01:00,1.09691,1.0974,1.09682,1.09712,3325,366709
2023.05.10,02:00,1.09712,1.09749,1.09702,1.09743,2081,368790
2023.05.10,03:00,1.09744,1.09773,1.09727,1.09761,1513,370303
2023.05.10,04:00,1.09761,1.09772,1.09718,1.0972,1407,368892
2023.05.10,05:00,1.09721,1.09725,1.09623,1.09666,2481,366411
2023.05.10,06:00,1.09668,1.09752,1.09642,1.09695,4133,370548
2023.05.10,07:00,1.09693,1.09825,1.09629,1.09646,6272,364272
2023.05.10,08:00,1.09644,1.09648,1.09502,1.09521,6483,357789
2023.05.10,09:00,1.09519,1.09592,1.09478,1.09567,4146,361939
2023.05.10,10:00,1.09571,1.09606,1.09514,1.09547,4097,357838
2023.05.10,11:00,1.09548,1.09549,1.09458,1.09491,4893,352945
2023.05.10,12:00,1.0949,1.10058,1.09415,1.10008,11918,364867
2023.05.10,13:00,1.10011,1.10063,1.09722,1.09858,11673,353190
2023.05.10,14:00,1.09855,1.10068,1.0964,1.09722,11801,341389
2023.05.10,15:00,1.09723,1.09799,1.09653,1.09654,6026,335363
2023.05.10,16:00,1.09653,1.09753,1.0965,1.09704,3688,339055
2023.05.10,17:00,1.09704,1.09727,1.09616,1.09673,5045,334006
2023.05.10,18:00,1.09674,1.09825,1.09674,1.09767,4194,338204
2023.05.10,19:00,1.09769,1.09848,1.09758,1.09824,3201,341405
2023.05.10,20:00,1.09824,1.09843,1.09806,1.09822,1509,342910
2023.05.10,21:00,1.09804,1.09817,1.0979,1.09813,197,343111
2023.05.10,22:00,1.09822,1.09865,1.0982,1.09864,819,343930
2023.05.10,23:00,1.09862,1.09871,1.09822,1.0983,1122,342804
2023.05.11,00:00,1.09827,1.0993,1.09824,1.09927,3111,345919
2023.05.11,01:00,1.09927,1.0998,1.09841,1.09845,3734,342181
2023.05.11,02:00,1.09844,1.09851,1.09751,1.09806,3026,339155
2023.05.11,03:00,1.09806,1.09817,1.09736,1.09744,1787,337368
2023.05.11,04:00,1.09744,1.09761,1.09696,1.09752,1707,335661
2023.05.11,05:00,1.09752,1.09822,1.09742,1.09783,2430,338095
2023.05.11,06:00,1.09784,1.09791,1.09291,1.09304,6107,331984
2023.05.11,07:00,1.09307,1.09386,1.09242,1.093,9326,322658
2023.05.11,08:00,1.09301,1.09365,1.09182,1.09283,8000,314658
2023.05.11,09:00,1.09282,1.09344,1.09237,1.09277,4787,309871
2023.05.11,10:00,1.09278,1.0931,1.09178,1.09226,4765,305106
2023.05.11,11:00,1.09224,1.09383,1.09211,1.09316,8303,313413
2023.05.11,12:00,1.09316,1.0948,1.09258,1.09327,11771,325184
2023.05.11,13:00,1.09327,1.09331,1.09011,1.09017,11896,313284
2023.05.11,14:00,1.09015,1.0921,1.09001,1.09175,10022,323310
2023.05.11,15:00,1.09172,1.09199,1.09094,1.09155,5966,317340
2023.05.11,16:00,1.09155,1.0929,1.09155,1.09252,4295,321639
2023.05.11,17:00,1.09251,1.09259,1.09107,1.09126,3204,318431
2023.05.11,18:00,1.09127,1.09187,1.09118,1.09185,3357,321792
2023.05.11,19:00,1.09185,1.09215,1.09162,1.0917,2203,319585
2023.05.11,20:00,1.09167,1.09176,1.09151,1.09155,1199,318386
2023.05.11,21:00,1.09151,1.09179,1.09148,1.09153,212,318178
2023.05.11,22:00,1.09168,1.09188,1.09144,1.09165,1194,319372
2023.05.11,23:00,1.09164,1.09174,1.09115,1.09124,1197,318171
2023.05.12,00:00,1.09123,1.09216,1.09122,1.09214,2323,320498
2023.05.12,01:00,1.09213,1.09241,1.09171,1.09241,3361,323859
2023.05.12,02:00,1.09241,1.09253,1.09177,1.09185,2695,321160
2023.05.12,03:00,1.09185,1.09225,1.0915,1.09223,2286,323450
2023.05.12,04:00,1.09223,1.09269,1.09217,1.09262,2302,325752
2023.05.12,05:00,1.09261,1.09304,1.09218,1.09242,2504,323244
2023.05.12,06:00,1.0924,1.09344,1.09197,1.09286,5545,328793
2023.05.12,07:00,1.09288,1.09354,1.09062,1.09076,7215,321574
2023.05.12,08:00,1.09075,1.09141,1.09046,1.09135,5335,326913
2023.05.12,09:00,1.09136,1.09172,1.08989,1.09108,4958,321951
2023.05.12,10:00,1.09108,1.09148,1.09051,1.09052,3641,318310
2023.05.12,11:00,1.09051,1.09056,1.08889,1.08919,4352,313958
2023.05.12,12:00,1.0892,1.08951,1.08812,1.0887,6039,307919
2023.05.12,13:00,1.08868,1.08943,1.08793,1.08883,7587,315510
2023.05.12,14:00,1.08888,1.08972,1.08616,1.08623,10226,305280
2023.05.12,15:00,1.08623,1.08649,1.08542,1.08556,5448,299832
2023.05.12,16:00,1.08555,1.08569,1.08485,1.08517,3722,296110
2023.05.12,17:00,1.08516,1.08568,1.08504,1.08545,3380,299494
2023.05.12,18:00,1.08544,1.08546,1.08488,1.0853,3285,296205
2023.05.12,19:00,1.0853,1.08549,1.08506,1.08517,2580,293625
2023.05.12,20:00,1.08519,1.08521,1.08479,1.08496,1368,292261
2023.05.14,21:00,1.08524,1.0855,1.08522,1.0853,269,292526
2023.05.14,22:00,1.08474,1.08529,1.08452,1.08498,1776,290750
2023.05.14,23:00,1.08498,1.08532,1.08477,1.08528,1383,292137
2023.05.15,00:00,1.0853,1.08557,1.08481,1.0853,2779,294916
2023.05.15,01:00,1.08531,1.08642,1.08524,1.08631,4187,299103
2023.05.15,02:00,1.08631,1.08632,1.08552,1.08553,2862,296237
2023.05.15,03:00,1.08553,1.08621,1.08549,1.08599,2377,298618
2023.05.15,04:00,1.086,1.08636,1.08572,1.08629,1530,300148
2023.05.15,05:00,1.08633,1.08692,1.08617,1.08675,3021,303169
2023.05.15,06:00,1.08674,1.0872,1.08601,1.08699,4745,307914
2023.05.15,07:00,1.08696,1.08771,1.08646,1.0874,5436,313350
2023.05.15,08:00,1.08738,1.08801,1.0866,1.08684,4914,308432
2023.05.15,09:00,1.08683,1.08696,1.08554,1.08688,4590,303842
2023.05.15,10:00,1.08687,1.08791,1.08666,1.08779,3818,307664
2023.05.15,11:00,1.0878,1.08806,1.08734,1.08776,4177,311841
2023.05.15,12:00,1.08777,1.08907,1.08736,1.08791,6718,318559
2023.05.15,13:00,1.08789,1.08818,1.08725,1.08794,6398,324957
2023.05.15,14:00,1.08794,1.08816,1.08646,1.08647,6819,318134
2023.05.15,15:00,1.08649,1.08752,1.0864,1.08733,4110,322248
2023.05.15,16:00,1.08732,1.08789,1.08677,1.08789,2784,325032
2023.05.15,17:00,1.08789,1.08789,1.08746,1.08762,2489,322539
2023.05.15,18:00,1.08762,1.08782,1.08736,1.08743,2025,320514
2023.05.15,19:00,1.08742,1.08769,1.08736,1.08749,1904,318610
2023.05.15,20:00,1.0875,1.08763,1.08728,1.08743,1291,317319
2023.05.15,21:00,1.08737,1.0875,1.08723,1.08739,147,317176
2023.05.15,22:00,1.08754,1.08771,1.08735,1.0876,1079,318255
2023.05.15,23:00,1.08757,1.0876,1.08732,1.08737,925,317326
2023.05.16,00:00,1.08736,1.08821,1.08736,1.08818,2259,319589
2023.05.16,01:00,1.08818,1.08818,1.08751,1.08774,2550,317035
2023.05.16,02:00,1.08773,1.08836,1.08682,1.08835,3313,320352
2023.05.16,03:00,1.08834,1.08847,1.08798,1.08824,1613,318735
2023.05.16,04:00,1.08824,1.08835,1.08799,1.08828,1333,317402
2023.05.16,05:00,1.08829,1.08829,1.08701,1.08709,2686,314716
2023.05.16,06:00,1.08712,1.0877,1.08627,1.08763,6082,320802
2023.05.16,07:00,1.0876,1.08945,1.08718,1.08884,6912,327714
2023.05.16,08:00,1.08884,1.08978,1.08877,1.08911,5009,332723
2023.05.16,09:00,1.08911,1.09046,1.0889,1.08937,5087,337810
2023.05.16,10:00,1.08936,1.0897,1.08901,1.08951,3475,341285
2023.05.16,11:00,1.0895,1.08973,1.0885,1.08869,3870,337411
2023.05.16,12:00,1.08871,1.08897,1.08679,1.08814,8339,329072
2023.05.16,13:00,1.08815,1.08891,1.08735,1.08751,9547,319525
2023.05.16,14:00,1.08751,1.08763,1.08597,1.08665,8248,311277
2023.05.16,15:00,1.08664,1.0868,1.08548,1.08648,6787,304490
2023.05.16,16:00,1.08649,1.0872,1.08637,1.08668,4606,309100
2023.05.16,17:00,1.08671,1.08711,1.08615,1.0867,2860,311960
2023.05.16,18:00,1.08671,1.08702,1.08644,1.08677,2494,314454
2023.05.16,19:00,1.08676,1.08697,1.08581,1.08629,2481,311969
2023.05.16,20:00,1.08629,1.08647,1.08607,1.08628,1778,310191
2023.05.16,21:00,1.08604,1.0863,1.08603,1.08612,191,310000
2023.05.16,22:00,1.08612,1.08638,1.08607,1.08624,809,310813
2023.05.16,23:00,1.08624,1.08656,1.08605,1.08653,1195,312008
2023.05.17,00:00,1.08656,1.08718,1.08639,1.08704,2793,314801
2023.05.17,01:00,1.08704,1.08711,1.08622,1.08699,3986,318787
2023.05.17,02:00,1.08699,1.08736,1.08683,1.08697,3260,322047
2023.05.17,03:00,1.08696,1.08712,1.08646,1.08654,1912,320131
2023.05.17,04:00,1.08654,1.08677,1.0863,1.08647,1656,318475
2023.05.17,05:00,1.08648,1.08653,1.08524,1.08532,3123,315352
2023.05.17,06:00,1.08531,1.08645,1.08501,1.08538,4459,310893
2023.05.17,07:00,1.08536,1.08636,1.08312,1.08318,7168,303725
2023.05.17,08:00,1.08318,1.08481,1.08272,1.08291,6000,297725
2023.05.17,09:00,1.08286,1.08324,1.08206,1.08308,5723,303452
2023.05.17,10:00,1.08309,1.08327,1.08245,1.08303,4073,307525
2023.05.17,11:00,1.08304,1.08415,1.08249,1.08252,4485,303036
2023.05.17,12:00,1.08249,1.08316,1.08136,1.08239,6459,296577
2023.05.17,13:00,1.0824,1.0839,1.08147,1.08152,7852,288725
2023.05.17,14:00,1.08155,1.08328,1.08102,1.08206,8520,297249
2023.05.17,15:00,1.08207,1.08362,1.08177,1.08292,5669,302918
2023.05.17,16:00,1.08292,1.08454,1.08289,1.08418,4058,306976
2023.05.17,17:00,1.08422,1.08491,1.08416,1.08439,3384,310360
2023.05.17,18:00,1.08439,1.08455,1.08365,1.08374,3146,307210
2023.05.17,19:00,1.08375,1.08429,1.08369,1.08398,2944,310158
2023.05.17,20:00,1.084,1.08401,1.08369,1.08386,1211,308943
2023.05.17,21:00,1.0839,1.08437,1.08375,1.08391,323,308620
2023.05.17,22:00,1.08389,1.08425,1.08382,1.08385,965,307655
2023.05.17,23:00,1.08383,1.08385,1.08347,1.08379,1102,306553
2023.05.18,00:00,1.08378,1.08433,1.08348,1.08422,2512,309069
2023.05.18,01:00,1.08421,1.08479,1.08379,1.08451,4711,313780
2023.05.18,02:00,1.08452,1.0848,1.08438,1.08463,2510,316290
2023.05.18,03:00,1.08463,1.08472,1.08376,1.08398,2022,314264
2023.05.18,04:00,1.08398,1.08404,1.08326,1.08331,1857,312407
2023.05.18,05:00,1.08332,1.08358,1.08269,1.08303,3014,309393
2023.05.18,06:00,1.08302,1.08345,1.08234,1.08259,4577,304816
2023.05.18,07:00,1.08261,1.0831,1.08091,1.08163,5371,299445
2023.05.18,08:00,1.08167,1.08223,1.08122,1.08166,5927,293518
2023.05.18,09:00,1.08165,1.08199,1.08074,1.08181,4315,297837
2023.05.18,10:00,1.08181,1.08195,1.08056,1.08152,3382,294451
2023.05.18,11:00,1.08153,1.08179,1.08081,1.0815,3255,291196
2023.05.18,12:00,1.08151,1.08178,1.07852,1.079,7721,283475
2023.05.18,13:00,1.079,1.07949,1.0775,1.07777,8267,275208
2023.05.18,14:00,1.07778,1.07866,1.07669,1.07694,7920,267288
2023.05.18,15:00,1.07693,1.07786,1.07632,1.07753,5230,272522
2023.05.18,16:00,1.07754,1.07811,1.07626,1.0763,4119,268399
2023.05.18,17:00,1.0763,1.07672,1.07624,1.07666,3706,272109
2023.05.18,18:00,1.07665,1.07689,1.07639,1.07668,2553,274662
2023.05.18,19:00,1.07669,1.07743,1.0766,1.0774,2890,277552
2023.05.18,20:00,1.0774,1.07749,1.07698,1.07698,1540,276008
2023.05.18,21:00,1.07694,1.07699,1.0766,1.07698,243,275765
2023.05.18,22:00,1.07693,1.07767,1.07693,1.07763,1016,276785
2023.05.18,23:00,1.07762,1.07766,1.07737,1.07749,1267,275514
2023.05.19,00:00,1.07751,1.07802,1.07725,1.07739,3529,271985
2023.05.19,01:00,1.07739,1.07758,1.07599,1.07634,4210,267775
2023.05.19,02:00,1.07633,1.07739,1.07607,1.07722,3243,271022
2023.05.19,03:00,1.07721,1.07724,1.07669,1.07683,2534,268484
2023.05.19,04:00,1.0768,1.07692,1.07605,1.07634,1909,266575
2023.05.19,05:00,1.07634,1.07711,1.07616,1.07687,2786,269365
2023.05.19,06:00,1.07688,1.0792,1.07669,1.07814,5691,275056
2023.05.19,07:00,1.07812,1.07902,1.07738,1.07774,6413,268639
2023.05.19,08:00,1.07775,1.07944,1.0771,1.07881,5264,273907
2023.05.19,09:00,1.0788,1.08042,1.07875,1.08022,5087,278994
2023.05.19,10:00,1.08026,1.08028,1.07905,1.07945,5729,273261
2023.05.19,11:00,1.07944,1.08091,1.07923,1.08086,5635,278900
2023.05.19,12:00,1.08086,1.08237,1.08052,1.08057,7143,271753
2023.05.19,13:00,1.08057,1.08079,1.07892,1.07951,7593,264160
2023.05.19,14:00,1.07952,1.07961,1.07843,1.0786,6976,257184
2023.05.19,15:00,1.0786,1.08266,1.07821,1.0819,13933,271121
2023.05.19,16:00,1.08189,1.08249,1.08113,1.08208,6287,277408
2023.05.19,17:00,1.08208,1.08288,1.08179,1.08196,3344,274060
2023.05.19,18:00,1.08197,1.08203,1.0808,1.08084,3258,270802
2023.05.19,19:00,1.08084,1.08092,1.07977,1.08059,2758,268044
2023.05.19,20:00,1.0806,1.08082,1.08013,1.08057,1865,266179
2023.05.21,21:00,1.08043,1.08067,1.08043,1.08053,129,266054
2023.05.21,22:00,1.08077,1.08198,1.08049,1.08172,1260,267314
2023.05.21,23:00,1.08168,1.08241,1.08168,1.0822,1614,268928
2023.05.22,00:00,1.08219,1.0825,1.08166,1.08235,3405,272333
2023.05.22,01:00,1.08237,1.08299,1.08209,1.08254,4686,277019
2023.05.22,02:00,1.08255,1.08256,1.08187,1.08228,3619,273396
2023.05.22,03:00,1.08228,1.08254,1.08198,1.08208,2529,270867
2023.05.22,04:00,1.08208,1.08235,1.08178,1.08184,1874,268993
2023.05.22,05:00,1.08184,1.08196,1.081,1.08104,3216,265777
2023.05.22,06:00,1.08109,1.08242,1.08073,1.08107,5202,260575
2023.05.22,07:00,1.08104,1.08128,1.07954,1.08068,6977,253598
2023.05.22,08:00,1.08069,1.08129,1.0799,1.08106,5676,259278
2023.05.22,09:00,1.08104,1.08235,1.08081,1.08193,4168,263446
2023.05.22,10:00,1.08192,1.08295,1.08174,1.08219,4281,267727
2023.05.22,11:00,1.08221,1.08232,1.08124,1.08216,4834,272561
2023.05.22,12:00,1.08218,1.08312,1.0816,1.08193,6186,266371
2023.05.22,13:00,1.08192,1.08215,1.08084,1.08122,6994,259377
2023.05.22,14:00,1.08121,1.08243,1.07973,1.07984,10308,249069
2023.05.22,15:00,1.07984,1.08081,1.07961,1.0805,5017,254090
2023.05.22,16:00,1.08049,1.08169,1.08028,1.08097,3938,258028
2023.05.22,17:00,1.08098,1.08204,1.08081,1.08181,3804,261832
2023.05.22,18:00,1.08182,1.08216,1.08141,1.08191,2895,264727
2023.05.22,19:00,1.0819,1.08197,1.08104,1.08114,2691,262032
2023.05.22,20:00,1.08111,1.08137,1.08098,1.08122,1551,260481
2023.05.22,21:00,1.0809,1.08135,1.08082,1.0811,429,260052
2023.05.22,22:00,1.08108,1.08147,1.08108,1.08126,1348,261404
2023.05.22,23:00,1.08127,1.08131,1.08064,1.08105,2112,259288
2023.05.23,00:00,1.08106,1.08206,1.08106,1.08116,3046,262338
2023.05.23,01:00,1.08115,1.08119,1.08041,1.08044,4027,258307
2023.05.23,02:00,1.08044,1.08105,1.08026,1.08102,2697,261008
2023.05.23,03:00,1.08102,1.08104,1.08047,1.08081,2841,258163
2023.05.23,04:00,1.08078,1.08106,1.08058,1.08103,1888,260055
2023.05.23,05:00,1.08103,1.08107,1.08001,1.08073,2631,257420
2023.05.23,06:00,1.08073,1.08129,1.08032,1.08091,4864,262288
2023.05.23,07:00,1.08092,1.08097,1.07852,1.08036,8189,254095
2023.05.23,08:00,1.08034,1.0808,1.07892,1.08031,6658,247437
2023.05.23,09:00,1.0803,1.08036,1.07802,1.07813,4654,242783
2023.05.23,10:00,1.07812,1.07812,1.07698,1.07778,5184,237599
2023.05.23,11:00,1.07777,1.07846,1.07727,1.07727,4012,233587
2023.05.23,12:00,1.07728,1.07827,1.07632,1.07639,6534,227053
2023.05.23,13:00,1.07639,1.07849,1.0763,1.0782,10100,237157
2023.05.23,14:00,1.07822,1.07955,1.07773,1.07787,9843,227310
2023.05.23,15:00,1.07785,1.07807,1.07708,1.07708,4959,222351
2023.05.23,16:00,1.07707,1.07723,1.07602,1.07668,3835,218516
2023.05.23,17:00,1.07669,1.0779,1.07643,1.07778,3280,221800
2023.05.23,18:00,1.07778,1.07807,1.07753,1.07762,3586,218210
2023.05.23,19:00,1.07761,1.07764,1.07664,1.07674,2971,215239
2023.05.23,20:00,1.07675,1.07712,1.07669,1.07705,1111,216354
2023.05.23,21:00,1.07698,1.07726,1.07677,1.07719,320,216674
2023.05.23,22:00,1.0773,1.07733,1.07706,1.07723,683,217357
2023.05.23,23:00,1.07724,1.07736,1.07687,1.07692,1210,216143
2023.05.24,00:00,1.07689,1.07751,1.07676,1.07725,2377,218524
2023.05.24,01:00,1.07724,1.07743,1.07678,1.07735,3462,221986
2023.05.24,02:00,1.07735,1.07766,1.07686,1.07745,3883,225869
2023.05.24,03:00,1.07746,1.07797,1.07725,1.07789,2192,228061
2023.05.24,04:00,1.07787,1.07823,1.07756,1.07799,1657,229718
2023.05.24,05:00,1.078,1.07863,1.07788,1.07834,3465,233183
2023.05.24,06:00,1.07832,1.07893,1.07761,1.07776,6665,226514
2023.05.24,07:00,1.07777,1.07857,1.07702,1.0784,7312,233830
2023.05.24,08:00,1.07839,1.07948,1.0775,1.07776,7341,226485
2023.05.24,09:00,1.07775,1.07819,1.07731,1.07735,4666,221819
2023.05.24,10:00,1.07737,1.07737,1.07481,1.07514,6751,215068
2023.05.24,11:00,1.07513,1.07808,1.07509,1.07808,5340,220412
2023.05.24,12:00,1.07808,1.08013,1.07785,1.07896,8333,228745
2023.05.24,13:00,1.07896,1.0794,1.07691,1.07696,8575,220166
2023.05.24,14:00,1.07692,1.07772,1.07582,1.07626,8044,212122
2023.05.24,15:00,1.07627,1.07648,1.07547,1.07582,7149,204973
2023.05.24,16:00,1.07582,1.07611,1.07494,1.07561,6354,198619
2023.05.24,17:00,1.07562,1.07658,1.07538,1.0756,5175,193444
2023.05.24,18:00,1.07562,1.0766,1.07497,1.07506,5448,187996
2023.05.24,19:00,1.07509,1.07571,1.07493,1.07495,3713,184283
2023.05.24,20:00,1.07495,1.07538,1.07489,1.07491,2114,182173
2023.05.24,21:00,1.07508,1.07524,1.07475,1.0749,349,181820
2023.05.24,22:00,1.07491,1.07565,1.07423,1.0755,2072,183896
2023.05.24,23:00,1.07545,1.07567,1.07526,1.07556,1215,185111
2023.05.25,00:00,1.07558,1.07558,1.07451,1.07503,3835,181272
2023.05.25,01:00,1.07503,1.07534,1.07406,1.07437,4499,176773
2023.05.25,02:00,1.07438,1.07459,1.07401,1.07416,2871,173902
2023.05.25,03:00,1.07415,1.07423,1.0736,1.07374,2423,171479
2023.05.25,04:00,1.07375,1.07396,1.07329,1.07342,1744,169735
2023.05.25,05:00,1.07342,1.07397,1.07337,1.07397,3213,172952
2023.05.25,06:00,1.07396,1.0744,1.07281,1.07321,5348,167600
2023.05.25,07:00,1.07322,1.07331,1.07141,1.07209,7618,159982
2023.05.25,08:00,1.0721,1.07369,1.07197,1.07229,6095,166081
2023.05.25,09:00,1.07227,1.07383,1.07222,1.07316,5211,171292
2023.05.25,10:00,1.07317,1.07326,1.07223,1.07226,3826,167462
2023.05.25,11:00,1.07227,1.07328,1.0722,1.07327,4633,172099
2023.05.25,12:00,1.07328,1.07402,1.07148,1.07184,10960,161135
2023.05.25,13:00,1.07183,1.07254,1.07073,1.07133,9521,151614
2023.05.25,14:00,1.07133,1.07326,1.07132,1.07283,9674,161292
2023.05.25,15:00,1.07283,1.07309,1.07181,1.07241,6337,154951
2023.05.25,16:00,1.07242,1.07243,1.07117,1.07124,4275,150676
2023.05.25,17:00,1.07125,1.07279,1.07113,1.07275,3282,153962
2023.05.25,18:00,1.07276,1.07293,1.0719,1.07209,3234,150724
2023.05.25,19:00,1.07213,1.07238,1.07152,1.07206,3528,147196
2023.05.25,20:00,1.07209,1.07254,1.07209,1.07251,1488,148688
2023.05.25,21:00,1.0725,1.07268,1.07211,1.07266,153,148841
2023.05.25,22:00,1.07261,1.07279,1.07239,1.07261,1914,150755
2023.05.25,23:00,1.07263,1.07274,1.07225,1.07234,1027,149724
2023.05.26,00:00,1.07234,1.07259,1.07189,1.07253,3114,152842
2023.05.26,01:00,1.07254,1.07325,1.07244,1.07321,3290,156132
2023.05.26,02:00,1.07321,1.07373,1.07321,1.0734,3064,159196
2023.05.26,03:00,1.07341,1.07386,1.0734,1.07374,2474,161670
2023.05.26,04:00,1.07373,1.07409,1.07368,1.07397,1877,163547
2023.05.26,05:00,1.07401,1.07428,1.07364,1.07371,2980,160563
2023.05.26,06:00,1.0737,1.0738,1.07286,1.07293,5127,155436
2023.05.26,07:00,1.07292,1.07445,1.07253,1.07404,6840,162280
2023.05.26,08:00,1.07404,1.07411,1.07286,1.07318,5412,156864
2023.05.26,09:00,1.07315,1.07367,1.07255,1.0735,4386,161254
2023.05.26,10:00,1.07348,1.07467,1.07264,1.07441,4336,165590
2023.05.26,11:00,1.07444,1.07586,1.07407,1.07525,4344,169934
2023.05.26,12:00,1.07527,1.07572,1.07292,1.0742,9287,160643
2023.05.26,13:00,1.07418,1.07505,1.07205,1.07229,9014,151629
2023.05.26,14:00,1.07233,1.07408,1.0702,1.07053,10909,140720
2023.05.26,15:00,1.07052,1.07137,1.07017,1.0712,7245,147969
2023.05.26,16:00,1.0712,1.07219,1.0712,1.07197,4098,152067
2023.05.26,17:00,1.07197,1.07275,1.07187,1.07266,3150,155217
2023.05.26,18:00,1.07265,1.07327,1.07251,1.07293,2275,157492
2023.05.26,19:00,1.07294,1.07313,1.07266,1.07296,1750,159242
2023.05.26,20:00,1.07294,1.07301,1.07242,1.0725,1661,157577
2023.05.28,21:00,1.07201,1.07242,1.07195,1.07213,145,157432
2023.05.28,22:00,1.07212,1.07292,1.07179,1.0719,1927,155505
2023.05.28,23:00,1.07195,1.07238,1.07185,1.07216,1118,156627
2023.05.29,00:00,1.07213,1.07217,1.07171,1.07199,1966,154657
2023.05.29,01:00,1.07198,1.07321,1.07184,1.07316,2749,157410
2023.05.29,02:00,1.07316,1.07356,1.07306,1.07313,2025,159435
2023.05.29,03:00,1.07312,1.07336,1.07292,1.07304,1180,160615
2023.05.29,04:00,1.07303,1.07362,1.07299,1.0736,1130,161745
2023.05.29,05:00,1.07362,1.07385,1.07339,1.07363,1765,163510
2023.05.29,06:00,1.07362,1.07435,1.07358,1.07364,2701,166211
2023.05.29,07:00,1.07364,1.07388,1.07246,1.07281,3979,162228
2023.05.29,08:00,1.07281,1.07293,1.07151,1.0724,3465,158763
2023.05.29,09:00,1.07239,1.07239,1.07132,1.0716,2978,155785
2023.05.29,10:00,1.07159,1.07179,1.0712,1.07151,2403,153382
2023.05.29,11:00,1.07148,1.07189,1.07105,1.07106,2267,151115
2023.05.29,12:00,1.07107,1.0715,1.07098,1.07146,2499,153618
2023.05.29,13:00,1.07147,1.07159,1.07081,1.07095,2989,150625
2023.05.29,14:00,1.07096,1.07109,1.07058,1.07086,2283,148342
2023.05.29,15:00,1.07087,1.07152,1.07081,1.07139,1496,149842
2023.05.29,16:00,1.07139,1.07142,1.07112,1.07126,824,149014
2023.05.29,17:00,1.07128,1.07149,1.07113,1.07118,461,148553
2023.05.29,18:00,1.07117,1.0712,1.07104,1.07107,368,148185
2023.05.29,19:00,1.07107,1.07108,1.0709,1.07091,437,147748
2023.05.29,20:00,1.07091,1.07099,1.07053,1.07085,605,147143
2023.05.29,21:00,1.07073,1.07123,1.07073,1.07078,187,146956
2023.05.29,22:00,1.07077,1.07122,1.07055,1.07097,900,147860
2023.05.29,23:00,1.07098,1.07098,1.07061,1.07067,1100,146756
2023.05.30,00:00,1.07064,1.07197,1.07042,1.07137,3743,150503
2023.05.30,01:00,1.07139,1.07262,1.07136,1.07232,3911,154414
2023.05.30,02:00,1.07231,1.07249,1.07194,1.07213,2395,152015
2023.05.30,03:00,1.07214,1.07217,1.07013,1.07066,3213,148802
2023.05.30,04:00,1.07065,1.07087,1.07033,1.07079,2081,150887
2023.05.30,05:00,1.07079,1.07082,1.06812,1.0686,5087,145796
2023.05.30,06:00,1.0686,1.06982,1.06848,1.06943,5915,151711
2023.05.30,07:00,1.06911,1.06938,1.06724,1.06903,7664,144047
2023.05.30,08:00,1.069,1.07082,1.06873,1.07046,6791,150842
2023.05.30,09:00,1.07047,1.07247,1.0697,1.07193,6926,157768
2023.05.30,10:00,1.07195,1.07359,1.07194,1.07315,5830,163598
2023.05.30,11:00,1.07316,1.07446,1.07306,1.0744,6022,169620
2023.05.30,12:00,1.07439,1.07466,1.07216,1.07224,7036,162580
2023.05.30,13:00,1.07224,1.07386,1.07186,1.07297,7389,169973
2023.05.30,14:00,1.07298,1.07408,1.07204,1.07275,8668,161301
2023.05.30,15:00,1.07276,1.07285,1.07197,1.07216,4990,156311
2023.05.30,16:00,1.0722,1.07272,1.07162,1.07207,3524,152787
2023.05.30,17:00,1.07206,1.07216,1.07141,1.07169,3153,149634
2023.05.30,18:00,1.07168,1.07209,1.07143,1.07196,2701,152339
2023.05.30,19:00,1.07194,1.07303,1.0718,1.07299,3136,155475
2023.05.30,20:00,1.07299,1.07347,1.07271,1.07339,1671,157142
2023.05.30,21:00,1.0729,1.07344,1.07264,1.07317,438,156704
2023.05.30,22:00,1.07318,1.0734,1.07309,1.0732,789,155915
2023.05.30,23:00,1.07321,1.07357,1.07305,1.07316,1180,154735
2023.05.31,00:00,1.07318,1.07356,1.07274,1.0735,2797,157536
2023.05.31,01:00,1.07351,1.07354,1.07117,1.07133,4865,152667
2023.05.31,02:00,1.07133,1.07147,1.07027,1.07046,3676,148991
2023.05.31,03:00,1.07046,1.0705,1.06943,1.06979,2808,146183
2023.05.31,04:00,1.06978,1.07007,1.06952,1.0698,1749,144434
2023.05.31,05:00,1.06981,1.06989,1.06851,1.06973,4813,139621
2023.05.31,06:00,1.06974,1.0698,1.06793,1.06848,6605,133016
2023.05.31,07:00,1.06841,1.06844,1.06699,1.06742,8361,124655
2023.05.31,08:00,1.06741,1.0677,1.06586,1.06597,6929,117726
2023.05.31,09:00,1.06596,1.06762,1.06596,1.06761,5635,123365
2023.05.31,10:00,1.06758,1.06788,1.06675,1.06762,4131,127496
2023.05.31,11:00,1.06766,1.06872,1.06748,1.06796,4446,131942
2023.05.31,12:00,1.06795,1.06873,1.06791,1.06808,4916,136858
2023.05.31,13:00,1.06807,1.07051,1.06782,1.06914,8066,144924
2023.05.31,14:00,1.06914,1.06914,1.06576,1.06612,13950,130970
2023.05.31,15:00,1.06616,1.06672,1.06512,1.06526,8461,122509
2023.05.31,16:00,1.06527,1.06542,1.06351,1.06378,6289,116220
2023.05.31,17:00,1.06379,1.06699,1.06355,1.0663,6379,122603
2023.05.31,18:00,1.06633,1.06798,1.06629,1.06741,5055,127658
2023.05.31,19:00,1.0674,1.06889,1.06704,1.06863,3864,131522
2023.05.31,20:00,1.06861,1.06921,1.06856,1.0688,2498,134016
2023.05.31,21:00,1.06839,1.0689,1.0682,1.06858,406,133610
2023.05.31,22:00,1.06861,1.06945,1.06861,1.0693,1553,135167
2023.05.31,23:00,1.0693,1.06971,1.06925,1.06934,1839,137006
2023.06.01,00:00,1.06935,1.06951,1.06854,1.06865,3166,133836
2023.06.01,01:00,1.06866,1.06932,1.06801,1.06913,4828,138668
2023.06.01,02:00,1.06913,1.0694,1.06881,1.06904,3336,142004
2023.06.01,03:00,1.06904,1.06935,1.06855,1.06871,2546,139454
2023.06.01,04:00,1.06871,1.06916,1.06812,1.06815,2413,137041
2023.06.01,05:00,1.06816,1.06845,1.06759,1.0677,3166,133875
2023.06.01,06:00,1.06771,1.06853,1.06732,1.0684,5353,139232
2023.06.01,07:00,1.06839,1.06868,1.06617,1.06703,6987,132241
2023.06.01,08:00,1.06703,1.06869,1.06644,1.06865,5490,137735
2023.06.01,09:00,1.0687,1.07097,1.06828,1.07089,4888,142623
2023.06.01,10:00,1.0709,1.07147,1.07007,1.07089,4914,147537
2023.06.01,11:00,1.07088,1.07155,1.07049,1.07061,4542,142991
2023.06.01,12:00,1.07059,1.07115,1.06845,1.0708,10612,153607
2023.06.01,13:00,1.07082,1.07309,1.0703,1.07283,9281,162888
2023.06.01,14:00,1.0733,1.07418,1.07211,1.07314,11717,174605
2023.06.01,15:00,1.07315,1.07537,1.07279,1.07508,6815,181420
2023.06.01,16:00,1.07507,1.0764,1.07477,1.07599,5001,186421
2023.06.01,17:00,1.076,1.07643,1.07556,1.07641,3375,189796
2023.06.01,18:00,1.07642,1.07684,1.07613,1.07617,2953,186839
2023.06.01,19:00,1.07617,1.0763,1.07568,1.07623,2702,184137
2023.06.01,20:00,1.07623,1.07634,1.07587,1.07622,1182,182955
2023.06.01,21:00,1.07618,1.07618,1.07557,1.07586,347,182608
2023.06.01,22:00,1.07591,1.07652,1.0759,1.07651,1269,183881
2023.06.01,23:00,1.07654,1.07654,1.07595,1.07603,943,182934
2023.06.02,00:00,1.07605,1.07642,1.07582,1.07617,2473,185411
2023.06.02,01:00,1.0762,1.07667,1.07587,1.07614,3356,188767
2023.06.02,02:00,1.07615,1.07669,1.07608,1.07654,2736,191503
2023.06.02,03:00,1.07655,1.0769,1.07633,1.0768,2405,193908
2023.06.02,04:00,1.0768,1.07685,1.07619,1.0763,2051,191853
2023.06.02,05:00,1.0763,1.07722,1.07619,1.07714,2671,194528
2023.06.02,06:00,1.07717,1.07789,1.0766,1.07709,4472,199000
2023.06.02,07:00,1.0771,1.07759,1.07601,1.07621,6300,192696
2023.06.02,08:00,1.0762,1.07771,1.07601,1.07742,4598,197298
2023.06.02,09:00,1.07744,1.0777,1.07602,1.07671,5011,192283
2023.06.02,10:00,1.07671,1.07748,1.07656,1.07673,3528,188755
2023.06.02,11:00,1.07674,1.07694,1.07576,1.07576,3858,184897
2023.06.02,12:00,1.07578,1.07673,1.07347,1.07474,11832,173065
2023.06.02,13:00,1.07479,1.0771,1.07403,1.07422,10656,162409
2023.06.02,14:00,1.07425,1.07496,1.07211,1.07234,10205,152204
2023.06.02,15:00,1.07235,1.07298,1.07175,1.07231,5335,146869
2023.06.02,16:00,1.07231,1.07236,1.07086,1.071,4142,142727
2023.06.02,17:00,1.07102,1.07158,1.07075,1.071,3120,139607
2023.06.02,18:00,1.07101,1.07153,1.07056,1.07124,2963,142574
2023.06.02,19:00,1.07125,1.07143,1.07064,1.07077,2116,140454
2023.06.02,20:00,1.07079,1.07086,1.07053,1.07071,1204,139250
2023.06.04,21:00,1.07079,1.07086,1.07052,1.07063,190,139064
2023.06.04,22:00,1.07077,1.07077,1.07009,1.07009,1649,137411
2023.06.04,23:00,1.0701,1.07016,1.06938,1.06968,2246,135165
2023.06.05,00:00,1.06972,1.06973,1.06903,1.06937,3126,132039
2023.06.05,01:00,1.06939,1.07015,1.06907,1.07013,4315,136358
2023.06.05,02:00,1.07013,1.07046,1.06985,1.07002,2769,133585
2023.06.05,03:00,1.07001,1.0704,1.06992,1.07025,1985,135574
2023.06.05,04:00,1.07024,1.07033,1.06964,1.06999,1812,133758
2023.06.05,05:00,1.06999,1.07036,1.06939,1.07013,2851,136613
2023.06.05,06:00,1.07008,1.0701,1.06892,1.06936,4754,131855
2023.06.05,07:00,1.06936,1.06993,1.06834,1.06898,7037,124818
2023.06.05,08:00,1.06899,1.06978,1.06853,1.06958,4727,129549
2023.06.05,09:00,1.06959,1.06991,1.069,1.06923,3930,125615
2023.06.05,10:00,1.06922,1.06948,1.06868,1.06929,3063,122552
2023.06.05,11:00,1.06927,1.0695,1.06849,1.06896,2953,119599
2023.06.05,12:00,1.06897,1.06917,1.06745,1.06787,4733,114866
2023.06.05,13:00,1.06787,1.06911,1.06778,1.06805,6323,121193
2023.06.05,14:00,1.06806,1.07224,1.06806,1.07108,12892,134085
2023.06.05,15:00,1.07106,1.07206,1.07031,1.07206,5250,139335
2023.06.05,16:00,1.07205,1.07213,1.07098,1.07115,3282,136049
2023.06.05,17:00,1.07114,1.07139,1.07073,1.07129,2348,138401
2023.06.05,18:00,1.07129,1.07172,1.07108,1.07137,3029,141430
2023.06.05,19:00,1.07142,1.07174,1.07112,1.07125,3162,138264
2023.06.05,20:00,1.07126,1.07133,1.07096,1.07118,1354,136910
2023.06.05,21:00,1.07112,1.07125,1.07078,1.07096,367,136543
2023.06.05,22:00,1.07101,1.07143,1.07095,1.07135,1315,137862
2023.06.05,23:00,1.07132,1.07141,1.07075,1.07115,1487,136371
2023.06.06,00:00,1.07115,1.07168,1.07098,1.07162,1588,137963
2023.06.06,01:00,1.07161,1.0717,1.07128,1.07155,2590,140553
2023.06.06,02:00,1.07156,1.07246,1.07154,1.07183,2841,143394
2023.06.06,03:00,1.07184,1.07194,1.07143,1.07159,1578,141812
2023.06.06,04:00,1.07159,1.0724,1.07151,1.07234,3063,144879
2023.06.06,05:00,1.07236,1.07314,1.07225,1.07248,3034,147913
2023.06.06,06:00,1.0725,1.07328,1.07213,1.07243,5690,153603
2023.06.06,07:00,1.07241,1.07274,1.07072,1.07145,8393,145206
2023.06.06,08:00,1.07147,1.07149,1.06952,1.06993,7056,138150
2023.06.06,09:00,1.06994,1.07011,1.06893,1.06921,4746,133404
2023.06.06,10:00,1.0692,1.06996,1.06825,1.06977,4699,138107
2023.06.06,11:00,1.06978,1.07003,1.06761,1.06768,4146,133957
2023.06.06,12:00,1.06768,1.06839,1.0667,1.06706,5998,127959
2023.06.06,13:00,1.06705,1.06827,1.06692,1.06725,6891,134854
2023.06.06,14:00,1.06724,1.06912,1.06709,1.06907,7006,141860
2023.06.06,15:00,1.06908,1.06968,1.06846,1.06944,5548,147408
2023.06.06,16:00,1.06944,1.06978,1.06873,1.06884,3073,144331
2023.06.06,17:00,1.06885,1.06885,1.06821,1.06858,2069,142262
2023.06.06,18:00,1.06858,1.06963,1.06847,1.06941,2162,144428
2023.06.06,19:00,1.0694,1.0696,1.06904,1.06918,2026,142398
2023.06.06,20:00,1.06918,1.06932,1.06903,1.06924,1172,141226
2023.06.06,21:00,1.06929,1.06942,1.06914,1.0694,166,141396
2023.06.06,22:00,1.06941,1.06952,1.06924,1.0695,569,141965
2023.06.06,23:00,1.06946,1.0699,1.06924,1.06987,1027,142992
2023.06.07,00:00,1.06988,1.07043,1.06973,1.07004,2511,145503
2023.06.07,01:00,1.07004,1.07013,1.06928,1.06963,3605,141894
2023.06.07,02:00,1.06965,1.06966,1.06888,1.06929,2580,139314
2023.06.07,03:00,1.0693,1.06936,1.06894,1.0693,2419,136895
2023.06.07,04:00,1.06928,1.06955,1.06892,1.06904,1466,135429
2023.06.07,05:00,1.06903,1.06904,1.06834,1.06849,2437,132992
2023.06.07,06:00,1.06848,1.0686,1.06729,1.06765,4684,128308
2023.06.07,07:00,1.06764,1.06864,1.06682,1.06841,5249,133561
2023.06.07,08:00,1.06842,1.06934,1.06792,1.0693,3913,137474
2023.06.07,09:00,1.06931,1.06976,1.069,1.06962,3948,141422
2023.06.07,10:00,1.06963,1.07185,1.06962,1.07149,4302,145724
2023.06.07,11:00,1.07149,1.07231,1.07129,1.07155,4737,150461
2023.06.07,12:00,1.07154,1.0718,1.07053,1.07161,5355,155816
2023.06.07,13:00,1.0716,1.07387,1.07141,1.0737,6992,162808
2023.06.07,14:00,1.07371,1.07395,1.0703,1.07078,12341,150463
2023.06.07,15:00,1.07077,1.07105,1.06951,1.07012,6291,144172
2023.06.07,16:00,1.07014,1.07065,1.06927,1.06932,4374,139798
2023.06.07,17:00,1.06931,1.06997,1.06909,1.06987,3940,143742
2023.06.07,18:00,1.06986,1.07032,1.06972,1.07023,3255,146997
2023.06.07,19:00,1.07023,1.07052,1.06936,1.06937,3190,143803
2023.06.07,20:00,1.06936,1.06999,1.06936,1.06988,1761,145564
2023.06.07,21:00,1.06936,1.06984,1.06936,1.06974,261,145303
2023.06.07,22:00,1.06977,1.07017,1.06975,1.06993,2007,147314
2023.06.07,23:00,1.06994,1.07072,1.06967,1.07069,1668,148982
2023.06.08,00:00,1.07071,1.071,1.07062,1.07086,2295,151277
2023.06.08,01:00,1.07085,1.07101,1.07029,1.07088,3118,154395
2023.06.08,02:00,1.07089,1.07114,1.07063,1.07067,2565,151826
2023.06.08,03:00,1.07066,1.07108,1.07059,1.07082,2016,153846
2023.06.08,04:00,1.07082,1.07136,1.07055,1.07115,1799,155645
2023.06.08,05:00,1.07114,1.07175,1.0709,1.07102,2907,152734
2023.06.08,06:00,1.07103,1.0719,1.07075,1.07112,4181,148553
2023.06.08,07:00,1.07111,1.07132,1.07009,1.07129,5880,154437
2023.06.08,08:00,1.0713,1.07299,1.07097,1.07267,4949,159386
2023.06.08,09:00,1.07267,1.07338,1.07207,1.07288,4784,164170
2023.06.08,10:00,1.07292,1.07331,1.07262,1.07299,3078,167248
2023.06.08,11:00,1.07297,1.07393,1.07239,1.07357,3936,171184
2023.06.08,12:00,1.07357,1.0759,1.07334,1.07469,9007,180191
2023.06.08,13:00,1.07468,1.07691,1.0742,1.07654,9158,189349
2023.06.08,14:00,1.07656,1.07759,1.07616,1.07693,8251,197600
2023.06.08,15:00,1.07692,1.07834,1.07672,1.07787,5940,203540
2023.06.08,16:00,1.07787,1.0787,1.0777,1.07847,4259,207799
2023.06.08,17:00,1.07844,1.07858,1.07778,1.07781,3261,204534
2023.06.08,18:00,1.07782,1.07824,1.07778,1.07791,2748,201786
2023.06.08,19:00,1.07792,1.07799,1.07735,1.0779,2450,199336
2023.06.08,20:00,1.07789,1.07831,1.07788,1.07831,1157,200493
2023.06.08,21:00,1.07803,1.07838,1.07788,1.07798,311,200182
2023.06.08,22:00,1.07797,1.07842,1.07793,1.0784,746,200932
2023.06.08,23:00,1.07839,1.07849,1.07817,1.07818,1061,199867
2023.06.09,00:00,1.07819,1.07851,1.07814,1.07819,2647,197220
2023.06.09,01:00,1.07821,1.07849,1.07796,1.07807,3358,193862
2023.06.09,02:00,1.07807,1.07811,1.07757,1.07768,2402,191460
2023.06.09,03:00,1.07767,1.07801,1.07765,1.07778,1656,189804
2023.06.09,04:00,1.07777,1.07786,1.07746,1.07752,1407,188397
2023.06.09,05:00,1.07753,1.07839,1.07752,1.07778,2095,190496
2023.06.09,06:00,1.07785,1.07822,1.07726,1.07787,4110,194606
2023.06.09,07:00,1.07787,1.07797,1.07674,1.07755,5968,188634
2023.06.09,08:00,1.07754,1.07758,1.07593,1.07633,4771,183863
2023.06.09,09:00,1.07634,1.07681,1.07581,1.07583,4199,179664
2023.06.09,10:00,1.07586,1.07627,1.07565,1.07611,3468,183136
2023.06.09,11:00,1.07612,1.07816,1.07601,1.07732,4378,187514
2023.06.09,12:00,1.07731,1.0784,1.07634,1.07669,7547,179963
2023.06.09,13:00,1.07669,1.0775,1.07615,1.07708,7476,187443
2023.06.09,14:00,1.07709,1.07734,1.07538,1.07566,7406,180033
2023.06.09,15:00,1.07565,1.07596,1.07465,1.0748,5221,174812
2023.06.09,16:00,1.07478,1.07524,1.07434,1.07482,3537,171275
2023.06.09,17:00,1.07483,1.07522,1.07462,1.07485,2152,169123
2023.06.09,18:00,1.07486,1.07507,1.07459,1.07496,1789,170916
2023.06.09,19:00,1.07497,1.07507,1.07429,1.07441,2036,168876
2023.06.09,20:00,1.07439,1.07498,1.07439,1.07489,1402,170278
2023.06.11,21:00,1.07463,1.07484,1.07449,1.07449,316,169966
2023.06.11,22:00,1.07486,1.07492,1.07431,1.07449,1122,168840
2023.06.11,23:00,1.07449,1.07515,1.07439,1.075,1074,169918
2023.06.12,00:00,1.07504,1.07504,1.07443,1.07456,1592,168322
2023.06.12,01:00,1.07453,1.07459,1.07361,1.07368,3075,165247
2023.06.12,02:00,1.07368,1.07387,1.07331,1.07385,2562,167813
2023.06.12,03:00,1.07382,1.07415,1.07364,1.07409,1868,169681
2023.06.12,04:00,1.07407,1.07444,1.0739,1.07409,1605,171286
2023.06.12,05:00,1.07407,1.07505,1.07405,1.07492,2266,173552
2023.06.12,06:00,1.07493,1.07535,1.07455,1.07491,3183,176735
2023.06.12,07:00,1.07488,1.07724,1.07441,1.07695,5588,182323
2023.06.12,08:00,1.07695,1.07839,1.07679,1.07771,5702,188025
2023.06.12,09:00,1.07772,1.079,1.07745,1.07852,4568,192593
2023.06.12,10:00,1.07853,1.07875,1.07676,1.07727,4997,187592
2023.06.12,11:00,1.07726,1.07757,1.07614,1.07629,3944,183648
2023.06.12,12:00,1.07629,1.07714,1.07606,1.07661,5280,188932
2023.06.12,13:00,1.07662,1.07715,1.07431,1.0753,6887,182041
2023.06.12,14:00,1.0753,1.07616,1.07451,1.07472,7135,174906
2023.06.12,15:00,1.07474,1.07567,1.07446,1.0746,5139,169767
2023.06.12,16:00,1.0746,1.07517,1.07439,1.07485,3139,172910
2023.06.12,17:00,1.07487,1.0754,1.0745,1.07534,2971,175881
2023.06.12,18:00,1.07534,1.07591,1.07504,1.07559,2353,178234
2023.06.12,19:00,1.07561,1.07633,1.07561,1.076,2611,180845
2023.06.12,20:00,1.07603,1.07603,1.07577,1.07579,1251,179590
2023.06.12,21:00,1.07548,1.07565,1.07527,1.07562,203,179387
2023.06.12,22:00,1.07568,1.07613,1.07568,1.07601,1001,180392
2023.06.12,23:00,1.076,1.07642,1.07592,1.07622,1390,181782
2023.06.13,00:00,1.07621,1.07667,1.07596,1.07605,2097,179681
2023.06.13,01:00,1.07601,1.07683,1.07595,1.07676,3109,182794
2023.06.13,02:00,1.07677,1.07755,1.07661,1.07743,2128,184922
2023.06.13,03:00,1.07744,1.078,1.07741,1.0779,2497,187419
2023.06.13,04:00,1.0779,1.07831,1.07761,1.07821,1638,189057
2023.06.13,05:00,1.0782,1.07961,1.07813,1.07825,4233,193290
2023.06.13,06:00,1.07831,1.07979,1.07814,1.07928,6290,199580
2023.06.13,07:00,1.07925,1.08075,1.07925,1.07997,6913,206493
2023.06.13,08:00,1.07996,1.08082,1.07941,1.08074,5107,211600
2023.06.13,09:00,1.08075,1.08106,1.08007,1.08057,4756,206840
2023.06.13,10:00,1.08056,1.08067,1.07952,1.07984,3724,203116
2023.06.13,11:00,1.07985,1.07989,1.0792,1.07942,3800,199316
2023.06.13,12:00,1.07948,1.08236,1.07805,1.08141,11721,211041
2023.06.13,13:00,1.08142,1.08179,1.07921,1.07939,11388,199649
2023.06.13,14:00,1.0794,1.08077,1.07782,1.08019,9869,209522
2023.06.13,15:00,1.0802,1.0809,1.07861,1.07911,7070,202448
2023.06.13,16:00,1.07912,1.08038,1.07901,1.08022,4521,206973
2023.06.13,17:00,1.08024,1.08042,1.07868,1.07889,4054,202915
2023.06.13,18:00,1.07888,1.07908,1.07829,1.079,3908,206827
2023.06.13,19:00,1.079,1.07957,1.07846,1.07917,3052,209879
2023.06.13,20:00,1.07917,1.07931,1.07905,1.0793,1200,211079
2023.06.13,21:00,1.07924,1.07942,1.07878,1.07891,419,210656
2023.06.13,22:00,1.07892,1.07921,1.07881,1.07915,1376,212036
2023.06.13,23:00,1.07915,1.0792,1.07882,1.07895,827,211205
2023.06.14,00:00,1.07897,1.07929,1.07856,1.07901,2558,208647
2023.06.14,01:00,1.079,1.0795,1.07881,1.07938,2877,211528
2023.06.14,02:00,1.07938,1.07961,1.07903,1.07958,2177,213705
2023.06.14,03:00,1.07959,1.0796,1.07885,1.07898,1534,212167
2023.06.14,04:00,1.079,1.07919,1.07847,1.07895,1801,210366
2023.06.14,05:00,1.07894,1.07904,1.0774,1.07759,3014,207352
2023.06.14,06:00,1.07763,1.07876,1.07762,1.07852,3712,211068
2023.06.14,07:00,1.07854,1.07968,1.07854,1.07897,5110,216178
2023.06.14,08:00,1.07896,1.08047,1.07857,1.0802,3846,220024
2023.06.14,09:00,1.08019,1.08097,1.07964,1.08044,3874,223898
2023.06.14,10:00,1.08044,1.08098,1.08022,1.08066,3455,227353
2023.06.14,11:00,1.08067,1.08077,1.08018,1.08034,3497,223852
2023.06.14,12:00,1.08033,1.08333,1.08033,1.08312,7351,231207
2023.06.14,13:00,1.0831,1.08451,1.08272,1.08447,7365,238572
2023.06.14,14:00,1.08447,1.08563,1.08414,1.08557,6110,244682
2023.06.14,15:00,1.08554,1.08581,1.08482,1.08578,4427,249109
2023.06.14,16:00,1.08577,1.0864,1.08553,1.08623,3687,252796
2023.06.14,17:00,1.08625,1.08629,1.08509,1.08509,3692,249100
2023.06.14,18:00,1.08511,1.08511,1.08012,1.08343,20208,228892
2023.06.14,19:00,1.08342,1.0844,1.08208,1.08267,10702,218190
2023.06.14,20:00,1.08262,1.08353,1.08248,1.08311,2646,220836
2023.06.14,21:00,1.08291,1.08319,1.08245,1.08315,357,221197
2023.06.14,22:00,1.08317,1.08352,1.0831,1.08322,992,222189
2023.06.14,23:00,1.08323,1.08428,1.08318,1.08427,1806,223995
2023.06.15,00:00,1.08427,1.08445,1.08371,1.08382,2220,221771
2023.06.15,01:00,1.08381,1.08381,1.08102,1.08107,5134,216637
2023.06.15,02:00,1.08107,1.08158,1.08083,1.08133,3713,220354
2023.06.15,03:00,1.08133,1.08158,1.08107,1.08132,1790,222144
2023.06.15,04:00,1.08134,1.08149,1.08099,1.08115,1803,220337
2023.06.15,05:00,1.08113,1.08234,1.08057,1.08183,4194,224535
2023.06.15,06:00,1.08183,1.08205,1.08038,1.08105,5395,219136
2023.06.15,07:00,1.08108,1.08288,1.08058,1.08269,5816,224956
2023.06.15,08:00,1.08269,1.08371,1.08244,1.08328,3985,228941
2023.06.15,09:00,1.08327,1.08476,1.08312,1.08475,4673,233614
2023.06.15,10:00,1.08476,1.08488,1.08344,1.08422,4106,229504
2023.06.15,11:00,1.08423,1.08433,1.08177,1.08178,4458,225046
2023.06.15,12:00,1.08178,1.08809,1.08145,1.08645,12776,237826
2023.06.15,13:00,1.08641,1.09007,1.08584,1.08992,11939,249765
2023.06.15,14:00,1.0899,1.09213,1.0899,1.09106,9169,258934
2023.06.15,15:00,1.091,1.09355,1.09099,1.09327,5900,264834
2023.06.15,16:00,1.09326,1.0945,1.09321,1.09435,4698,269532
2023.06.15,17:00,1.09436,1.09501,1.09394,1.09429,3315,272847
2023.06.15,18:00,1.09432,1.09512,1.09418,1.09503,3102,275949
2023.06.15,19:00,1.09503,1.09525,1.09452,1.09477,3789,272156
2023.06.15,20:00,1.09474,1.09491,1.09451,1.09454,1354,270802
2023.06.15,21:00,1.0943,1.09434,1.09402,1.09411,166,270640
2023.06.15,22:00,1.09442,1.09494,1.09432,1.0949,1550,272190
2023.06.15,23:00,1.09491,1.09513,1.0945,1.09454,1884,270302
2023.06.16,00:00,1.09457,1.09508,1.09399,1.0942,2700,267602
2023.06.16,01:00,1.0942,1.09483,1.09399,1.09435,3051,270657
2023.06.16,02:00,1.09437,1.09456,1.09356,1.09362,3787,266866
2023.06.16,03:00,1.09363,1.09424,1.09363,1.09381,2536,269406
2023.06.16,04:00,1.09383,1.0943,1.09367,1.09388,1553,270959
2023.06.16,05:00,1.09387,1.0945,1.09375,1.09396,2385,273344
2023.06.16,06:00,1.09397,1.09624,1.09392,1.09472,6430,279774
2023.06.16,07:00,1.09477,1.09522,1.09339,1.09427,6733,273037
2023.06.16,08:00,1.09426,1.09536,1.09382,1.09505,5746,278787
2023.06.16,09:00,1.09504,1.09511,1.09397,1.09493,4493,274290
2023.06.16,10:00,1.09493,1.09497,1.0943,1.09442,3199,271091
2023.06.16,11:00,1.09444,1.09655,1.09444,1.09603,4436,275531
2023.06.16,12:00,1.09608,1.09708,1.09475,1.09508,6587,268940
2023.06.16,13:00,1.09509,1.09583,1.09423,1.09531,7757,276701
2023.06.16,14:00,1.09532,1.0967,1.0918,1.09254,12485,264212
2023.06.16,15:00,1.09252,1.09319,1.09216,1.09241,7202,257010
2023.06.16,16:00,1.0924,1.0934,1.0924,1.0934,3989,261003
2023.06.16,17:00,1.0934,1.09397,1.0932,1.09393,2956,263959
2023.06.16,18:00,1.09392,1.09454,1.09372,1.09444,3740,267699
2023.06.16,19:00,1.09444,1.09444,1.09346,1.09349,3237,264458
2023.06.16,20:00,1.09353,1.09422,1.09345,1.09417,1791,266249
2023.06.18,21:00,1.0933,1.09403,1.09328,1.0939,372,265877
2023.06.18,22:00,1.09382,1.09433,1.0937,1.09428,1699,267580
2023.06.18,23:00,1.09428,1.0943,1.09385,1.09396,1586,265990
2023.06.19,00:00,1.09397,1.09462,1.09348,1.09366,2618,263372
2023.06.19,01:00,1.09366,1.09405,1.09336,1.09366,3281,260091
2023.06.19,02:00,1.09365,1.09408,1.09362,1.09363,1809,258282
2023.06.19,03:00,1.09362,1.09379,1.09337,1.0937,2549,255733
2023.06.19,04:00,1.09369,1.0937,1.09322,1.09347,1843,253890
2023.06.19,05:00,1.09348,1.09414,1.09318,1.09402,2793,256687
2023.06.19,06:00,1.09402,1.09402,1.09275,1.09295,4268,252415
2023.06.19,07:00,1.09296,1.09375,1.09251,1.09295,5987,246428
2023.06.19,08:00,1.09293,1.09388,1.0927,1.09295,4579,241849
2023.06.19,09:00,1.09296,1.09296,1.09099,1.09106,4127,237722
2023.06.19,10:00,1.09108,1.09189,1.09071,1.09188,3767,241493
2023.06.19,11:00,1.09196,1.09273,1.09169,1.09212,3328,244821
2023.06.19,12:00,1.09212,1.09294,1.09194,1.09258,3691,248512
2023.06.19,13:00,1.09259,1.0926,1.09169,1.09183,4117,244391
2023.06.19,14:00,1.09185,1.09259,1.09122,1.09229,4738,249133
2023.06.19,15:00,1.09228,1.09288,1.09214,1.09219,3022,252155
2023.06.19,16:00,1.09219,1.09262,1.09158,1.09161,2031,250120
2023.06.19,17:00,1.09161,1.09193,1.09159,1.09174,565,250689
2023.06.19,18:00,1.09173,1.09211,1.09162,1.09192,553,251242
2023.06.19,19:00,1.09194,1.09207,1.09181,1.09184,447,251689
2023.06.19,20:00,1.09183,1.09225,1.09174,1.09214,519,252204
2023.06.19,21:00,1.09198,1.09215,1.09188,1.09215,195,252403
2023.06.19,22:00,1.09211,1.09261,1.09206,1.09229,1141,253544
2023.06.19,23:00,1.09229,1.09246,1.09189,1.09234,1047,254591
2023.06.20,00:00,1.09235,1.09261,1.0917,1.09202,3084,251503
2023.06.20,01:00,1.09198,1.09222,1.0911,1.09132,3780,247723
2023.06.20,02:00,1.09131,1.09238,1.09106,1.09224,4286,252013
2023.06.20,03:00,1.09225,1.09237,1.09188,1.09197,2272,249737
2023.06.20,04:00,1.09197,1.09204,1.09128,1.09136,2264,247473
2023.06.20,05:00,1.09135,1.09261,1.09117,1.09261,3484,250961
2023.06.20,06:00,1.0926,1.09323,1.09195,1.09216,4984,245973
2023.06.20,07:00,1.09212,1.09463,1.0915,1.09438,6829,252806
2023.06.20,08:00,1.09435,1.09448,1.09317,1.09379,5291,247511
2023.06.20,09:00,1.09379,1.094,1.09228,1.0925,4461,243050
2023.06.20,10:00,1.0925,1.09342,1.09247,1.09282,4152,247206
2023.06.20,11:00,1.0928,1.09322,1.09219,1.09287,3838,251044
2023.06.20,12:00,1.09291,1.09358,1.0912,1.09193,7046,243994
2023.06.20,13:00,1.09193,1.09245,1.09063,1.09165,8908,235086
2023.06.20,14:00,1.09163,1.09206,1.08921,1.09014,10065,225021
2023.06.20,15:00,1.09015,1.09097,1.08995,1.08995,6324,218697
2023.06.20,16:00,1.08999,1.09162,1.08956,1.09151,4720,223421
2023.06.20,17:00,1.0915,1.09169,1.09121,1.09153,3649,227070
2023.06.20,18:00,1.09155,1.09174,1.09115,1.09171,3066,230136
2023.06.20,19:00,1.09169,1.09175,1.09096,1.09125,2607,227525
2023.06.20,20:00,1.09126,1.09187,1.09121,1.0918,1453,228982
2023.06.20,21:00,1.09172,1.09214,1.09155,1.09166,301,228677
2023.06.20,22:00,1.09164,1.09204,1.09156,1.09198,1104,229785
2023.06.20,23:00,1.09197,1.09223,1.09182,1.092,1640,231425
2023.06.21,00:00,1.09197,1.09201,1.09145,1.09159,2956,228465
2023.06.21,01:00,1.09159,1.09168,1.09117,1.0914,3467,224998
2023.06.21,02:00,1.0914,1.0921,1.09118,1.09124,3190,221808
2023.06.21,03:00,1.09125,1.09162,1.09124,1.09149,2746,224558
2023.06.21,04:00,1.0915,1.09194,1.0914,1.09162,2114,226672
2023.06.21,05:00,1.09163,1.09175,1.09102,1.09122,3139,223529
2023.06.21,06:00,1.09118,1.09168,1.09056,1.09101,7731,215798
2023.06.21,07:00,1.09102,1.09198,1.0909,1.09129,6822,222624
2023.06.21,08:00,1.09128,1.09338,1.09094,1.09248,6587,229211
2023.06.21,09:00,1.09249,1.09298,1.09163,1.09165,4772,224435
2023.06.21,10:00,1.09163,1.09258,1.09135,1.09183,4242,228681
2023.06.21,11:00,1.09185,1.09267,1.09163,1.09242,4268,232949
2023.06.21,12:00,1.09241,1.09257,1.09081,1.09252,7672,240621
2023.06.21,13:00,1.09248,1.09309,1.09105,1.09267,8846,249467
2023.06.21,14:00,1.09267,1.09641,1.09229,1.09546,10671,260138
2023.06.21,15:00,1.09545,1.09562,1.09432,1.09506,7634,252500
2023.06.21,16:00,1.09504,1.09738,1.09496,1.09706,4861,257365
2023.06.21,17:00,1.09707,1.09793,1.09671,1.09774,4416,261781
2023.06.21,18:00,1.09775,1.09901,1.09761,1.09847,3885,265666
2023.06.21,19:00,1.09845,1.09894,1.09815,1.09878,2782,268448
2023.06.21,20:00,1.09876,1.09909,1.09851,1.09861,1569,266875
2023.06.21,21:00,1.09863,1.09863,1.09808,1.09818,587,266288
2023.06.21,22:00,1.09819,1.09908,1.09819,1.09907,924,267216
2023.06.21,23:00,1.09905,1.09923,1.09897,1.09916,1069,268285
2023.06.22,00:00,1.09916,1.0992,1.09865,1.09883,2560,265721
2023.06.22,01:00,1.09882,1.09948,1.0987,1.09936,1693,267418
2023.06.22,02:00,1.09936,1.09937,1.09883,1.09932,1811,269229
2023.06.22,03:00,1.09934,1.09943,1.0991,1.09928,1343,270572
2023.06.22,04:00,1.09929,1.09938,1.09866,1.09872,1839,268729
2023.06.22,05:00,1.09875,1.09904,1.09847,1.09858,2717,266012
2023.06.22,06:00,1.09862,1.09905,1.09806,1.09827,3871,262141
2023.06.22,07:00,1.09827,1.09999,1.09797,1.09944,6836,268981
2023.06.22,08:00,1.09943,1.10036,1.09872,1.09929,5987,262990
2023.06.22,09:00,1.09928,1.10039,1.09921,1.10018,4206,267200
2023.06.22,10:00,1.10018,1.10081,1.10002,1.10044,4246,271446
2023.06.22,11:00,1.10045,1.10118,1.09879,1.09894,8762,262680
2023.06.22,12:00,1.0989,1.10017,1.09803,1.09824,8459,254221
2023.06.22,13:00,1.09822,1.0985,1.09681,1.09814,9947,244274
2023.06.22,14:00,1.09812,1.09892,1.09584,1.09591,9348,234926
2023.06.22,15:00,1.0959,1.09667,1.09521,1.09526,7375,227551
2023.06.22,16:00,1.09525,1.09568,1.09485,1.09545,4475,232030
2023.06.22,17:00,1.09546,1.0958,1.095,1.09572,3724,235754
2023.06.22,18:00,1.09576,1.09603,1.09511,1.09591,3492,239246
2023.06.22,19:00,1.0959,1.09615,1.09543,1.09581,3237,242483
2023.06.22,20:00,1.0958,1.09585,1.09531,1.09558,1594,240885
2023.06.22,21:00,1.09555,1.09576,1.0954,1.09549,820,240065
2023.06.22,22:00,1.09547,1.0956,1.09529,1.09535,1021,239044
2023.06.22,23:00,1.09536,1.09575,1.09532,1.09554,1814,240862
2023.06.23,00:00,1.09554,1.09583,1.09526,1.09552,3117,243979
2023.06.23,01:00,1.0955,1.09563,1.09458,1.09467,3987,239988
2023.06.23,02:00,1.09466,1.09466,1.09321,1.09385,3794,236194
2023.06.23,03:00,1.09385,1.09404,1.09348,1.09355,2757,233437
2023.06.23,04:00,1.09355,1.09369,1.09287,1.09329,3354,230083
2023.06.23,05:00,1.0933,1.0934,1.09273,1.09325,4078,226005
2023.06.23,06:00,1.09325,1.09333,1.09207,1.09229,5086,220919
2023.06.23,07:00,1.0923,1.0926,1.08536,1.08689,12136,208783
2023.06.23,08:00,1.08694,1.08744,1.08485,1.08491,8714,200069
2023.06.23,09:00,1.08489,1.08622,1.08445,1.08607,6041,206114
2023.06.23,10:00,1.08606,1.08722,1.08606,1.08682,4445,210559
2023.06.23,11:00,1.08682,1.08792,1.08661,1.08761,4438,214997
2023.06.23,12:00,1.08761,1.08955,1.08761,1.08872,7862,222859
2023.06.23,13:00,1.08873,1.09024,1.08831,1.08833,10101,212754
2023.06.23,14:00,1.08833,1.08986,1.08789,1.08825,9779,202975
2023.06.23,15:00,1.08825,1.08924,1.08788,1.08862,6335,209314
2023.06.23,16:00,1.08862,1.08897,1.08827,1.08856,4122,213436
2023.06.23,17:00,1.08859,1.08962,1.08859,1.08946,3825,217261
2023.06.23,18:00,1.08945,1.0895,1.08885,1.08919,2787,214470
2023.06.23,19:00,1.08916,1.08943,1.08872,1.08911,2843,211627
2023.06.23,20:00,1.0891,1.08963,1.08902,1.08955,1489,213120
2023.06.25,21:00,1.09005,1.09009,1.08974,1.08996,364,213480
2023.06.25,22:00,1.08938,1.0907,1.08936,1.09066,2457,215941
2023.06.25,23:00,1.09063,1.09065,1.0903,1.09063,1862,217803
2023.06.26,00:00,1.09062,1.09094,1.08988,1.09053,4618,222421
2023.06.26,01:00,1.09058,1.09099,1.09017,1.09038,4830,217587
2023.06.26,02:00,1.09039,1.09091,1.09033,1.09048,3686,213901
2023.06.26,03:00,1.09046,1.09093,1.09038,1.0906,2298,216203
2023.06.26,04:00,1.09061,1.09081,1.08998,1.09026,1885,214314
2023.06.26,05:00,1.09024,1.09099,1.09022,1.09078,2877,217195
2023.06.26,06:00,1.09068,1.09109,1.08977,1.09033,4852,212339
2023.06.26,07:00,1.09038,1.09084,1.08955,1.09023,7196,205143
2023.06.26,08:00,1.0902,1.09034,1.08873,1.08919,6697,198446
2023.06.26,09:00,1.08918,1.0901,1.08907,1.08966,4129,202579
2023.06.26,10:00,1.08964,1.09073,1.0894,1.09044,3926,206505
2023.06.26,11:00,1.09043,1.09179,1.0903,1.09177,3765,210270
2023.06.26,12:00,1.09171,1.09201,1.0914,1.09175,4314,214584
2023.06.26,13:00,1.09171,1.09202,1.09078,1.09126,5891,208689
2023.06.26,14:00,1.09127,1.09161,1.09026,1.09081,7332,201357
2023.06.26,15:00,1.0908,1.09177,1.09054,1.09094,5035,206396
2023.06.26,16:00,1.09093,1.09099,1.08999,1.09086,3694,210090
2023.06.26,17:00,1.09088,1.09131,1.09064,1.09099,2580,212670
2023.06.26,18:00,1.091,1.09154,1.09085,1.09148,2155,214825
2023.06.26,19:00,1.09148,1.09151,1.09041,1.09062,2412,212409
2023.06.26,20:00,1.09061,1.09085,1.09041,1.09052,1112,211297
2023.06.26,21:00,1.09059,1.09072,1.09044,1.09058,279,211018
2023.06.26,22:00,1.09058,1.0912,1.09058,1.09109,1192,212214
2023.06.26,23:00,1.09109,1.09109,1.09074,1.09097,1027,211183
2023.06.27,00:00,1.09097,1.09113,1.0902,1.09045,3021,208162
2023.06.27,01:00,1.09045,1.09351,1.09038,1.0924,5604,213770
2023.06.27,02:00,1.0924,1.09242,1.09177,1.09229,3682,210084
2023.06.27,03:00,1.09229,1.09291,1.09216,1.09266,3034,213122
2023.06.27,04:00,1.09263,1.09287,1.09231,1.09233,2470,210648
2023.06.27,05:00,1.09232,1.09271,1.09175,1.09177,3033,207615
2023.06.27,06:00,1.09175,1.09335,1.09163,1.09309,4837,212456
2023.06.27,07:00,1.09314,1.09414,1.09293,1.09394,6061,218517
2023.06.27,08:00,1.09388,1.09438,1.09347,1.09395,6243,224760
2023.06.27,09:00,1.09395,1.09447,1.0926,1.09409,4937,229697
2023.06.27,10:00,1.0941,1.09527,1.09384,1.09515,4200,233897
2023.06.27,11:00,1.09517,1.09523,1.09428,1.09445,4154,229739
2023.06.27,12:00,1.09444,1.0972,1.09443,1.09653,7526,237269
2023.06.27,13:00,1.09655,1.09767,1.09616,1.09661,8146,245415
2023.06.27,14:00,1.09659,1.09684,1.09424,1.09489,11614,233797
2023.06.27,15:00,1.09488,1.0963,1.09459,1.09599,6572,240373
2023.06.27,16:00,1.096,1.09656,1.09571,1.09587,3860,236509
2023.06.27,17:00,1.09585,1.09638,1.0955,1.09619,3415,239928
2023.06.27,18:00,1.0962,1.09625,1.09581,1.09598,2462,237462
2023.06.27,19:00,1.09599,1.09639,1.09593,1.09625,2517,239983
2023.06.27,20:00,1.09625,1.09632,1.09596,1.09608,1126,238853
2023.06.27,21:00,1.09579,1.09614,1.09567,1.09603,234,238619
2023.06.27,22:00,1.09607,1.09625,1.09563,1.09572,1120,237499
2023.06.27,23:00,1.09571,1.09585,1.09547,1.09573,1849,235650
2023.06.28,00:00,1.09573,1.09615,1.09527,1.09546,3769,231881
2023.06.28,01:00,1.09547,1.09562,1.09462,1.09463,4944,226937
2023.06.28,02:00,1.09463,1.09507,1.09422,1.09491,3116,230057
2023.06.28,03:00,1.09492,1.09544,1.09486,1.0951,2135,232192
2023.06.28,04:00,1.09514,1.09536,1.09464,1.09486,2275,229913
2023.06.28,05:00,1.09487,1.09548,1.09468,1.09533,2546,232463
2023.06.28,06:00,1.09534,1.09548,1.09359,1.09381,4508,227951
2023.06.28,07:00,1.09385,1.09569,1.09384,1.09526,5615,233570
2023.06.28,08:00,1.09526,1.09604,1.09455,1.09527,6387,239957
2023.06.28,09:00,1.09528,1.0959,1.09443,1.09475,5272,234681
2023.06.28,10:00,1.09476,1.09622,1.09454,1.09545,4390,239075
2023.06.28,11:00,1.09545,1.09557,1.09376,1.09403,5080,233991
2023.06.28,12:00,1.09405,1.09445,1.0926,1.09276,6716,227275
2023.06.28,13:00,1.09277,1.09444,1.09237,1.09347,9922,237201
2023.06.28,14:00,1.09347,1.09368,1.08967,1.08986,10874,226323
2023.06.28,15:00,1.08985,1.0917,1.0898,1.09035,7507,233834
2023.06.28,16:00,1.09033,1.09183,1.09031,1.09109,4126,237960
2023.06.28,17:00,1.09107,1.09176,1.09099,1.09149,4190,242150
2023.06.28,18:00,1.0915,1.09238,1.09149,1.09224,3550,245700
2023.06.28,19:00,1.09223,1.09223,1.09138,1.0916,2648,243048
2023.06.28,20:00,1.09159,1.09169,1.09111,1.09131,1462,241586
2023.06.28,21:00,1.09123,1.09137,1.09103,1.0913,123,241463
2023.06.28,22:00,1.09136,1.09152,1.09131,1.09138,723,240740
2023.06.28,23:00,1.09139,1.09187,1.09139,1.09151,1208,241952
2023.06.29,00:00,1.09152,1.09161,1.09012,1.09068,3034,238914
2023.06.29,01:00,1.09069,1.09145,1.09058,1.09061,4502,234412
2023.06.29,02:00,1.09063,1.09064,1.08931,1.08935,3546,230866
2023.06.29,03:00,1.08934,1.08957,1.08905,1.08929,2478,228388
2023.06.29,04:00,1.08929,1.08932,1.08806,1.08853,2500,225888
2023.06.29,05:00,1.08854,1.08946,1.08839,1.0894,4507,230399
2023.06.29,06:00,1.08939,1.09001,1.08897,1.08974,5322,235721
2023.06.29,07:00,1.08982,1.09207,1.08982,1.09166,7506,243227
2023.06.29,08:00,1.09164,1.09219,1.09105,1.09144,5632,237591
2023.06.29,09:00,1.09143,1.09193,1.09115,1.09167,3729,241324
2023.06.29,10:00,1.09167,1.09278,1.09163,1.09276,3987,245311
2023.06.29,11:00,1.09276,1.09398,1.09258,1.09387,3703,249014
2023.06.29,12:00,1.09386,1.09414,1.08732,1.08807,10377,238633
2023.06.29,13:00,1.08811,1.08852,1.08602,1.08689,10987,227646
2023.06.29,14:00,1.08689,1.08939,1.08689,1.08896,11099,238749
2023.06.29,15:00,1.08895,1.08964,1.08788,1.08804,7250,231495
2023.06.29,16:00,1.08804,1.08836,1.08686,1.08706,4332,227163
2023.06.29,17:00,1.08707,1.0875,1.08683,1.08724,3106,230273
2023.06.29,18:00,1.08724,1.08727,1.08656,1.0867,3131,227138
2023.06.29,19:00,1.0867,1.0872,1.08666,1.08692,2869,230011
2023.06.29,20:00,1.08691,1.08695,1.08636,1.08641,1517,228490
2023.06.29,21:00,1.08638,1.08654,1.08626,1.08637,123,228367
2023.06.29,22:00,1.08636,1.08669,1.08622,1.08654,1276,229647
2023.06.29,23:00,1.08655,1.0868,1.08645,1.08674,1148,230795
2023.06.30,00:00,1.08674,1.08738,1.08634,1.0872,3071,233866
2023.06.30,01:00,1.08721,1.08753,1.08602,1.08615,4223,229639
2023.06.30,02:00,1.08614,1.08713,1.08611,1.08665,3454,233097
2023.06.30,03:00,1.08664,1.0875,1.08659,1.08713,2725,235822
2023.06.30,04:00,1.08713,1.08737,1.08681,1.08698,1944,233874
2023.06.30,05:00,1.08699,1.08755,1.08669,1.08698,3082,230792
2023.06.30,06:00,1.08696,1.08698,1.08568,1.0864,5139,225653
2023.06.30,07:00,1.08634,1.08693,1.08533,1.08565,6136,219517
2023.06.30,08:00,1.08566,1.08567,1.08353,1.08389,6019,213498
2023.06.30,09:00,1.0837,1.08493,1.08356,1.08456,4782,218284
2023.06.30,10:00,1.08457,1.08538,1.0841,1.08533,3911,222195
2023.06.30,11:00,1.08532,1.08593,1.0849,1.08536,4080,226275
2023.06.30,12:00,1.0854,1.08977,1.08531,1.08969,9644,235919
2023.06.30,13:00,1.08968,1.09168,1.08962,1.09143,10463,246382
2023.06.30,14:00,1.09142,1.09318,1.09086,1.09104,11918,234460
2023.06.30,15:00,1.09103,1.09192,1.09065,1.0919,7263,241727
2023.06.30,16:00,1.09193,1.09225,1.09121,1.09183,4927,246654
2023.06.30,17:00,1.09185,1.0923,1.09098,1.09117,3675,242975
2023.06.30,18:00,1.09118,1.09159,1.09104,1.09109,3115,239860
2023.06.30,19:00,1.09113,1.09146,1.09092,1.09129,3401,243265
2023.06.30,20:00,1.09131,1.09131,1.09079,1.09098,2103,241158
2023.07.02,21:00,1.09098,1.0911,1.09063,1.0907,104,241054
2023.07.02,22:00,1.09075,1.0913,1.09075,1.09101,1128,242186
2023.07.02,23:00,1.09101,1.09103,1.09065,1.09071,1128,241054
2023.07.03,00:00,1.09073,1.09097,1.09005,1.09015,3022,238032
2023.07.03,01:00,1.09014,1.09178,1.09012,1.0909,3960,241996
2023.07.03,02:00,1.0909,1.09105,1.09064,1.09074,2800,239192
2023.07.03,03:00,1.09075,1.09137,1.09064,1.09127,2123,241319
2023.07.03,04:00,1.09127,1.09182,1.09125,1.09175,1506,242825
2023.07.03,05:00,1.09175,1.09181,1.0903,1.09033,2846,239975
2023.07.03,06:00,1.09035,1.09067,1.08881,1.08902,5769,234206
2023.07.03,07:00,1.08902,1.08908,1.08703,1.08753,6732,227474
2023.07.03,08:00,1.08753,1.08891,1.08732,1.08864,5185,232663
2023.07.03,09:00,1.08863,1.08917,1.08761,1.08901,4859,237522
2023.07.03,10:00,1.089,1.08962,1.08815,1.08921,4124,241646
2023.07.03,11:00,1.08921,1.09047,1.08872,1.08993,5200,246846
2023.07.03,12:00,1.0899,1.09104,1.08938,1.09088,5324,252170
2023.07.03,13:00,1.09088,1.09204,1.09044,1.09127,6965,259135
2023.07.03,14:00,1.09132,1.09337,1.09026,1.09067,10381,248750
2023.07.03,15:00,1.09068,1.09229,1.09019,1.09181,6094,254848
2023.07.03,16:00,1.0918,1.09212,1.09137,1.09156,3685,251159
2023.07.03,17:00,1.09159,1.09164,1.09084,1.09084,1362,249797
2023.07.03,18:00,1.09084,1.09127,1.09084,1.09118,1058,250859
2023.07.03,19:00,1.09118,1.09118,1.09093,1.09093,933,249922
2023.07.03,20:00,1.09094,1.09144,1.09089,1.0913,656,250578
2023.07.03,21:00,1.09104,1.09133,1.09087,1.09104,87,250491
2023.07.03,22:00,1.09105,1.09154,1.09105,1.09125,619,251114
2023.07.03,23:00,1.0913,1.0915,1.09122,1.09127,706,251820
2023.07.04,00:00,1.09128,1.09136,1.09086,1.09098,1839,249977
2023.07.04,01:00,1.09099,1.09163,1.09082,1.09107,2321,247656
2023.07.04,02:00,1.09107,1.09113,1.09024,1.09057,1666,245990
2023.07.04,03:00,1.09056,1.09092,1.09041,1.09045,1358,244632
2023.07.04,04:00,1.09044,1.09054,1.09006,1.09007,2487,242145
2023.07.04,05:00,1.09003,1.09011,1.08939,1.08954,2146,239999
2023.07.04,06:00,1.08957,1.09148,1.08952,1.09148,3813,243816
2023.07.04,07:00,1.09148,1.09148,1.08962,1.09028,4887,238925
2023.07.04,08:00,1.09027,1.09046,1.08921,1.08954,4022,234903
2023.07.04,09:00,1.08955,1.09031,1.08945,1.08984,3717,238624
2023.07.04,10:00,1.08983,1.09038,1.08954,1.0896,3282,235338
2023.07.04,11:00,1.08961,1.09021,1.08896,1.08982,3179,238521
2023.07.04,12:00,1.08982,1.09012,1.08936,1.09007,3270,241791
2023.07.04,13:00,1.09007,1.09012,1.0896,1.08999,3522,245313
2023.07.04,14:00,1.08999,1.09075,1.08982,1.09018,3640,248953
2023.07.04,15:00,1.09016,1.09026,1.08965,1.09011,2578,251531
2023.07.04,16:00,1.0901,1.09012,1.08919,1.08943,2008,249519
2023.07.04,17:00,1.08944,1.08973,1.08933,1.08938,742,248777
2023.07.04,18:00,1.08939,1.08961,1.08867,1.08873,718,248059
2023.07.04,19:00,1.08874,1.08877,1.08809,1.08833,1169,246890
2023.07.04,20:00,1.08833,1.08836,1.08767,1.08791,1035,245859
2023.07.04,21:00,1.08811,1.08813,1.08781,1.08788,450,245405
2023.07.04,22:00,1.08788,1.08817,1.08773,1.08805,1134,246543
2023.07.04,23:00,1.08806,1.08832,1.08795,1.08824,1353,247896
2023.07.05,00:00,1.08824,1.08908,1.08824,1.08867,2243,250139
2023.07.05,01:00,1.08866,1.08872,1.08763,1.0877,3166,246969
2023.07.05,02:00,1.08769,1.08783,1.08749,1.08781,2162,249135
2023.07.05,03:00,1.08782,1.08793,1.08752,1.08773,1727,250862
2023.07.05,04:00,1.08774,1.08775,1.08751,1.08757,1053,249805
2023.07.05,05:00,1.08756,1.0884,1.08677,1.08813,2619,252428
2023.07.05,06:00,1.08815,1.08889,1.08713,1.08825,4762,257190
2023.07.05,07:00,1.08827,1.0908,1.08824,1.08867,7532,264722
2023.07.05,08:00,1.08865,1.08943,1.08664,1.08879,7702,272424
2023.07.05,09:00,1.08878,1.08957,1.08754,1.08941,5341,277765
2023.07.05,10:00,1.08941,1.08948,1.08774,1.08781,4212,273549
2023.07.05,11:00,1.0878,1.08823,1.08754,1.08791,4230,269319
2023.07.05,12:00,1.0879,1.0902,1.08756,1.08942,6327,275650
2023.07.05,13:00,1.08942,1.09014,1.08857,1.08915,7408,268238
2023.07.05,14:00,1.08914,1.0895,1.0867,1.08736,9400,258838
2023.07.05,15:00,1.08738,1.08771,1.08648,1.08672,5950,252888
2023.07.05,16:00,1.08672,1.08672,1.08591,1.08608,4014,248874
2023.07.05,17:00,1.08607,1.08639,1.08581,1.08598,2945,245929
2023.07.05,18:00,1.08599,1.08655,1.0851,1.08534,4673,241256
2023.07.05,19:00,1.08535,1.08567,1.08524,1.08551,2955,244215
2023.07.05,20:00,1.08549,1.08557,1.0853,1.08538,1580,242631
2023.07.05,21:00,1.08537,1.08565,1.0852,1.08557,541,243176
2023.07.05,22:00,1.08554,1.08572,1.08529,1.08531,842,242330
2023.07.05,23:00,1.0853,1.08564,1.08521,1.08553,954,243288
2023.07.06,00:00,1.08558,1.08561,1.08463,1.08489,2852,240432
2023.07.06,01:00,1.08486,1.08506,1.08428,1.085,3581,244017
2023.07.06,02:00,1.08505,1.08535,1.0846,1.08471,3139,240874
2023.07.06,03:00,1.0847,1.08471,1.08399,1.08402,2493,238381
2023.07.06,04:00,1.08399,1.08437,1.08337,1.08433,3386,241771
2023.07.06,05:00,1.08432,1.08564,1.08416,1.08553,3675,245446
2023.07.06,06:00,1.0855,1.08692,1.0853,1.08673,6075,251521
2023.07.06,07:00,1.08672,1.08749,1.08522,1.08557,7608,243909
2023.07.06,08:00,1.08556,1.08657,1.08454,1.0864,6822,250735
2023.07.06,09:00,1.0864,1.08687,1.08601,1.08617,5155,245576
2023.07.06,10:00,1.08616,1.08899,1.08613,1.08867,6785,252365
2023.07.06,11:00,1.08866,1.08977,1.08833,1.08952,5884,258249
2023.07.06,12:00,1.0895,1.09006,1.08584,1.08738,14505,243740
2023.07.06,13:00,1.08743,1.08878,1.08672,1.08832,11521,255261
2023.07.06,14:00,1.08745,1.08787,1.08337,1.08681,13772,241489
2023.07.06,15:00,1.08681,1.08781,1.08582,1.08725,8541,250034
2023.07.06,16:00,1.08725,1.08859,1.08707,1.08725,5650,255684
2023.07.06,17:00,1.08727,1.08821,1.08723,1.08819,3742,259426
2023.07.06,18:00,1.0882,1.08856,1.08773,1.08807,3505,255917
2023.07.06,19:00,1.08807,1.08888,1.08807,1.08883,2930,258851
2023.07.06,20:00,1.08881,1.08924,1.08852,1.08921,1697,260544
2023.07.06,21:00,1.08875,1.0889,1.08858,1.08889,215,260329
2023.07.06,22:00,1.0889,1.08913,1.0889,1.08913,943,261276
2023.07.06,23:00,1.08913,1.08949,1.08895,1.08896,1396,259876
2023.07.07,00:00,1.08897,1.08911,1.08823,1.08851,3194,256682
2023.07.07,01:00,1.0885,1.08912,1.08847,1.0887,3378,260064
2023.07.07,02:00,1.08869,1.08885,1.08833,1.0886,2941,263005
2023.07.07,03:00,1.0886,1.08915,1.08858,1.08878,2216,265221
2023.07.07,04:00,1.08877,1.08951,1.08856,1.08911,1646,266867
2023.07.07,05:00,1.08915,1.08962,1.08865,1.08873,3009,263854
2023.07.07,06:00,1.08875,1.09002,1.08812,1.0883,5248,258606
2023.07.07,07:00,1.08829,1.0891,1.08716,1.0876,7668,250938
2023.07.07,08:00,1.08759,1.08808,1.0867,1.08779,6166,257108
2023.07.07,09:00,1.08778,1.08888,1.08698,1.08805,6125,263233
2023.07.07,10:00,1.08805,1.08965,1.08778,1.08923,4269,267502
2023.07.07,11:00,1.08924,1.08968,1.08875,1.08876,4393,263105
2023.07.07,12:00,1.08875,1.09315,1.08747,1.09119,13183,276292
2023.07.07,13:00,1.09115,1.09248,1.08952,1.09165,14284,290576
2023.07.07,14:00,1.09163,1.09541,1.09096,1.09489,11029,301605
2023.07.07,15:00,1.09487,1.09633,1.09446,1.09628,7391,308996
2023.07.07,16:00,1.0963,1.09727,1.09629,1.09718,5206,314202
2023.07.07,17:00,1.09717,1.09732,1.09663,1.09673,3478,310720
2023.07.07,18:00,1.09674,1.09703,1.09657,1.09674,2961,307759
2023.07.07,19:00,1.09673,1.09696,1.09632,1.09667,3414,304345
2023.07.07,20:00,1.09668,1.09693,1.09649,1.09678,1756,306101
2023.07.09,21:00,1.09575,1.09668,1.09567,1.09637,231,305870
2023.07.09,22:00,1.09638,1.09695,1.09638,1.09663,1743,307617
2023.07.09,23:00,1.09659,1.09681,1.09622,1.09669,1340,308957
2023.07.10,00:00,1.0967,1.09689,1.09568,1.09641,3375,305578
2023.07.10,01:00,1.09642,1.09694,1.09571,1.09603,4943,300635
2023.07.10,02:00,1.09603,1.09633,1.09564,1.09604,3731,296904
2023.07.10,03:00,1.09605,1.09622,1.09529,1.09559,2977,293927
2023.07.10,04:00,1.09558,1.0958,1.09526,1.0953,2441,291486
2023.07.10,05:00,1.09531,1.09562,1.09461,1.09462,3522,287964
2023.07.10,06:00,1.09461,1.09548,1.0945,1.09504,5445,293413
2023.07.10,07:00,1.09506,1.09654,1.09484,1.09545,5831,299244
2023.07.10,08:00,1.09545,1.09656,1.09528,1.09648,4736,303980
2023.07.10,09:00,1.09646,1.0973,1.09609,1.09618,5029,298947
2023.07.10,10:00,1.09619,1.09651,1.09546,1.09593,4012,294935
2023.07.10,11:00,1.09593,1.09621,1.09533,1.09539,4337,290598
2023.07.10,12:00,1.09543,1.0958,1.09435,1.09469,6426,284172
2023.07.10,13:00,1.09471,1.09713,1.09471,1.09668,8803,292979
2023.07.10,14:00,1.09669,1.09803,1.09664,1.09746,8235,301214
2023.07.10,15:00,1.09747,1.09927,1.09747,1.099,6466,307680
2023.07.10,16:00,1.09899,1.09911,1.09824,1.09893,4009,311689
2023.07.10,17:00,1.09892,1.09966,1.09874,1.09952,3613,315302
2023.07.10,18:00,1.09952,1.09994,1.09913,1.09992,3155,318457
2023.07.10,19:00,1.0999,1.10003,1.09963,1.0998,2884,315569
2023.07.10,20:00,1.09982,1.10014,1.09969,1.1001,1440,317013
2023.07.10,21:00,1.10004,1.10011,1.0993,1.09995,280,316729
2023.07.10,22:00,1.09995,1.10028,1.09992,1.10013,1193,317926
2023.07.10,23:00,1.10015,1.10059,1.10013,1.10053,1159,319085
2023.07.11,00:00,1.10055,1.10087,1.10015,1.10067,3284,322369
2023.07.11,01:00,1.10067,1.1013,1.10057,1.10095,3642,326011
2023.07.11,02:00,1.10094,1.102,1.10063,1.10188,3945,329956
2023.07.11,03:00,1.10187,1.10192,1.1012,1.10174,3613,326339
2023.07.11,04:00,1.10174,1.102,1.10151,1.10198,2950,329293
2023.07.11,05:00,1.10198,1.10222,1.10059,1.10069,4221,325068
2023.07.11,06:00,1.10074,1.1027,1.10074,1.10214,6573,331645
2023.07.11,07:00,1.10213,1.10229,1.10074,1.10081,7490,324151
2023.07.11,08:00,1.1008,1.10155,1.10021,1.10024,5334,318817
2023.07.11,09:00,1.10026,1.10084,1.09972,1.10063,5899,324720
2023.07.11,10:00,1.10063,1.10127,1.10038,1.10059,4304,329024
2023.07.11,11:00,1.10059,1.10064,1.0983,1.09839,4532,324488
2023.07.11,12:00,1.09838,1.09902,1.0977,1.09819,6468,318020
2023.07.11,13:00,1.09818,1.09937,1.09794,1.09871,7791,325815
2023.07.11,14:00,1.0987,1.09932,1.09783,1.09898,7159,332974
2023.07.11,15:00,1.099,1.09947,1.09862,1.09917,5161,338135
2023.07.11,16:00,1.09916,1.10031,1.0991,1.10025,3513,341648
2023.07.11,17:00,1.10025,1.10092,1.10022,1.10067,3010,344658
2023.07.11,18:00,1.10066,1.10076,1.09975,1.09991,2749,341905
2023.07.11,19:00,1.09994,1.10073,1.09991,1.10059,2820,344729
2023.07.11,20:00,1.10062,1.10086,1.10049,1.10082,1379,346104
2023.07.11,21:00,1.10033,1.10085,1.10033,1.10064,578,345526
2023.07.11,22:00,1.10063,1.10121,1.10063,1.1012,1034,346564
2023.07.11,23:00,1.10122,1.10143,1.10112,1.10137,1343,347907
2023.07.12,00:00,1.10137,1.10215,1.1012,1.10187,4766,352673
2023.07.12,01:00,1.10187,1.10317,1.10185,1.1027,5091,357764
2023.07.12,02:00,1.10272,1.10337,1.10253,1.10311,4639,362403
2023.07.12,03:00,1.10312,1.10314,1.10266,1.10296,3236,359163
2023.07.12,04:00,1.10297,1.10368,1.10292,1.10362,2931,362098
2023.07.12,05:00,1.10362,1.10363,1.10254,1.10261,3991,358103
2023.07.12,06:00,1.10266,1.10354,1.10205,1.10228,4825,353278
2023.07.12,07:00,1.10227,1.10298,1.10218,1.10273,5911,359193
2023.07.12,08:00,1.10273,1.10305,1.10215,1.10222,4806,354383
2023.07.12,09:00,1.10219,1.10279,1.10182,1.10247,4163,358550
2023.07.12,10:00,1.10248,1.10253,1.10185,1.10221,3511,355035
2023.07.12,11:00,1.1022,1.10247,1.10136,1.10149,4817,350218
2023.07.12,12:00,1.10153,1.10717,1.1015,1.10582,13329,363551
2023.07.12,13:00,1.10583,1.11004,1.10564,1.10979,13893,377444
2023.07.12,14:00,1.10978,1.11234,1.10888,1.11203,11767,389211
2023.07.12,15:00,1.11203,1.11253,1.11105,1.11221,7889,397100
2023.07.12,16:00,1.1122,1.11334,1.11202,1.1132,6431,403531
2023.07.12,17:00,1.11317,1.11326,1.11244,1.11297,4106,399421
2023.07.12,18:00,1.11299,1.114,1.11279,1.11383,3895,403320
2023.07.12,19:00,1.1138,1.11404,1.11334,1.11371,3236,400080
2023.07.12,20:00,1.11369,1.1138,1.11307,1.11317,1928,398152
2023.07.12,21:00,1.11285,1.11334,1.11271,1.11285,613,397539
2023.07.12,22:00,1.11294,1.11369,1.11283,1.11354,1493,399036
2023.07.12,23:00,1.11352,1.11407,1.11342,1.11406,1760,400796
2023.07.13,00:00,1.11406,1.1145,1.11376,1.11382,3572,397220
2023.07.13,01:00,1.11382,1.11456,1.11364,1.11449,4215,401439
2023.07.13,02:00,1.11451,1.11476,1.11392,1.11461,3732,405171
2023.07.13,03:00,1.11461,1.11488,1.11423,1.11457,3036,408207
2023.07.13,04:00,1.11456,1.11485,1.11406,1.11409,2563,405640
2023.07.13,05:00,1.11408,1.11432,1.11298,1.11309,4759,400881
2023.07.13,06:00,1.11309,1.11501,1.11307,1.11483,7175,408060
2023.07.13,07:00,1.11483,1.11577,1.11362,1.11553,7758,415818
2023.07.13,08:00,1.11549,1.117,1.11503,1.11608,6957,422775
2023.07.13,09:00,1.11607,1.11746,1.1155,1.11727,5663,428438
2023.07.13,10:00,1.11728,1.11736,1.11595,1.11714,4916,423518
2023.07.13,11:00,1.11715,1.11779,1.11685,1.11744,4539,428061
2023.07.13,12:00,1.11744,1.11896,1.11616,1.11796,11868,439929
2023.07.13,13:00,1.11797,1.11949,1.11763,1.11942,10671,450600
2023.07.13,14:00,1.11944,1.11961,1.11806,1.11959,8848,459448
2023.07.13,15:00,1.11958,1.11966,1.11858,1.11928,6313,453131
2023.07.13,16:00,1.11928,1.12088,1.11917,1.12058,4891,458026
2023.07.13,17:00,1.12058,1.12185,1.12023,1.12157,4239,462265
2023.07.13,18:00,1.12154,1.12227,1.12131,1.12224,3805,466070
2023.07.13,19:00,1.12224,1.12271,1.12193,1.12263,3867,469937
2023.07.13,20:00,1.12262,1.12279,1.12241,1.12261,1646,471579
2023.07.13,21:00,1.12177,1.12254,1.12177,1.12241,1058,470521
2023.07.13,22:00,1.12243,1.12298,1.12228,1.12245,1679,468842
2023.07.13,23:00,1.12246,1.1228,1.12216,1.12232,2274,466568
2023.07.14,00:00,1.12234,1.12248,1.12134,1.12228,5336,461232
2023.07.14,01:00,1.12226,1.12336,1.12221,1.1233,5672,466908
2023.07.14,02:00,1.12328,1.12385,1.12313,1.12353,3975,470883
2023.07.14,03:00,1.12353,1.1243,1.12336,1.12413,3501,474384
2023.07.14,04:00,1.12409,1.12409,1.12326,1.1233,3228,471152
2023.07.14,05:00,1.12331,1.12351,1.12183,1.12192,4633,466519
2023.07.14,06:00,1.12196,1.12256,1.12055,1.12101,6621,459898
2023.07.14,07:00,1.12101,1.12217,1.12041,1.12217,6549,466451
2023.07.14,08:00,1.12219,1.1236,1.12212,1.12311,5444,471895
2023.07.14,09:00,1.12312,1.12449,1.1226,1.12267,5244,466647
2023.07.14,10:00,1.12267,1.12267,1.12153,1.12202,5020,461627
2023.07.14,11:00,1.12203,1.12343,1.12191,1.12242,4767,466398
2023.07.14,12:00,1.12243,1.12272,1.12102,1.12258,7979,474377
2023.07.14,13:00,1.12257,1.12439,1.12176,1.12395,8295,482672
2023.07.14,14:00,1.12399,1.12444,1.12152,1.12417,14534,497206
2023.07.14,15:00,1.12418,1.12442,1.12349,1.12356,6294,490908
2023.07.14,16:00,1.12356,1.12431,1.1233,1.12394,4551,495463
2023.07.14,17:00,1.12396,1.12396,1.12264,1.12341,3804,491655
2023.07.14,18:00,1.1234,1.12366,1.12315,1.1234,3347,488308
2023.07.14,19:00,1.1234,1.1234,1.12258,1.1226,3350,484958
2023.07.14,20:00,1.12259,1.12293,1.12244,1.12254,1804,483154
2023.07.16,21:00,1.12237,1.1231,1.12237,1.12291,197,483355
2023.07.16,22:00,1.12303,1.12315,1.12246,1.12255,1609,481742
2023.07.16,23:00,1.12256,1.12293,1.12233,1.12273,2143,483889
2023.07.17,00:00,1.12272,1.12296,1.12231,1.12246,2636,481249
2023.07.17,01:00,1.12248,1.12273,1.12173,1.12178,3812,477437
2023.07.17,02:00,1.12169,1.1228,1.12146,1.12264,3278,480719
2023.07.17,03:00,1.12265,1.12284,1.12244,1.12263,2418,483137
2023.07.17,04:00,1.12265,1.12275,1.12223,1.12269,1782,484919
2023.07.17,05:00,1.12268,1.12346,1.12221,1.12325,3142,488061
2023.07.17,06:00,1.12325,1.12402,1.12225,1.12333,4897,492958
2023.07.17,07:00,1.12336,1.12451,1.12296,1.12447,5832,498790
2023.07.17,08:00,1.12446,1.12489,1.12363,1.12379,5355,493431
2023.07.17,09:00,1.12379,1.12447,1.12348,1.12434,5177,498612
2023.07.17,10:00,1.12434,1.12434,1.12307,1.12314,3919,494689
2023.07.17,11:00,1.12313,1.12377,1.12291,1.1234,3816,498509
2023.07.17,12:00,1.1234,1.12371,1.12207,1.12353,8519,507028
2023.07.17,13:00,1.12354,1.12358,1.12033,1.12213,8338,498686
2023.07.17,14:00,1.12217,1.12333,1.12177,1.12317,6306,504996
2023.07.17,15:00,1.12322,1.12379,1.12254,1.12349,4394,509390
2023.07.17,16:00,1.12349,1.12383,1.12301,1.12329,2549,506837
2023.07.17,17:00,1.12328,1.12444,1.1232,1.12404,3437,510278
2023.07.17,18:00,1.12405,1.12441,1.12393,1.12432,2428,512706
2023.07.17,19:00,1.12432,1.12461,1.12414,1.12437,2343,515049
2023.07.17,20:00,1.12438,1.12438,1.12366,1.12379,1838,513207
2023.07.17,21:00,1.12332,1.12389,1.12332,1.12365,537,512674
2023.07.17,22:00,1.1238,1.12403,1.12363,1.12395,1112,513786
2023.07.17,23:00,1.12396,1.12402,1.12368,1.12373,1524,512258
2023.07.18,00:00,1.12374,1.12465,1.12345,1.12417,3625,515887
2023.07.18,01:00,1.12422,1.1256,1.12388,1.12453,6043,521930
2023.07.18,02:00,1.12456,1.12488,1.12435,1.12477,4176,526106
2023.07.18,03:00,1.12477,1.12548,1.12445,1.12539,3014,529120
2023.07.18,04:00,1.12538,1.12562,1.12504,1.12518,2787,526329
2023.07.18,05:00,1.12518,1.1264,1.12493,1.125,3426,522903
2023.07.18,06:00,1.12501,1.12572,1.12405,1.12561,5582,528489
2023.07.18,07:00,1.12561,1.12757,1.12431,1.12537,8695,519790
2023.07.18,08:00,1.12538,1.12559,1.12281,1.12371,7170,512620
2023.07.18,09:00,1.12373,1.12494,1.12369,1.12488,5166,517790
2023.07.18,10:00,1.1249,1.126,1.12469,1.12573,4855,522645
2023.07.18,11:00,1.12574,1.1258,1.12417,1.12533,5419,517222
2023.07.18,12:00,1.12534,1.12698,1.1223,1.12397,12432,504790
2023.07.18,13:00,1.12399,1.12458,1.12167,1.12268,13315,491475
2023.07.18,14:00,1.12264,1.12399,1.1225,1.12367,11804,503283
2023.07.18,15:00,1.12369,1.12454,1.12212,1.12225,7090,496189
2023.07.18,16:00,1.12226,1.12285,1.12087,1.12146,4226,491963
2023.07.18,17:00,1.12146,1.1221,1.12092,1.12187,3235,495202
2023.07.18,18:00,1.12183,1.1231,1.12137,1.1229,3612,498814
2023.07.18,19:00,1.12289,1.12307,1.12242,1.12301,3993,502807
2023.07.18,20:00,1.12302,1.12316,1.12269,1.12277,1956,500847
2023.07.18,21:00,1.12268,1.12298,1.12261,1.12285,478,500369
2023.07.18,22:00,1.12282,1.12327,1.12279,1.12315,1243,501616
2023.07.18,23:00,1.12316,1.12319,1.12251,1.1228,1922,499690
2023.07.19,00:00,1.12281,1.12328,1.1227,1.12296,3397,503091
2023.07.19,01:00,1.12297,1.12312,1.12216,1.1225,4993,498094
2023.07.19,02:00,1.1225,1.12255,1.12162,1.12216,4330,493764
2023.07.19,03:00,1.12216,1.12267,1.12201,1.12262,2942,496710
2023.07.19,04:00,1.12263,1.12265,1.12197,1.12215,2592,494114
2023.07.19,05:00,1.12216,1.12357,1.12202,1.1235,3945,498063
2023.07.19,06:00,1.12354,1.12356,1.1196,1.12131,10422,487637
2023.07.19,07:00,1.12129,1.12371,1.12125,1.12269,8782,496423
2023.07.19,08:00,1.12267,1.12325,1.12199,1.12323,6540,502963
2023.07.19,09:00,1.12325,1.124,1.12255,1.12295,5616,497343
2023.07.19,10:00,1.12293,1.12293,1.12158,1.1216,4997,492346
2023.07.19,11:00,1.12159,1.12203,1.12099,1.12132,5140,487206
2023.07.19,12:00,1.12131,1.12239,1.12088,1.12172,7967,495177
2023.07.19,13:00,1.12172,1.12245,1.12132,1.12135,8487,486686
2023.07.19,14:00,1.12134,1.12143,1.11743,1.11906,10358,476328
2023.07.19,15:00,1.11907,1.11993,1.11895,1.11939,7537,483869
2023.07.19,16:00,1.1194,1.11951,1.11802,1.11921,5324,478541
2023.07.19,17:00,1.11922,1.11996,1.11902,1.11991,4603,483148
2023.07.19,18:00,1.11992,1.12022,1.11951,1.12018,3221,486369
2023.07.19,19:00,1.12018,1.12051,1.11984,1.12038,3720,490089
2023.07.19,20:00,1.12038,1.12047,1.12004,1.12025,1546,488539
2023.07.19,21:00,1.11987,1.12032,1.11946,1.11997,1098,487441
2023.07.19,22:00,1.11998,1.1204,1.11992,1.12036,1644,489089
2023.07.19,23:00,1.12036,1.12051,1.12023,1.12049,1240,490329
2023.07.20,00:00,1.1205,1.12202,1.12039,1.12183,4118,494447
2023.07.20,01:00,1.12181,1.12286,1.12156,1.12257,6591,501038
2023.07.20,02:00,1.12259,1.12291,1.12211,1.1225,4323,505361
2023.07.20,03:00,1.12252,1.12272,1.12185,1.12258,3750,509111
2023.07.20,04:00,1.12258,1.12268,1.12201,1.12212,2274,506833
2023.07.20,05:00,1.12214,1.12232,1.12133,1.12169,4239,502594
2023.07.20,06:00,1.12167,1.12182,1.12056,1.12107,5250,497344
2023.07.20,07:00,1.12107,1.12209,1.1198,1.12054,7443,489901
2023.07.20,08:00,1.12055,1.12135,1.1201,1.12084,6001,495906
2023.07.20,09:00,1.12078,1.12143,1.1205,1.1212,4673,500579
2023.07.20,10:00,1.1212,1.12167,1.12015,1.1204,4601,495974
2023.07.20,11:00,1.1204,1.12127,1.11988,1.12069,5032,501010
2023.07.20,12:00,1.12065,1.12066,1.11771,1.11826,10881,490125
2023.07.20,13:00,1.11825,1.11879,1.11721,1.11832,8977,481148
2023.07.20,14:00,1.11831,1.11887,1.11406,1.11469,11416,469732
2023.07.20,15:00,1.1147,1.11525,1.1132,1.11348,6232,463500
2023.07.20,16:00,1.11349,1.11386,1.11184,1.11241,5357,458143
2023.07.20,17:00,1.11245,1.11347,1.11219,1.11302,4325,462472
2023.07.20,18:00,1.11302,1.11307,1.11234,1.11263,3165,459303
2023.07.20,19:00,1.11263,1.11334,1.11263,1.11318,3097,462404
2023.07.20,20:00,1.11319,1.11323,1.11283,1.11293,1315,461089
2023.07.20,21:00,1.11319,1.11348,1.11295,1.11346,1626,462711
2023.07.20,22:00,1.11331,1.11368,1.11309,1.1135,1250,463965
2023.07.20,23:00,1.11351,1.1138,1.11334,1.11345,1413,465378
2023.07.21,00:00,1.11344,1.11381,1.11298,1.11375,3690,469068
2023.07.21,01:00,1.11375,1.11405,1.11309,1.11391,5727,474795
2023.07.21,02:00,1.11392,1.11417,1.1136,1.11395,3550,478345
2023.07.21,03:00,1.11395,1.11406,1.11346,1.11361,2589,475752
2023.07.21,04:00,1.11362,1.11398,1.11344,1.11395,2113,477869
2023.07.21,05:00,1.11396,1.11437,1.11338,1.1143,3204,481073
2023.07.21,06:00,1.11428,1.1145,1.11353,1.11429,5571,486644
2023.07.21,07:00,1.11428,1.11447,1.11249,1.1128,8362,478278
2023.07.21,08:00,1.11279,1.11377,1.11213,1.11282,7840,470438
2023.07.21,09:00,1.11282,1.11322,1.11224,1.11279,6332,464106
2023.07.21,10:00,1.11278,1.1129,1.11201,1.11255,4290,459816
2023.07.21,11:00,1.11254,1.11313,1.11174,1.11182,4767,455049
2023.07.21,12:00,1.11182,1.11343,1.11182,1.11282,7479,462532
2023.07.21,13:00,1.11281,1.1138,1.11115,1.11186,8963,453565
2023.07.21,14:00,1.11182,1.11183,1.11078,1.11132,7488,446077
2023.07.21,15:00,1.11135,1.1126,1.11121,1.11195,5428,451509
2023.07.21,16:00,1.11196,1.11254,1.11155,1.11233,3545,455054
2023.07.21,17:00,1.11233,1.1129,1.11227,1.11259,2652,457706
2023.07.21,18:00,1.11258,1.11302,1.11241,1.11248,3137,454565
2023.07.21,19:00,1.11249,1.11254,1.11191,1.11254,2301,452264
2023.07.21,20:00,1.11257,1.11291,1.11244,1.11252,1706,450558
2023.07.23,21:00,1.11213,1.11315,1.11213,1.11308,592,451150
2023.07.23,22:00,1.11287,1.113,1.11248,1.11287,1719,449431
2023.07.23,23:00,1.11285,1.11305,1.11239,1.11244,1356,448075
2023.07.24,00:00,1.11245,1.11328,1.11228,1.11299,3346,451425
2023.07.24,01:00,1.11298,1.11308,1.11196,1.11221,4926,446495
2023.07.24,02:00,1.11221,1.11312,1.11209,1.11264,4027,450526
2023.07.24,03:00,1.11263,1.11291,1.11248,1.11255,3272,453798
2023.07.24,04:00,1.11254,1.11255,1.11168,1.11201,2175,451619
2023.07.24,05:00,1.11201,1.11323,1.11186,1.11319,3556,455179
2023.07.24,06:00,1.11318,1.11412,1.11245,1.11358,4947,460126
2023.07.24,07:00,1.11356,1.1147,1.10747,1.10814,11565,448557
2023.07.24,08:00,1.10813,1.10879,1.10658,1.10709,9621,438936
2023.07.24,09:00,1.10708,1.1092,1.10693,1.10819,6814,445754
2023.07.24,10:00,1.10815,1.10933,1.108,1.10914,5586,451340
2023.07.24,11:00,1.10916,1.1109,1.10879,1.10974,5584,456924
2023.07.24,12:00,1.10979,1.10998,1.10823,1.10879,6213,450707
2023.07.24,13:00,1.10877,1.11041,1.10745,1.10849,9829,440878
2023.07.24,14:00,1.10849,1.10908,1.10691,1.10791,9700,431178
2023.07.24,15:00,1.10792,1.1084,1.10711,1.1082,5560,436742
2023.07.24,16:00,1.10821,1.10832,1.10716,1.10814,5047,441789
2023.07.24,17:00,1.10812,1.10844,1.10687,1.10748,3973,437812
2023.07.24,18:00,1.10749,1.10751,1.10672,1.10706,3272,434540
2023.07.24,19:00,1.10706,1.10722,1.10603,1.10604,2827,431713
2023.07.24,20:00,1.10603,1.10652,1.10603,1.10647,1891,433604
2023.07.24,21:00,1.10635,1.10668,1.10628,1.10628,1319,432285
2023.07.24,22:00,1.10628,1.10661,1.10622,1.10625,1041,431244
2023.07.24,23:00,1.10626,1.10647,1.10597,1.1063,1525,429719
2023.07.25,00:00,1.10631,1.107,1.10626,1.10673,3657,433380
2023.07.25,01:00,1.10674,1.10769,1.1067,1.10738,5400,438780
2023.07.25,02:00,1.10737,1.10816,1.10702,1.10807,4739,443519
2023.07.25,03:00,1.10807,1.10808,1.10757,1.10783,2667,440848
2023.07.25,04:00,1.1078,1.1079,1.10688,1.10703,2086,438762
2023.07.25,05:00,1.10703,1.10782,1.10694,1.10762,3992,442758
2023.07.25,06:00,1.10759,1.10869,1.10717,1.10799,5513,448271
2023.07.25,07:00,1.10798,1.10846,1.10698,1.1071,7000,441267
2023.07.25,08:00,1.1071,1.10711,1.10527,1.10648,7666,433601
2023.07.25,09:00,1.10647,1.10677,1.10418,1.10424,5198,428403
2023.07.25,10:00,1.10422,1.1047,1.10409,1.1045,3483,431890
2023.07.25,11:00,1.10449,1.105,1.10391,1.10494,4744,436634
2023.07.25,12:00,1.10492,1.10531,1.1043,1.10486,4959,441593
2023.07.25,13:00,1.10487,1.10495,1.10256,1.10378,7386,434203
2023.07.25,14:00,1.10382,1.10451,1.10207,1.10444,6586,440793
2023.07.25,15:00,1.10446,1.10533,1.10424,1.10492,4655,445448
2023.07.25,16:00,1.10491,1.10547,1.1041,1.10422,3831,441613
2023.07.25,17:00,1.10422,1.10422,1.10353,1.10394,3343,438270
2023.07.25,18:00,1.10394,1.10456,1.10357,1.10452,2776,441050
2023.07.25,19:00,1.10451,1.10531,1.10433,1.10521,3655,444705
2023.07.25,20:00,1.1052,1.10553,1.10514,1.10553,2399,447100
2023.07.25,21:00,1.10512,1.10571,1.10512,1.10566,649,447753
2023.07.25,22:00,1.10565,1.10566,1.1049,1.10513,1452,446297
2023.07.25,23:00,1.10512,1.10526,1.10485,1.10499,1566,444731
2023.07.26,00:00,1.105,1.10531,1.10441,1.10457,3601,441130
2023.07.26,01:00,1.10456,1.10465,1.10378,1.10384,5070,436060
2023.07.26,02:00,1.10386,1.10463,1.10379,1.10458,3281,439345
2023.07.26,03:00,1.10457,1.10504,1.10449,1.10494,2526,441871
2023.07.26,04:00,1.10493,1.10531,1.10463,1.10481,2237,439630
2023.07.26,05:00,1.1048,1.1063,1.10476,1.10623,3205,442839
2023.07.26,06:00,1.1062,1.10711,1.10566,1.10634,6074,448913
2023.07.26,07:00,1.10632,1.10749,1.10571,1.10694,7123,456036
2023.07.26,08:00,1.10693,1.10775,1.10663,1.10756,5813,461849
2023.07.26,09:00,1.10756,1.10777,1.10686,1.10748,4339,466188
2023.07.26,10:00,1.1075,1.10862,1.10734,1.10821,4538,470726
2023.07.26,11:00,1.1082,1.10838,1.10599,1.10628,4500,466222
2023.07.26,12:00,1.10627,1.10706,1.10573,1.10682,6071,472297
2023.07.26,13:00,1.10681,1.10732,1.10577,1.10652,8093,464200
2023.07.26,14:00,1.10651,1.10715,1.10576,1.10635,8731,455469
2023.07.26,15:00,1.10635,1.10797,1.10616,1.10768,6049,461522
2023.07.26,16:00,1.10768,1.10823,1.10683,1.10718,3531,457987
2023.07.26,17:00,1.10714,1.10714,1.10567,1.1057,3527,454460
2023.07.26,18:00,1.10572,1.11051,1.10566,1.11039,18482,472946
2023.07.26,19:00,1.11041,1.11067,1.10783,1.10964,12062,460880
2023.07.26,20:00,1.10963,1.10965,1.10848,1.10857,2228,458652
2023.07.26,21:00,1.10814,1.10866,1.10814,1.1086,620,458032
2023.07.26,22:00,1.10867,1.10894,1.10843,1.10848,1692,456340
2023.07.26,23:00,1.10848,1.10849,1.10778,1.10779,1487,454853
2023.07.27,00:00,1.10778,1.10872,1.10774,1.10865,4082,458939
2023.07.27,01:00,1.10865,1.11003,1.10865,1.1099,4803,463742
2023.07.27,02:00,1.10992,1.11181,1.10992,1.10992,5083,468825
2023.07.27,03:00,1.10991,1.11063,1.10986,1.11002,3484,472309
2023.07.27,04:00,1.11004,1.11078,1.1096,1.1096,3046,469259
2023.07.27,05:00,1.10961,1.10996,1.1088,1.10889,4312,464947
2023.07.27,06:00,1.10889,1.11003,1.10887,1.11001,6349,471300
2023.07.27,07:00,1.10999,1.11342,1.10985,1.11286,7969,479269
2023.07.27,08:00,1.11284,1.11393,1.11243,1.1139,6405,485674
2023.07.27,09:00,1.11391,1.1144,1.11268,1.11395,5543,491217
2023.07.27,10:00,1.11395,1.11496,1.11361,1.11372,4844,486369
2023.07.27,11:00,1.11373,1.11411,1.11311,1.11385,4827,491200
2023.07.27,12:00,1.11384,1.11391,1.10476,1.10594,16978,474218
2023.07.27,13:00,1.10592,1.10653,1.09916,1.10081,17849,456369
2023.07.27,14:00,1.10082,1.10108,1.0984,1.09919,15015,441354
2023.07.27,15:00,1.09919,1.10032,1.09876,1.0997,8495,449853
2023.07.27,16:00,1.09971,1.10011,1.09861,1.09902,5578,444271
2023.07.27,17:00,1.09906,1.10104,1.09868,1.09987,12223,456498
2023.07.27,18:00,1.09986,1.09988,1.09717,1.09733,7638,448856
2023.07.27,19:00,1.09733,1.09742,1.09659,1.0967,5167,443689
2023.07.27,20:00,1.09668,1.09769,1.09662,1.09768,2430,446119
2023.07.27,21:00,1.09755,1.09778,1.09748,1.0977,385,446508
2023.07.27,22:00,1.09769,1.09836,1.09767,1.0983,1628,448136
2023.07.27,23:00,1.09832,1.09832,1.09761,1.09781,2317,445815
2023.07.28,00:00,1.09782,1.09825,1.09775,1.09801,4276,450095
2023.07.28,01:00,1.09802,1.0986,1.09736,1.09821,5706,455801
2023.07.28,02:00,1.09817,1.09859,1.09776,1.09829,4647,460448
2023.07.28,03:00,1.09829,1.09884,1.09714,1.09767,10489,449955
2023.07.28,04:00,1.09768,1.09787,1.09596,1.09727,10094,439861
2023.07.28,05:00,1.09729,1.09864,1.09488,1.09858,8886,448751
2023.07.28,06:00,1.0986,1.09914,1.09684,1.09711,10448,438303
2023.07.28,07:00,1.0979,1.09878,1.09436,1.09518,11196,427103
2023.07.28,08:00,1.09522,1.09689,1.09476,1.09596,8657,435764
2023.07.28,09:00,1.09598,1.09772,1.09564,1.09735,6387,442151
2023.07.28,10:00,1.09735,1.09965,1.09704,1.09936,5273,447424
2023.07.28,11:00,1.09936,1.10181,1.09919,1.10092,7106,454530
2023.07.28,12:00,1.10091,1.10332,1.10034,1.10093,12053,466583
2023.07.28,13:00,1.10091,1.10172,1.09931,1.10171,11922,478505
2023.07.28,14:00,1.10173,1.10475,1.10172,1.10356,11253,489758
2023.07.28,15:00,1.10356,1.104,1.10222,1.10383,7857,497615
2023.07.28,16:00,1.10382,1.1043,1.1025,1.10255,5436,492175
2023.07.28,17:00,1.10254,1.10293,1.10151,1.10212,4504,487671
2023.07.28,18:00,1.10209,1.10298,1.10158,1.10233,3713,491388
2023.07.28,19:00,1.10233,1.10266,1.10191,1.1023,3480,494868
2023.07.28,20:00,1.10229,1.10234,1.10146,1.10164,2501,492367
2023.07.30,21:00,1.10177,1.10193,1.10147,1.10174,330,492033
2023.07.30,22:00,1.10164,1.10278,1.10151,1.1027,2172,494209
2023.07.30,23:00,1.1027,1.10284,1.10237,1.10238,2043,492162
2023.07.31,00:00,1.1024,1.10279,1.10194,1.10223,4000,488162
2023.07.31,01:00,1.1022,1.10265,1.1014,1.10143,5536,482626
2023.07.31,02:00,1.10142,1.10161,1.10091,1.10154,5513,488143
2023.07.31,03:00,1.10153,1.10181,1.10119,1.10123,3490,484649
2023.07.31,04:00,1.10124,1.10125,1.10057,1.10059,2956,481693
2023.07.31,05:00,1.10058,1.10138,1.10053,1.10138,3874,485571
2023.07.31,06:00,1.10144,1.10175,1.10069,1.10109,5798,479769
2023.07.31,07:00,1.10109,1.10289,1.10109,1.10198,7502,487275
2023.07.31,08:00,1.10199,1.10359,1.10114,1.10342,7425,494700
2023.07.31,09:00,1.10339,1.10375,1.10256,1.10325,5598,489098
2023.07.31,10:00,1.10325,1.10402,1.10291,1.10366,4424,493526
2023.07.31,11:00,1.10365,1.10365,1.10231,1.10269,4593,488929
2023.07.31,12:00,1.1027,1.10387,1.10188,1.10282,6554,495487
2023.07.31,13:00,1.10283,1.10456,1.10144,1.10374,9346,504833
2023.07.31,14:00,1.10377,1.10458,1.10223,1.10251,10379,494450
2023.07.31,15:00,1.10251,1.10296,1.10122,1.10183,7097,487353
2023.07.31,16:00,1.10185,1.10201,1.10038,1.10069,4070,483283
2023.07.31,17:00,1.10069,1.10113,1.1004,1.10047,3172,480111
2023.07.31,18:00,1.10046,1.10079,1.09976,1.09986,3663,476448
2023.07.31,19:00,1.09986,1.10007,1.09937,1.09954,3803,472645
2023.07.31,20:00,1.09953,1.09978,1.09934,1.09968,1513,474158
2023.07.31,21:00,1.09943,1.09974,1.09931,1.09969,632,474794
2023.07.31,22:00,1.09963,1.10029,1.09954,1.1001,1423,476217
2023.07.31,23:00,1.10013,1.10014,1.09966,1.09966,1225,474988
2023.08.01,00:00,1.09967,1.10016,1.09883,1.09889,3169,471819
2023.08.01,01:00,1.09887,1.09908,1.0984,1.0986,3485,468334
2023.08.01,02:00,1.09858,1.09872,1.09804,1.09851,3254,465080
2023.08.01,03:00,1.09854,1.09892,1.09839,1.09855,3154,461926
2023.08.01,04:00,1.09855,1.0991,1.0982,1.09902,3285,465215
2023.08.01,05:00,1.099,1.0999,1.09866,1.09988,3849,469064
2023.08.01,06:00,1.09983,1.10003,1.09884,1.09945,4714,464346
2023.08.01,07:00,1.09945,1.09947,1.09702,1.09794,7603,456743
2023.08.01,08:00,1.09794,1.09867,1.09708,1.09747,6642,450101
2023.08.01,09:00,1.09747,1.09766,1.09658,1.09753,5060,445041
2023.08.01,10:00,1.09752,1.09846,1.09693,1.09821,4903,449948
2023.08.01,11:00,1.09821,1.09822,1.09737,1.09754,4895,445049
2023.08.01,12:00,1.09755,1.09769,1.09523,1.09563,7709,437340
2023.08.01,13:00,1.09565,1.09781,1.09559,1.0973,8102,445446
2023.08.01,14:00,1.09733,1.09889,1.09609,1.09782,13336,458782
2023.08.01,15:00,1.09786,1.09848,1.09608,1.09703,6940,451838
2023.08.01,16:00,1.09704,1.09781,1.09681,1.0972,3647,455489
2023.08.01,17:00,1.09719,1.09764,1.09627,1.09635,2942,452543
2023.08.01,18:00,1.09633,1.09745,1.09633,1.09738,2919,455466
2023.08.01,19:00,1.09736,1.09852,1.09735,1.09826,2912,458378
2023.08.01,20:00,1.09818,1.09853,1.09804,1.09838,1432,459806
2023.08.01,21:00,1.09816,1.10197,1.09809,1.10187,2925,462735
2023.08.01,22:00,1.10186,1.10186,1.09984,1.10093,3898,458833
2023.08.01,23:00,1.10093,1.10167,1.10045,1.10076,3149,455684
2023.08.02,00:00,1.10076,1.1008,1.09927,1.09962,4936,450748
2023.08.02,01:00,1.09961,1.10072,1.09913,1.09915,4965,445783
2023.08.02,02:00,1.09915,1.09921,1.09803,1.09843,4566,441217
2023.08.02,03:00,1.09842,1.09887,1.09802,1.0987,3956,445177
2023.08.02,04:00,1.0987,1.09894,1.09815,1.09893,3127,448304
2023.08.02,05:00,1.09894,1.10006,1.09889,1.09942,5675,453979
2023.08.02,06:00,1.09942,1.09961,1.09814,1.09896,5937,448038
2023.08.02,07:00,1.09897,1.0997,1.09818,1.099,8547,439491
2023.08.02,08:00,1.09905,1.09926,1.0976,1.09843,8182,431309
2023.08.02,09:00,1.09841,1.09848,1.09763,1.09806,5558,425751
2023.08.02,10:00,1.09805,1.09806,1.09682,1.09787,5551,420200
2023.08.02,11:00,1.09788,1.09801,1.09726,1.09785,5740,414460
2023.08.02,12:00,1.09783,1.09872,1.09575,1.09597,11551,402909
2023.08.02,13:00,1.09598,1.09679,1.09499,1.09501,9356,393553
2023.08.02,14:00,1.09502,1.09506,1.0918,1.09272,11608,381945
2023.08.02,15:00,1.09269,1.09441,1.09232,1.09383,7375,389324
2023.08.02,16:00,1.09383,1.09527,1.09369,1.09505,5438,394762
2023.08.02,17:00,1.09506,1.09576,1.09459,1.0946,3765,390993
2023.08.02,18:00,1.09461,1.09496,1.09408,1.0943,3382,387611
2023.08.02,19:00,1.09429,1.09457,1.09347,1.09396,3141,384470
2023.08.02,20:00,1.09396,1.09396,1.09353,1.09385,1837,382633
2023.08.02,21:00,1.09374,1.09405,1.09363,1.09387,3211,379422
2023.08.02,22:00,1.09389,1.09446,1.09387,1.09444,1204,380630
2023.08.02,23:00,1.09445,1.09458,1.09426,1.09434,1141,381771
2023.08.03,00:00,1.09433,1.09439,1.09371,1.094,3707,378060
2023.08.03,01:00,1.094,1.09492,1.09376,1.09438,4727,382791
2023.08.03,02:00,1.09438,1.09449,1.09344,1.09351,3307,379480
2023.08.03,03:00,1.0935,1.09351,1.09303,1.09347,2883,376597
2023.08.03,04:00,1.09347,1.09357,1.09224,1.09233,3290,373307
2023.08.03,05:00,1.09233,1.09408,1.09192,1.09395,5461,378772
2023.08.03,06:00,1.09385,1.09433,1.09202,1.09214,7501,371267
2023.08.03,07:00,1.09217,1.09278,1.09138,1.09189,10770,360497
2023.08.03,08:00,1.09187,1.09248,1.09122,1.09248,7663,368164
2023.08.03,09:00,1.09248,1.09384,1.09237,1.09318,6289,374453
2023.08.03,10:00,1.09317,1.09355,1.09217,1.09341,4832,379285
2023.08.03,11:00,1.09341,1.09488,1.0924,1.09351,9733,389018
2023.08.03,12:00,1.09349,1.09562,1.09218,1.0938,12034,401052
2023.08.03,13:00,1.09375,1.09401,1.09154,1.09182,10840,390212
2023.08.03,14:00,1.09207,1.09479,1.09159,1.09318,12460,402672
2023.08.03,15:00,1.09322,1.09546,1.09299,1.09466,7986,410658
2023.08.03,16:00,1.09466,1.09628,1.09446,1.09552,4834,415492
2023.08.03,17:00,1.09551,1.09569,1.09434,1.0947,3875,411613
2023.08.03,18:00,1.09471,1.09523,1.09424,1.09431,3017,408596
2023.08.03,19:00,1.09431,1.09444,1.09384,1.09439,2487,406109
2023.08.03,20:00,1.09437,1.09502,1.09435,1.0949,1986,408095
2023.08.03,21:00,1.09409,1.09493,1.09407,1.09489,1799,409898
2023.08.03,22:00,1.09487,1.09522,1.09472,1.09518,3628,413526
2023.08.03,23:00,1.0952,1.09535,1.09506,1.09511,1499,415025
2023.08.04,00:00,1.0951,1.09556,1.09464,1.09555,3788,418813
2023.08.04,01:00,1.09555,1.09615,1.09541,1.09567,4970,423783
2023.08.04,02:00,1.09566,1.09611,1.09525,1.09555,4962,418817
2023.08.04,03:00,1.09556,1.09602,1.09536,1.09542,3405,415412
2023.08.04,04:00,1.09542,1.09555,1.09494,1.09503,2477,412935
2023.08.04,05:00,1.09502,1.09583,1.09479,1.09522,4097,417036
2023.08.04,06:00,1.09521,1.09583,1.0946,1.09481,4947,412085
2023.08.04,07:00,1.0948,1.09543,1.09441,1.09474,6727,405358
2023.08.04,08:00,1.09475,1.09527,1.09377,1.09401,5175,400183
2023.08.04,09:00,1.09402,1.09459,1.09352,1.09446,3990,404177
2023.08.04,10:00,1.09447,1.09487,1.0939,1.09442,4166,408343
2023.08.04,11:00,1.09445,1.09456,1.09377,1.09379,4376,403963
2023.08.04,12:00,1.09377,1.09981,1.09348,1.09894,12902,416869
2023.08.04,13:00,1.09885,1.10299,1.09863,1.1012,15901,432770
2023.08.04,14:00,1.10122,1.10285,1.10024,1.10233,11026,443796
2023.08.04,15:00,1.10232,1.10418,1.10184,1.10348,7309,451105
2023.08.04,16:00,1.10347,1.10393,1.10286,1.10338,4632,455737
2023.08.04,17:00,1.10339,1.10391,1.10278,1.10284,3449,452284
2023.08.04,18:00,1.10284,1.10284,1.10084,1.10091,5453,446831
2023.08.04,19:00,1.10091,1.10108,1.10037,1.10076,3757,443074
2023.08.04,20:00,1.10071,1.10118,1.10039,1.10097,1855,444933
2023.08.06,21:00,1.1016,1.1017,1.10091,1.10105,477,445410
2023.08.06,22:00,1.10105,1.10142,1.10027,1.10054,2515,442891
2023.08.06,23:00,1.10053,1.10054,1.1001,1.10024,1814,441077
2023.08.07,00:00,1.10023,1.10117,1.10007,1.101,3468,444549
2023.08.07,01:00,1.10099,1.101,1.09952,1.10007,4136,440409
2023.08.07,02:00,1.10007,1.10038,1.09971,1.10003,3090,437319
2023.08.07,03:00,1.10004,1.10022,1.0995,1.09957,2611,434708
2023.08.07,04:00,1.09954,1.09971,1.09918,1.09966,2346,432362
2023.08.07,05:00,1.09965,1.09974,1.0982,1.0983,4093,428269
2023.08.07,06:00,1.0983,1.09864,1.09708,1.09802,5978,422291
2023.08.07,07:00,1.09802,1.09949,1.09762,1.09927,5886,428181
2023.08.07,08:00,1.09926,1.09926,1.09735,1.09747,4820,423357
2023.08.07,09:00,1.09746,1.09774,1.09658,1.09663,4579,418778
2023.08.07,10:00,1.09661,1.09737,1.09653,1.0973,4155,422937
2023.08.07,11:00,1.09731,1.09848,1.09716,1.09839,4218,427155
2023.08.07,12:00,1.09842,1.09963,1.09796,1.09955,4612,431767
2023.08.07,13:00,1.09956,1.10117,1.09915,1.09928,6739,425024
2023.08.07,14:00,1.09929,1.1008,1.09858,1.10017,7189,432217
2023.08.07,15:00,1.10012,1.10063,1.09942,1.09989,5207,427006
2023.08.07,16:00,1.09988,1.1003,1.0992,1.10008,3908,430918
2023.08.07,17:00,1.10006,1.10068,1.09955,1.10058,3257,434175
2023.08.07,18:00,1.10059,1.101,1.10045,1.10067,2994,437169
2023.08.07,19:00,1.10067,1.10079,1.10028,1.10044,2345,434820
2023.08.07,20:00,1.10041,1.10041,1.0999,1.10033,1050,433770
2023.08.07,21:00,1.10023,1.10052,1.10015,1.10031,1045,432725
2023.08.07,22:00,1.10031,1.10033,1.1001,1.10019,816,431909
2023.08.07,23:00,1.10018,1.1005,1.10018,1.10026,894,431015
2023.08.08,00:00,1.10027,1.10055,1.09896,1.09919,3517,427498
2023.08.08,01:00,1.09918,1.09919,1.09786,1.09793,5559,421939
2023.08.08,02:00,1.09792,1.09895,1.09768,1.09884,3994,425937
2023.08.08,03:00,1.09884,1.09906,1.09813,1.09818,2253,423680
2023.08.08,04:00,1.09817,1.09925,1.098,1.09921,2694,426378
2023.08.08,05:00,1.09921,1.09991,1.09897,1.0999,3410,429788
2023.08.08,06:00,1.09991,1.10111,1.09934,1.09975,6444,423340
2023.08.08,07:00,1.09976,1.09982,1.09737,1.09787,8240,415100
2023.08.08,08:00,1.09788,1.09873,1.09749,1.09853,5774,420878
2023.08.08,09:00,1.09853,1.09864,1.0967,1.09707,5692,415182
2023.08.08,10:00,1.09707,1.09718,1.0952,1.09537,5893,409289
2023.08.08,11:00,1.09538,1.0957,1.09369,1.09413,6736,402553
2023.08.08,12:00,1.09412,1.09511,1.09346,1.09431,8194,410751
2023.08.08,13:00,1.09431,1.09561,1.09333,1.09375,9028,401719
2023.08.08,14:00,1.0938,1.09526,1.0929,1.09456,8506,410229
2023.08.08,15:00,1.09458,1.09555,1.09414,1.09501,6156,416385
2023.08.08,16:00,1.09503,1.09577,1.09477,1.09482,3944,412437
2023.08.08,17:00,1.09483,1.0961,1.09479,1.09596,3468,415909
2023.08.08,18:00,1.09596,1.09605,1.09522,1.09594,3540,419449
2023.08.08,19:00,1.09596,1.09619,1.09566,1.09571,3328,416117
2023.08.08,20:00,1.09571,1.09578,1.09531,1.09564,1399,414718
2023.08.08,21:00,1.09521,1.09561,1.09503,1.09534,817,413901
2023.08.08,22:00,1.09525,1.09566,1.09519,1.09519,1183,412718
2023.08.08,23:00,1.09518,1.09595,1.09518,1.09592,1411,414133
2023.08.09,00:00,1.09593,1.09652,1.09577,1.09577,2671,411458
2023.08.09,01:00,1.09576,1.09698,1.09552,1.09635,4495,415957
2023.08.09,02:00,1.09635,1.09698,1.09616,1.09683,3369,419326
2023.08.09,03:00,1.09684,1.09708,1.09662,1.09665,3097,416225
2023.08.09,04:00,1.09665,1.09685,1.09633,1.09668,2343,413882
2023.08.09,05:00,1.09668,1.09791,1.09668,1.09766,3841,417727
2023.08.09,06:00,1.09764,1.09797,1.09699,1.09729,5191,412532
2023.08.09,07:00,1.09727,1.09848,1.09709,1.09843,6745,419281
2023.08.09,08:00,1.09842,1.09887,1.09737,1.09838,5346,424627
2023.08.09,09:00,1.09837,1.09871,1.09778,1.09785,4646,419977
2023.08.09,10:00,1.09785,1.0981,1.09745,1.09763,4238,415739
2023.08.09,11:00,1.09762,1.09809,1.09693,1.09697,4110,411629
2023.08.09,12:00,1.09699,1.09818,1.09621,1.09815,6681,418314
2023.08.09,13:00,1.09817,1.09878,1.09716,1.09802,7122,411188
2023.08.09,14:00,1.09802,1.09954,1.09767,1.09829,8183,419375
2023.08.09,15:00,1.09827,1.09878,1.0974,1.09742,6501,412870
2023.08.09,16:00,1.09742,1.09818,1.09733,1.09784,4361,417235
2023.08.09,17:00,1.09784,1.09917,1.09748,1.09797,4118,421353
2023.08.09,18:00,1.09796,1.09798,1.09748,1.09752,3068,418281
2023.08.09,19:00,1.09753,1.0982,1.09732,1.09733,2923,415358
2023.08.09,20:00,1.09735,1.09749,1.09712,1.09735,1512,413850
2023.08.09,21:00,1.09778,1.0978,1.09703,1.09758,1249,415099
2023.08.09,22:00,1.09758,1.09787,1.09758,1.09771,739,415838
2023.08.09,23:00,1.0977,1.09776,1.09751,1.09771,917,416755
2023.08.10,00:00,1.09771,1.09777,1.09672,1.09709,3073,413678
2023.08.10,01:00,1.09709,1.09758,1.09676,1.09728,3405,417087
2023.08.10,02:00,1.09727,1.09808,1.09714,1.09789,3085,420172
2023.08.10,03:00,1.09789,1.0982,1.09778,1.09792,2143,422315
2023.08.10,04:00,1.09793,1.09882,1.09791,1.09793,2045,424360
2023.08.10,05:00,1.09794,1.09861,1.09786,1.09852,3184,427544
2023.08.10,06:00,1.09852,1.09989,1.09829,1.09943,4090,431634
2023.08.10,07:00,1.09942,1.10186,1.09931,1.10084,7716,439350
2023.08.10,08:00,1.10083,1.10263,1.10082,1.10186,6001,445351
2023.08.10,09:00,1.10185,1.10247,1.1016,1.10204,3929,449280
2023.08.10,10:00,1.10206,1.10278,1.10191,1.10278,3541,452821
2023.08.10,11:00,1.1028,1.10296,1.10145,1.10165,4183,448634
2023.08.10,12:00,1.10166,1.10648,1.101,1.10421,13669,462307
2023.08.10,13:00,1.10416,1.10459,1.10077,1.10394,14801,447502
2023.08.10,14:00,1.10396,1.10439,1.10125,1.10187,11896,435606
2023.08.10,15:00,1.10188,1.1022,1.10088,1.10152,8304,427302
2023.08.10,16:00,1.10151,1.10192,1.10101,1.10132,5096,422206
2023.08.10,17:00,1.10133,1.10142,1.09761,1.098,8602,413604
2023.08.10,18:00,1.09799,1.09928,1.09783,1.09907,7380,420988
2023.08.10,19:00,1.09907,1.09913,1.09785,1.09792,5068,415916
2023.08.10,20:00,1.09792,1.09819,1.09777,1.09806,1580,417500
2023.08.10,21:00,1.09805,1.09838,1.09786,1.09835,1262,418762
2023.08.10,22:00,1.09837,1.09845,1.09812,1.09828,1395,420157
2023.08.10,23:00,1.09833,1.09845,1.09812,1.09815,1315,418838
2023.08.11,00:00,1.09816,1.0989,1.09797,1.09879,2246,421088
2023.08.11,01:00,1.0988,1.09978,1.09872,1.09945,3400,424488
2023.08.11,02:00,1.09945,1.09945,1.09858,1.09887,2614,421870
2023.08.11,03:00,1.09885,1.09917,1.09857,1.09873,2254,419616
2023.08.11,04:00,1.09873,1.09906,1.09839,1.09853,2251,417365
2023.08.11,05:00,1.09852,1.09936,1.0984,1.09931,3331,420700
2023.08.11,06:00,1.0993,1.10022,1.09896,1.09911,6327,414369
2023.08.11,07:00,1.0991,1.09989,1.09875,1.09923,6142,420515
2023.08.11,08:00,1.09924,1.10032,1.09902,1.09994,5099,425614
2023.08.11,09:00,1.09994,1.10006,1.09763,1.09773,5295,420315
2023.08.11,10:00,1.09774,1.09959,1.09766,1.09931,4071,424390
2023.08.11,11:00,1.0993,1.10026,1.09898,1.09973,4514,428904
2023.08.11,12:00,1.0997,1.10049,1.09659,1.09683,10873,418027
2023.08.11,13:00,1.09681,1.09812,1.09549,1.09747,10682,428713
2023.08.11,14:00,1.09753,1.09837,1.09577,1.09721,13877,414832
2023.08.11,15:00,1.09722,1.09757,1.09511,1.09561,6233,408599
2023.08.11,16:00,1.09563,1.09646,1.09457,1.09465,4196,404403
2023.08.11,17:00,1.09464,1.09556,1.09429,1.09449,3756,400647
2023.08.11,18:00,1.09451,1.09513,1.09435,1.09507,3545,404196
2023.08.11,19:00,1.09507,1.09511,1.09431,1.09468,2677,401515
2023.08.11,20:00,1.09471,1.09493,1.09446,1.09471,1493,400026
2023.08.13,21:00,1.09483,1.09505,1.09465,1.09466,948,399074
2023.08.13,22:00,1.09469,1.09504,1.094,1.09422,1684,397390
2023.08.13,23:00,1.09425,1.09448,1.09409,1.09432,1313,396077
2023.08.14,00:00,1.09431,1.09468,1.0936,1.09371,3602,392475
2023.08.14,01:00,1.0937,1.09408,1.09312,1.09359,4983,387492
2023.08.14,02:00,1.09361,1.0938,1.093,1.09306,4052,383440
2023.08.14,03:00,1.09305,1.09339,1.09291,1.09321,2982,386426
2023.08.14,04:00,1.0932,1.09357,1.09319,1.09354,2078,388504
2023.08.14,05:00,1.09356,1.09405,1.09324,1.09373,4233,392737
2023.08.14,06:00,1.09372,1.09376,1.09261,1.0932,5003,387730
2023.08.14,07:00,1.0932,1.09562,1.09296,1.09521,7162,394896
2023.08.14,08:00,1.0952,1.09601,1.09454,1.09462,6372,388520
2023.08.14,09:00,1.09465,1.09518,1.09419,1.09496,4867,393391
2023.08.14,10:00,1.09496,1.0953,1.09451,1.09452,4524,388863
2023.08.14,11:00,1.09449,1.09458,1.09366,1.09391,4834,384029
2023.08.14,12:00,1.09392,1.09411,1.09021,1.09055,9841,374188
2023.08.14,13:00,1.09057,1.09075,1.08747,1.08815,10338,363850
2023.08.14,14:00,1.08816,1.09093,1.08802,1.09032,11183,375037
2023.08.14,15:00,1.09031,1.09257,1.09022,1.09206,6982,382019
2023.08.14,16:00,1.09204,1.09359,1.092,1.09284,5141,387160
2023.08.14,17:00,1.09284,1.09313,1.09151,1.09173,3637,383519
2023.08.14,18:00,1.09172,1.09197,1.09037,1.09046,3234,380285
2023.08.14,19:00,1.09046,1.0913,1.09028,1.09029,3883,376402
2023.08.14,20:00,1.09028,1.09075,1.09027,1.09063,2423,378829
2023.08.14,21:00,1.0906,1.09069,1.09024,1.09047,1198,377627
2023.08.14,22:00,1.09047,1.09084,1.09043,1.09075,892,378523
2023.08.14,23:00,1.0907,1.09079,1.0904,1.09077,1148,379671
2023.08.15,00:00,1.09077,1.09094,1.09014,1.09073,2639,382310
2023.08.15,01:00,1.09074,1.09154,1.09003,1.09099,6288,388598
2023.08.15,02:00,1.091,1.09174,1.09073,1.09096,4716,393314
2023.08.15,03:00,1.09096,1.09175,1.09094,1.09145,3062,396376
2023.08.15,04:00,1.09146,1.09146,1.09098,1.09101,1967,394405
2023.08.15,05:00,1.09097,1.09142,1.09062,1.09115,3236,397645
2023.08.15,06:00,1.09127,1.09263,1.09101,1.09234,7366,405011
2023.08.15,07:00,1.09235,1.09305,1.09155,1.09234,8421,413432
2023.08.15,08:00,1.09233,1.09343,1.09178,1.09278,7720,421152
2023.08.15,09:00,1.09278,1.09448,1.09213,1.09403,6560,427712
2023.08.15,10:00,1.09403,1.09429,1.09327,1.09349,6233,421475
2023.08.15,11:00,1.09347,1.09362,1.09265,1.09291,4786,416689
2023.08.15,12:00,1.09294,1.09324,1.08968,1.09219,13035,403654
2023.08.15,13:00,1.09218,1.09524,1.09168,1.09402,14161,417819
2023.08.15,14:00,1.09401,1.09473,1.09241,1.0941,12266,430085
2023.08.15,15:00,1.0941,1.09445,1.09233,1.09269,7962,422119
2023.08.15,16:00,1.09269,1.09282,1.09149,1.09178,5182,416937
2023.08.15,17:00,1.09178,1.0921,1.09157,1.09176,4525,412412
2023.08.15,18:00,1.09178,1.09193,1.09035,1.09043,3430,408982
2023.08.15,19:00,1.09043,1.09065,1.08991,1.09059,3640,412626
2023.08.15,20:00,1.09056,1.09057,1.09022,1.09047,1567,411055
2023.08.15,21:00,1.09019,1.09064,1.09019,1.09041,1061,409994
2023.08.15,22:00,1.09037,1.09057,1.09022,1.09029,1428,408566
2023.08.15,23:00,1.09029,1.09049,1.09016,1.09038,1227,407339
2023.08.16,00:00,1.09038,1.09052,1.08991,1.09031,2886,404453
2023.08.16,01:00,1.09029,1.09118,1.0899,1.09057,5389,409846
2023.08.16,02:00,1.09055,1.09108,1.09044,1.09045,4729,405113
2023.08.16,03:00,1.09044,1.09105,1.0904,1.09065,3006,408123
2023.08.16,04:00,1.09064,1.09134,1.09059,1.09132,2415,410538
2023.08.16,05:00,1.09132,1.09179,1.09116,1.09157,4035,414573
2023.08.16,06:00,1.09161,1.09271,1.09105,1.09193,7273,421846
2023.08.16,07:00,1.09193,1.09266,1.09166,1.09234,7117,428963
2023.08.16,08:00,1.09231,1.09345,1.09224,1.09281,6135,435098
2023.08.16,09:00,1.0928,1.09325,1.09209,1.09264,5146,429948
2023.08.16,10:00,1.09265,1.09268,1.09159,1.09182,5139,424809
2023.08.16,11:00,1.09183,1.09195,1.09064,1.09132,4912,419897
2023.08.16,12:00,1.0913,1.09181,1.09022,1.09022,8202,411695
2023.08.16,13:00,1.09019,1.09232,1.08962,1.09087,10942,422641
2023.08.16,14:00,1.09088,1.09233,1.08963,1.09066,10623,412014
2023.08.16,15:00,1.09066,1.09125,1.08966,1.09029,6837,405177
2023.08.16,16:00,1.09028,1.09047,1.08861,1.08868,5323,399854
2023.08.16,17:00,1.08868,1.08921,1.08838,1.08902,4847,404705
2023.08.16,18:00,1.08908,1.09002,1.08774,1.08807,9052,395649
2023.08.16,19:00,1.08808,1.08809,1.08715,1.08743,6719,388930
2023.08.16,20:00,1.08743,1.08797,1.08743,1.08794,2133,391063
2023.08.16,21:00,1.08756,1.08816,1.08741,1.08814,836,391903
2023.08.16,22:00,1.08831,1.08831,1.08791,1.08791,1046,390853
2023.08.16,23:00,1.08791,1.08797,1.08733,1.08743,1941,388912
2023.08.17,00:00,1.08744,1.08748,1.08663,1.08695,4671,384241
2023.08.17,01:00,1.08695,1.08707,1.08618,1.08656,6386,377855
2023.08.17,02:00,1.08658,1.08699,1.08642,1.0866,4230,373625
2023.08.17,03:00,1.0866,1.08684,1.08627,1.08641,3682,369943
2023.08.17,04:00,1.08641,1.08692,1.0863,1.08685,2507,372454
2023.08.17,05:00,1.08686,1.08739,1.08629,1.08735,4050,376504
2023.08.17,06:00,1.08735,1.08866,1.08702,1.08834,6521,383025
2023.08.17,07:00,1.08832,1.08856,1.0875,1.08803,7536,375485
2023.08.17,08:00,1.08804,1.08839,1.08696,1.08731,6097,369388
2023.08.17,09:00,1.0873,1.08744,1.08637,1.08737,5670,363718
2023.08.17,10:00,1.08738,1.08876,1.0873,1.08835,7127,370849
2023.08.17,11:00,1.08836,1.08956,1.08812,1.08946,5882,376731
2023.08.17,12:00,1.08945,1.09185,1.08865,1.09063,11033,387764
2023.08.17,13:00,1.09062,1.09178,1.08976,1.08994,11173,376587
2023.08.17,14:00,1.08993,1.08996,1.08842,1.08894,9914,366673
2023.08.17,15:00,1.08895,1.08903,1.08667,1.08735,6941,359732
2023.08.17,16:00,1.08736,1.08895,1.08684,1.08778,6209,365945
2023.08.17,17:00,1.0878,1.08784,1.08572,1.08611,5288,360653
2023.08.17,18:00,1.08612,1.08629,1.08563,1.08569,3738,356915
2023.08.17,19:00,1.08569,1.08738,1.08569,1.08717,6050,362969
2023.08.17,20:00,1.08716,1.08735,1.08699,1.08727,1499,364464
2023.08.17,21:00,1.08651,1.08737,1.08639,1.08681,1036,363428
2023.08.17,22:00,1.0867,1.08744,1.0867,1.08736,1516,364948
2023.08.17,23:00,1.08735,1.08755,1.08727,1.08744,1093,366041
2023.08.18,00:00,1.08745,1.08921,1.08718,1.08896,3680,369721
2023.08.18,01:00,1.08896,1.08925,1.08838,1.08909,5068,374789
2023.08.18,02:00,1.0891,1.08938,1.08867,1.08884,3961,370824
2023.08.18,03:00,1.08883,1.08889,1.08824,1.08859,3665,367159
2023.08.18,04:00,1.08861,1.0888,1.08803,1.08824,2614,364545
2023.08.18,05:00,1.08824,1.08848,1.08758,1.08829,3922,360623
2023.08.18,06:00,1.08835,1.08872,1.0871,1.08718,6655,353968
2023.08.18,07:00,1.08716,1.08782,1.08644,1.08731,7004,360976
2023.08.18,08:00,1.08731,1.08768,1.08637,1.08675,5934,355038
2023.08.18,09:00,1.08675,1.08731,1.08624,1.08684,5172,349866
2023.08.18,10:00,1.08683,1.08762,1.08621,1.0863,4470,345396
2023.08.18,11:00,1.08631,1.08706,1.08601,1.08629,4864,340532
2023.08.18,12:00,1.08631,1.08672,1.08449,1.08555,8703,331829
2023.08.18,13:00,1.08555,1.08761,1.08531,1.08706,11458,343291
2023.08.18,14:00,1.08707,1.08814,1.08672,1.0872,8900,352191
2023.08.18,15:00,1.08721,1.08796,1.08688,1.08743,5654,357845
2023.08.18,16:00,1.08741,1.08755,1.0868,1.0873,4358,353483
2023.08.18,17:00,1.08731,1.08812,1.08684,1.08793,4557,358044
2023.08.18,18:00,1.08793,1.08802,1.08737,1.0878,3082,354958
2023.08.18,19:00,1.08781,1.08788,1.08721,1.08725,3433,351525
2023.08.18,20:00,1.08724,1.08736,1.08685,1.08686,2054,349471
2023.08.20,21:00,1.08693,1.08744,1.08692,1.08732,981,350456
2023.08.20,22:00,1.08738,1.08786,1.08713,1.0874,1121,351577
2023.08.20,23:00,1.08744,1.08751,1.08716,1.08748,1245,352822
2023.08.21,00:00,1.08749,1.08842,1.08743,1.08797,2784,355606
2023.08.21,01:00,1.08796,1.08796,1.08696,1.08733,5092,350510
2023.08.21,02:00,1.08732,1.08838,1.087,1.08812,3946,354460
2023.08.21,03:00,1.08814,1.08829,1.08791,1.08805,2363,356823
2023.08.21,04:00,1.08804,1.08829,1.08782,1.08811,1865,358688
2023.08.21,05:00,1.08812,1.08872,1.08785,1.08813,3396,362084
2023.08.21,06:00,1.0881,1.08824,1.08727,1.08774,5220,356860
2023.08.21,07:00,1.08775,1.08887,1.08724,1.08885,8268,365132
2023.08.21,08:00,1.08885,1.08896,1.08822,1.0886,5849,359279
2023.08.21,09:00,1.08861,1.09046,1.08855,1.09013,5847,365130
2023.08.21,10:00,1.09011,1.09041,1.08918,1.08989,4828,360298
2023.08.21,11:00,1.08988,1.09136,1.08983,1.09092,5560,365862
2023.08.21,12:00,1.09091,1.0913,1.08937,1.08983,7299,358559
2023.08.21,13:00,1.08984,1.09001,1.08804,1.08872,9714,348845
2023.08.21,14:00,1.08872,1.08902,1.08752,1.08873,9095,339750
2023.08.21,15:00,1.08873,1.08924,1.08818,1.08877,6064,333686
2023.08.21,16:00,1.08876,1.09043,1.08875,1.09016,4334,338024
2023.08.21,17:00,1.09016,1.09034,1.08964,1.08992,3798,334222
2023.08.21,18:00,1.08993,1.0903,1.08973,1.08984,3711,330511
2023.08.21,19:00,1.08984,1.09017,1.08945,1.08961,3228,327283
2023.08.21,20:00,1.0896,1.08962,1.08926,1.08954,1111,326172
2023.08.21,21:00,1.08921,1.08962,1.08906,1.08961,817,325355
2023.08.21,22:00,1.08962,1.08977,1.0895,1.0896,754,324601
2023.08.21,23:00,1.08959,1.09015,1.08959,1.08976,1132,325737
2023.08.22,00:00,1.08974,1.09004,1.08932,1.09004,2781,328518
2023.08.22,01:00,1.09005,1.09099,1.08979,1.09061,4258,332776
2023.08.22,02:00,1.09062,1.09128,1.09062,1.09077,3670,336446
2023.08.22,03:00,1.09076,1.09158,1.09057,1.0915,2842,339288
2023.08.22,04:00,1.09151,1.09169,1.09089,1.0909,2082,337202
2023.08.22,05:00,1.0909,1.09138,1.09047,1.09055,3703,333499
2023.08.22,06:00,1.09055,1.09208,1.09055,1.09179,6108,339611
2023.08.22,07:00,1.09177,1.09303,1.09173,1.09256,5820,345431
2023.08.22,08:00,1.09256,1.09285,1.09068,1.09099,5105,340322
2023.08.22,09:00,1.091,1.09123,1.08983,1.09067,5239,335083
2023.08.22,10:00,1.09067,1.09102,1.08856,1.08867,5351,329732
2023.08.22,11:00,1.08867,1.08905,1.08805,1.08848,4193,325539
2023.08.22,12:00,1.08847,1.08907,1.08648,1.08661,7968,317571
2023.08.22,13:00,1.08662,1.08712,1.08412,1.08438,10150,307421
2023.08.22,14:00,1.08437,1.0854,1.08329,1.08511,10453,317878
2023.08.22,15:00,1.08509,1.08557,1.08444,1.08454,6615,311259
2023.08.22,16:00,1.08456,1.08511,1.08451,1.08494,3762,315025
2023.08.22,17:00,1.08491,1.0855,1.08475,1.08525,3136,318161
2023.08.22,18:00,1.08524,1.08553,1.08505,1.08523,2517,320678
2023.08.22,19:00,1.08522,1.08524,1.08435,1.08458,2702,317972
2023.08.22,20:00,1.08454,1.0849,1.08451,1.08456,1718,316254
2023.08.22,21:00,1.08436,1.08451,1.08417,1.08445,409,315845
2023.08.22,22:00,1.08443,1.08476,1.08443,1.08459,957,316806
2023.08.22,23:00,1.0846,1.0848,1.08456,1.08464,725,317531
2023.08.23,00:00,1.08466,1.08535,1.08458,1.0847,2741,320272
2023.08.23,01:00,1.08469,1.08563,1.08445,1.08549,4187,324459
2023.08.23,02:00,1.08549,1.08576,1.08524,1.08544,3418,327877
2023.08.23,03:00,1.08544,1.08596,1.08518,1.08574,2392,330269
2023.08.23,04:00,1.08575,1.08607,1.08549,1.08606,1656,331925
2023.08.23,05:00,1.08607,1.08633,1.08585,1.08624,3171,335096
2023.08.23,06:00,1.08621,1.08646,1.0852,1.08613,4756,330336
2023.08.23,07:00,1.0861,1.08713,1.08118,1.08178,10891,319445
2023.08.23,08:00,1.08179,1.08303,1.08154,1.0819,9153,328602
2023.08.23,09:00,1.08189,1.08204,1.08084,1.08098,6346,322252
2023.08.23,10:00,1.08098,1.08121,1.08052,1.08076,4851,317401
2023.08.23,11:00,1.08071,1.08184,1.08038,1.08112,4828,322233
2023.08.23,12:00,1.0811,1.08128,1.08025,1.08042,6798,315431
2023.08.23,13:00,1.08042,1.08449,1.08034,1.08376,12748,328183
2023.08.23,14:00,1.0838,1.08539,1.08348,1.08455,12369,340552
2023.08.23,15:00,1.08454,1.08628,1.08446,1.08614,6567,347119
2023.08.23,16:00,1.08614,1.08682,1.0856,1.08628,4711,351830
2023.08.23,17:00,1.08628,1.087,1.08597,1.08647,3869,355699
2023.08.23,18:00,1.08646,1.08648,1.08558,1.08587,3931,351764
2023.08.23,19:00,1.08586,1.08665,1.08584,1.08638,3309,355077
2023.08.23,20:00,1.08636,1.08657,1.0861,1.08635,2131,357208
2023.08.23,21:00,1.08652,1.08652,1.08601,1.08615,1180,356024
2023.08.23,22:00,1.08615,1.08672,1.08615,1.08646,1296,357324
2023.08.23,23:00,1.08646,1.0866,1.08609,1.08655,1289,358613
2023.08.24,00:00,1.08657,1.08754,1.08634,1.08697,3082,361695
2023.08.24,01:00,1.08696,1.087,1.08584,1.08609,4021,357670
2023.08.24,02:00,1.08609,1.08673,1.08584,1.0865,3498,361172
2023.08.24,03:00,1.08651,1.0871,1.0863,1.08658,3003,364175
2023.08.24,04:00,1.08659,1.087,1.08638,1.08698,2460,366635
2023.08.24,05:00,1.08699,1.08767,1.08688,1.08708,3578,370213
2023.08.24,06:00,1.08708,1.08734,1.08564,1.08568,6088,364121
2023.08.24,07:00,1.08567,1.08606,1.08519,1.08562,7336,356785
2023.08.24,08:00,1.08561,1.08644,1.08551,1.08619,5899,362688
2023.08.24,09:00,1.0862,1.08635,1.08467,1.08484,4975,357709
2023.08.24,10:00,1.08484,1.08564,1.08465,1.08547,4016,361729
2023.08.24,11:00,1.08546,1.08585,1.08415,1.08421,4657,357068
2023.08.24,12:00,1.08422,1.08441,1.08142,1.08207,9460,347608
2023.08.24,13:00,1.08209,1.08439,1.08203,1.0842,9270,356882
2023.08.24,14:00,1.08422,1.08487,1.0835,1.08394,11097,345781
2023.08.24,15:00,1.08394,1.08406,1.08226,1.08255,6991,338790
2023.08.24,16:00,1.08253,1.08277,1.0818,1.08212,4515,334275
2023.08.24,17:00,1.08212,1.0824,1.08136,1.08159,3938,330337
2023.08.24,18:00,1.0816,1.08202,1.08088,1.08091,3787,326550
2023.08.24,19:00,1.08091,1.08125,1.08056,1.08058,3655,322895
2023.08.24,20:00,1.08057,1.08116,1.0805,1.08103,1670,324565
2023.08.24,21:00,1.08091,1.08155,1.08072,1.08123,1036,325605
2023.08.24,22:00,1.08125,1.08125,1.08065,1.08071,1174,324427
2023.08.24,23:00,1.08071,1.08072,1.07925,1.07989,1868,322559
2023.08.25,00:00,1.07987,1.0804,1.07933,1.07945,2652,319907
2023.08.25,01:00,1.07945,1.07951,1.07873,1.0789,4043,315864
2023.08.25,02:00,1.0789,1.07895,1.07827,1.07859,3397,312467
2023.08.25,03:00,1.0786,1.07877,1.07799,1.07804,2241,310226
2023.08.25,04:00,1.07805,1.07833,1.07769,1.07825,1872,312102
2023.08.25,05:00,1.07823,1.07914,1.07783,1.07897,3556,315658
2023.08.25,06:00,1.079,1.07908,1.07797,1.07809,5636,310018
2023.08.25,07:00,1.07807,1.07921,1.07682,1.07713,6019,303999
2023.08.25,08:00,1.07711,1.07882,1.07661,1.07863,5745,309748
2023.08.25,09:00,1.07862,1.07945,1.07847,1.079,4169,313917
2023.08.25,10:00,1.07899,1.08034,1.07895,1.08028,4108,318025
2023.08.25,11:00,1.08029,1.08113,1.07993,1.08028,4406,322431
2023.08.25,12:00,1.08024,1.08172,1.08002,1.08127,5697,328128
2023.08.25,13:00,1.08127,1.08148,1.07992,1.08079,6980,321144
2023.08.25,14:00,1.08078,1.08417,1.07658,1.07715,21417,299727
2023.08.25,15:00,1.07715,1.07909,1.07681,1.07862,11439,311170
2023.08.25,16:00,1.07863,1.08001,1.07856,1.07963,6526,317696
2023.08.25,17:00,1.07965,1.08026,1.07907,1.07987,5669,323365
2023.08.25,18:00,1.07986,1.08125,1.07986,1.08073,4996,328361
2023.08.25,19:00,1.08073,1.08108,1.07995,1.08029,3540,324817
2023.08.25,20:00,1.08026,1.08032,1.07913,1.07942,1644,323173
2023.08.27,21:00,1.07946,1.07953,1.07933,1.07953,468,323645
2023.08.27,22:00,1.07956,1.08008,1.07945,1.07946,1054,324699
2023.08.27,23:00,1.07951,1.08011,1.07934,1.07969,1873,326572
2023.08.28,00:00,1.0797,1.08046,1.07961,1.08023,3104,329676
2023.08.28,01:00,1.08024,1.08099,1.08018,1.08025,4735,334411
2023.08.28,02:00,1.08026,1.08098,1.08013,1.08087,2766,337177
2023.08.28,03:00,1.08086,1.08102,1.08071,1.08095,1831,339008
2023.08.28,04:00,1.08094,1.08112,1.08061,1.08076,1621,337383
2023.08.28,05:00,1.08075,1.08138,1.08052,1.08101,3339,340726
2023.08.28,06:00,1.081,1.08192,1.08099,1.0816,3786,344512
2023.08.28,07:00,1.08159,1.08208,1.08077,1.08087,5093,339415
2023.08.28,08:00,1.08087,1.08106,1.07994,1.08006,4183,335232
2023.08.28,09:00,1.08005,1.08092,1.08001,1.08076,3467,338703
2023.08.28,10:00,1.08072,1.08221,1.08058,1.08118,4344,343047
2023.08.28,11:00,1.08116,1.08126,1.08028,1.08042,4032,339011
2023.08.28,12:00,1.08044,1.08112,1.08023,1.08102,6265,345280
2023.08.28,13:00,1.08102,1.08132,1.07992,1.08071,7944,337332
2023.08.28,14:00,1.08071,1.08141,1.07989,1.08056,8307,329025
2023.08.28,15:00,1.08055,1.081,1.08027,1.08089,6469,335498
2023.08.28,16:00,1.08089,1.08124,1.0804,1.08075,3397,332097
2023.08.28,17:00,1.08075,1.08111,1.08037,1.08085,3722,328375
2023.08.28,18:00,1.08084,1.08121,1.08055,1.08115,2804,331183
2023.08.28,19:00,1.08115,1.08199,1.08089,1.08179,3429,334612
2023.08.28,20:00,1.0818,1.08193,1.08152,1.08191,1542,336150
2023.08.28,21:00,1.08146,1.08229,1.08126,1.08189,1341,337495
2023.08.28,22:00,1.08192,1.08273,1.08187,1.08258,912,338407
2023.08.28,23:00,1.08257,1.08297,1.08242,1.08256,1241,339648
2023.08.29,00:00,1.08256,1.08316,1.08211,1.08237,2713,336931
2023.08.29,01:00,1.08238,1.08368,1.08234,1.08347,3596,340531
2023.08.29,02:00,1.08347,1.08357,1.08295,1.08355,3126,343657
2023.08.29,03:00,1.08355,1.08382,1.0833,1.08362,1895,345552
2023.08.29,04:00,1.0836,1.08364,1.0824,1.08242,1425,344123
2023.08.29,05:00,1.08241,1.0826,1.08208,1.08217,2754,341369
2023.08.29,06:00,1.08215,1.08233,1.08083,1.08087,3760,337609
2023.08.29,07:00,1.08087,1.08297,1.08086,1.08203,5864,343477
2023.08.29,08:00,1.08204,1.08228,1.08083,1.08102,5498,337975
2023.08.29,09:00,1.081,1.08159,1.08055,1.08135,5039,343018
2023.08.29,10:00,1.08134,1.08163,1.08041,1.08067,4577,338437
2023.08.29,11:00,1.08066,1.0812,1.08037,1.08041,4901,333536
2023.08.29,12:00,1.08043,1.08063,1.07861,1.07922,7285,326251
2023.08.29,13:00,1.07923,1.08064,1.0782,1.08036,9332,335587
2023.08.29,14:00,1.08037,1.08503,1.08037,1.08279,16141,351728
2023.08.29,15:00,1.0828,1.08568,1.0826,1.085,8915,360643
2023.08.29,16:00,1.08499,1.0864,1.08466,1.08628,5604,366247
2023.08.29,17:00,1.08629,1.08768,1.08627,1.08735,6210,372457
2023.08.29,18:00,1.08734,1.08734,1.08604,1.08717,3769,368684
2023.08.29,19:00,1.08717,1.08919,1.08694,1.08853,4743,373431
2023.08.29,20:00,1.0885,1.08854,1.0878,1.08791,1837,371590
2023.08.29,21:00,1.08738,1.08791,1.08724,1.0878,1060,370530
2023.08.29,22:00,1.08778,1.08848,1.08775,1.08844,1002,371536
2023.08.29,23:00,1.08846,1.08849,1.08685,1.0869,1727,369805
2023.08.30,00:00,1.08691,1.08719,1.0867,1.08697,3262,366543
2023.08.30,01:00,1.08697,1.08723,1.08672,1.08687,4406,362137
2023.08.30,02:00,1.08687,1.08702,1.08637,1.08672,3936,358201
2023.08.30,03:00,1.08673,1.08693,1.08665,1.08692,1964,360169
2023.08.30,04:00,1.08692,1.08692,1.08603,1.08604,2136,358029
2023.08.30,05:00,1.08604,1.08709,1.08557,1.08663,4599,362632
2023.08.30,06:00,1.08667,1.08766,1.08647,1.08691,5872,368504
2023.08.30,07:00,1.08691,1.08736,1.08587,1.08648,6660,361840
2023.08.30,08:00,1.08647,1.08677,1.08551,1.08671,6461,368305
2023.08.30,09:00,1.08674,1.08936,1.08661,1.08889,5294,373599
2023.08.30,10:00,1.08891,1.08915,1.08798,1.08904,4876,378475
2023.08.30,11:00,1.08904,1.08916,1.08784,1.08787,4527,373944
2023.08.30,12:00,1.08787,1.09258,1.08746,1.09211,13679,387627
2023.08.30,13:00,1.09207,1.09453,1.09131,1.09448,11261,398888
2023.08.30,14:00,1.09447,1.09451,1.09253,1.09288,10719,388165
2023.08.30,15:00,1.09287,1.09345,1.09229,1.09257,6460,381705
2023.08.30,16:00,1.09259,1.09262,1.09181,1.09258,5012,376693
2023.08.30,17:00,1.09258,1.09329,1.09192,1.09204,3077,373616
2023.08.30,18:00,1.09203,1.09242,1.09168,1.09234,3447,377067
2023.08.30,19:00,1.09235,1.09245,1.0919,1.09216,3467,373596
2023.08.30,20:00,1.09217,1.09241,1.09209,1.0923,1416,375012
2023.08.30,21:00,1.09197,1.09249,1.09186,1.09224,1053,376069
2023.08.30,22:00,1.09223,1.09292,1.09223,1.09264,1061,377130
2023.08.30,23:00,1.09265,1.09315,1.09262,1.09294,971,378101
2023.08.31,00:00,1.09295,1.09339,1.0928,1.0933,2606,380707
2023.08.31,01:00,1.09329,1.09394,1.09277,1.09288,4114,376589
2023.08.31,02:00,1.09288,1.09299,1.09208,1.09218,2847,373742
2023.08.31,03:00,1.09217,1.09228,1.092,1.09205,1881,371861
2023.08.31,04:00,1.09204,1.09229,1.09182,1.09184,1484,370377
2023.08.31,05:00,1.09184,1.09202,1.09168,1.09179,2353,368024
2023.08.31,06:00,1.09181,1.09244,1.09066,1.09072,5629,362395
2023.08.31,07:00,1.09073,1.09088,1.08898,1.08927,8272,354123
2023.08.31,08:00,1.08925,1.0893,1.08771,1.0878,6227,347896
2023.08.31,09:00,1.0878,1.08808,1.08645,1.08742,7616,340280
2023.08.31,10:00,1.08743,1.08765,1.08628,1.08732,4747,335533
2023.08.31,11:00,1.08732,1.08733,1.08575,1.08682,4910,330623
2023.08.31,12:00,1.08684,1.08849,1.08652,1.08743,11225,341852
2023.08.31,13:00,1.08744,1.08746,1.08403,1.08493,11699,330149
2023.08.31,14:00,1.08494,1.08564,1.08403,1.08547,11158,341311
2023.08.31,15:00,1.08547,1.0859,1.08368,1.08386,7262,334045
2023.08.31,16:00,1.08385,1.08441,1.08351,1.08386,4507,329538
2023.08.31,17:00,1.08389,1.08517,1.08365,1.08489,3912,333454
2023.08.31,18:00,1.0849,1.08542,1.08437,1.08458,3274,330176
2023.08.31,19:00,1.08455,1.08504,1.08424,1.08432,3713,326463
2023.08.31,20:00,1.08436,1.0847,1.08412,1.08437,1701,324762
2023.08.31,21:00,1.0838,1.08436,1.0838,1.08418,887,323875
2023.08.31,22:00,1.0842,1.08446,1.08409,1.08419,999,322876
2023.08.31,23:00,1.08418,1.08452,1.08418,1.08424,1420,321456
2023.09.01,00:00,1.08423,1.08449,1.08362,1.08376,2808,318648
2023.09.01,01:00,1.08377,1.08541,1.08377,1.08464,4854,323506
2023.09.01,02:00,1.08464,1.08519,1.08417,1.0844,3345,320157
2023.09.01,03:00,1.08439,1.0845,1.08398,1.08417,2662,317495
2023.09.01,04:00,1.08415,1.08472,1.08378,1.08465,2029,319528
2023.09.01,05:00,1.08465,1.08486,1.08438,1.08458,1967,321495
2023.09.01,06:00,1.08456,1.08496,1.08284,1.08492,5408,326903
2023.09.01,07:00,1.08494,1.08596,1.08446,1.08559,7133,334036
2023.09.01,08:00,1.08559,1.08563,1.08463,1.08485,5275,328757
2023.09.01,09:00,1.08483,1.08559,1.08476,1.08493,4229,324528
2023.09.01,10:00,1.08493,1.085,1.08436,1.08457,3971,320557
2023.09.01,11:00,1.08458,1.08499,1.08331,1.08332,4178,316379
2023.09.01,12:00,1.08332,1.08816,1.08324,1.08639,12530,328913
2023.09.01,13:00,1.08646,1.08812,1.08424,1.08523,15639,313270
2023.09.01,14:00,1.08523,1.08523,1.08041,1.08083,16937,296333
2023.09.01,15:00,1.08081,1.08081,1.07863,1.07865,7977,288356
2023.09.01,16:00,1.07864,1.07864,1.078,1.07839,4189,284167
2023.09.01,17:00,1.0784,1.07891,1.07819,1.07843,2495,281672
2023.09.01,18:00,1.07842,1.07846,1.07753,1.07788,2723,278949
2023.09.01,19:00,1.07785,1.07805,1.07722,1.07749,2777,276172
2023.09.01,20:00,1.0775,1.07773,1.07721,1.07733,1373,274803
2023.09.03,21:00,1.07746,1.07785,1.0772,1.0773,495,274308
2023.09.03,22:00,1.07744,1.07771,1.07717,1.07733,1166,273138
2023.09.03,23:00,1.07729,1.07765,1.07716,1.07756,1430,274572
2023.09.04,00:00,1.07756,1.07801,1.07732,1.07787,2054,276626
2023.09.04,01:00,1.07786,1.07821,1.07748,1.07765,3280,273342
2023.09.04,02:00,1.07764,1.07873,1.07764,1.07857,2516,275862
2023.09.04,03:00,1.07857,1.07871,1.0784,1.07858,1448,277310
2023.09.04,04:00,1.07857,1.07871,1.07813,1.07868,1363,278673
2023.09.04,05:00,1.0787,1.07904,1.07854,1.07866,2159,280832
2023.09.04,06:00,1.07868,1.07942,1.07835,1.079,3906,284738
2023.09.04,07:00,1.07902,1.08068,1.07886,1.07951,5628,290366
2023.09.04,08:00,1.07952,1.0801,1.07906,1.07977,3885,294251
2023.09.04,09:00,1.07978,1.08008,1.07924,1.07945,3823,290424
2023.09.04,10:00,1.07947,1.08048,1.07935,1.08048,3264,293692
2023.09.04,11:00,1.08049,1.08088,1.07994,1.08001,2859,290829
2023.09.04,12:00,1.08003,1.08017,1.07952,1.07974,3505,287324
2023.09.04,13:00,1.07973,1.08055,1.07951,1.07956,3472,283852
2023.09.04,14:00,1.07954,1.07956,1.07833,1.07843,3160,280692
2023.09.04,15:00,1.07843,1.07995,1.07835,1.07989,2340,283036
2023.09.04,16:00,1.0799,1.08,1.07923,1.07938,1351,281681
2023.09.04,17:00,1.07939,1.07962,1.07931,1.07949,393,282078
2023.09.04,18:00,1.0795,1.07964,1.07949,1.07953,395,282473
2023.09.04,19:00,1.07952,1.07954,1.07929,1.07939,339,282130
2023.09.04,20:00,1.07938,1.07967,1.07938,1.07964,430,282560
2023.09.04,21:00,1.07905,1.07946,1.07888,1.07943,395,282165
2023.09.04,22:00,1.07941,1.07978,1.07939,1.07946,495,281670
2023.09.04,23:00,1.07947,1.07949,1.07912,1.07912,762,280908
2023.09.05,00:00,1.07916,1.07936,1.07887,1.07931,2024,282936
2023.09.05,01:00,1.07932,1.07983,1.07851,1.07887,3333,279599
2023.09.05,02:00,1.07888,1.07888,1.07834,1.07873,2932,276667
2023.09.05,03:00,1.07872,1.07886,1.07807,1.07883,2163,274504
2023.09.05,04:00,1.07884,1.07938,1.07867,1.07921,2123,276631
2023.09.05,05:00,1.07922,1.07936,1.07819,1.07858,3325,273302
2023.09.05,06:00,1.07859,1.07864,1.07578,1.07666,6683,266619
2023.09.05,07:00,1.07667,1.07717,1.07544,1.07564,8075,258544
2023.09.05,08:00,1.07562,1.07587,1.07419,1.07483,7221,251323
2023.09.05,09:00,1.07482,1.0757,1.07445,1.07482,4921,246402
2023.09.05,10:00,1.0748,1.07492,1.07384,1.07394,4070,242332
2023.09.05,11:00,1.07395,1.07398,1.07292,1.07324,5051,237281
2023.09.05,12:00,1.07325,1.0748,1.07165,1.07439,10037,247322
2023.09.05,13:00,1.07442,1.07486,1.07258,1.07291,12064,235254
2023.09.05,14:00,1.07293,1.07301,1.07073,1.07083,10162,225092
2023.09.05,15:00,1.07082,1.07323,1.07064,1.07266,7000,232096
2023.09.05,16:00,1.07266,1.0732,1.07239,1.07295,4516,236612
2023.09.05,17:00,1.07294,1.07314,1.07225,1.0723,3061,233547
2023.09.05,18:00,1.07228,1.07269,1.07207,1.07215,2538,231009
2023.09.05,19:00,1.07216,1.07273,1.07194,1.07213,3119,227890
2023.09.05,20:00,1.07215,1.07229,1.0719,1.07219,1452,226442
2023.09.05,21:00,1.07234,1.07243,1.07202,1.07222,653,225785
2023.09.05,22:00,1.07229,1.07263,1.07222,1.07261,673,226462
2023.09.05,23:00,1.07261,1.07282,1.07238,1.07244,1406,225052
2023.09.06,00:00,1.07246,1.07259,1.07151,1.07193,2732,222320
2023.09.06,01:00,1.07193,1.07217,1.07133,1.07144,4648,217672
2023.09.06,02:00,1.07145,1.07341,1.07143,1.0734,3557,221233
2023.09.06,03:00,1.07339,1.07343,1.07292,1.07332,2564,223797
2023.09.06,04:00,1.07331,1.0736,1.07302,1.07358,2268,226065
2023.09.06,05:00,1.07359,1.07386,1.07327,1.0738,3852,229917
2023.09.06,06:00,1.07381,1.07394,1.07275,1.07314,5884,224029
2023.09.06,07:00,1.07314,1.07481,1.07242,1.0729,8894,215135
2023.09.06,08:00,1.07289,1.07375,1.07236,1.0734,5617,220756
2023.09.06,09:00,1.07339,1.07349,1.07247,1.07322,4735,216017
2023.09.06,10:00,1.07323,1.0744,1.07323,1.07385,4342,220363
2023.09.06,11:00,1.07386,1.07488,1.07384,1.07439,5043,225406
2023.09.06,12:00,1.07437,1.07454,1.07341,1.0737,6210,219192
2023.09.06,13:00,1.07369,1.07402,1.07252,1.07376,9516,209676
2023.09.06,14:00,1.07374,1.07374,1.07024,1.07089,15185,194491
2023.09.06,15:00,1.07088,1.07186,1.0705,1.0713,6766,201261
2023.09.06,16:00,1.07129,1.0721,1.07112,1.07208,4469,205730
2023.09.06,17:00,1.07207,1.0729,1.072,1.07279,2965,208695
2023.09.06,18:00,1.07277,1.07294,1.07223,1.07258,3033,205658
2023.09.06,19:00,1.07259,1.07281,1.07231,1.0726,3067,202591
2023.09.06,20:00,1.07261,1.0728,1.07237,1.07256,1412,201179
2023.09.06,21:00,1.07214,1.0726,1.07211,1.07243,608,200571
2023.09.06,22:00,1.07248,1.07275,1.07242,1.07252,872,199699
2023.09.06,23:00,1.07251,1.07254,1.07221,1.07237,998,198701
2023.09.07,00:00,1.07237,1.07258,1.0719,1.07221,2327,196374
2023.09.07,01:00,1.07221,1.07308,1.07201,1.07308,3762,200140
2023.09.07,02:00,1.07309,1.07309,1.0723,1.07278,2594,197542
2023.09.07,03:00,1.07279,1.07317,1.07248,1.07298,2105,199651
2023.09.07,04:00,1.07298,1.07303,1.07178,1.07192,2169,197478
2023.09.07,05:00,1.07191,1.07214,1.07155,1.0719,2971,194507
2023.09.07,06:00,1.07191,1.07255,1.07147,1.07167,5055,189452
2023.09.07,07:00,1.07167,1.07197,1.07082,1.07157,7085,182367
2023.09.07,08:00,1.07157,1.07168,1.07076,1.07104,5559,176808
2023.09.07,09:00,1.07103,1.07178,1.0707,1.07146,5050,181862
2023.09.07,10:00,1.07147,1.07148,1.07039,1.07062,4517,177341
2023.09.07,11:00,1.07062,1.07135,1.0703,1.07053,3815,173526
2023.09.07,12:00,1.07052,1.07107,1.0686,1.06933,9401,164125
2023.09.07,13:00,1.06932,1.07042,1.06911,1.06917,9497,154628
2023.09.07,14:00,1.06916,1.071,1.06864,1.07031,8466,163098
2023.09.07,15:00,1.07031,1.07087,1.06946,1.07032,5491,168589
2023.09.07,16:00,1.07034,1.07097,1.07031,1.0704,3454,172043
2023.09.07,17:00,1.0704,1.07093,1.06986,1.06993,2791,169248
2023.09.07,18:00,1.0699,1.07039,1.06941,1.06942,2809,166439
2023.09.07,19:00,1.06941,1.07014,1.06938,1.06949,2979,163460
2023.09.07,20:00,1.06952,1.06986,1.06947,1.06957,1348,162116
2023.09.07,21:00,1.06975,1.06977,1.06959,1.0697,268,162384
2023.09.07,22:00,1.06965,1.06985,1.06956,1.06957,726,161654
2023.09.07,23:00,1.06957,1.06976,1.06941,1.06975,1025,162683
2023.09.08,00:00,1.06976,1.07149,1.06971,1.07141,3980,166663
2023.09.08,01:00,1.07141,1.07211,1.07048,1.0717,5195,171858
2023.09.08,02:00,1.07171,1.07232,1.07143,1.07178,3162,175020
2023.09.08,03:00,1.07179,1.07185,1.07148,1.07164,1775,173241
2023.09.08,04:00,1.07164,1.07168,1.07126,1.07134,1765,171476
2023.09.08,05:00,1.07134,1.07261,1.07134,1.0724,2167,173647
2023.09.08,06:00,1.07241,1.07279,1.07144,1.07153,5197,168446
2023.09.08,07:00,1.07155,1.07191,1.07076,1.07086,6473,161973
2023.09.08,08:00,1.07087,1.07174,1.07077,1.07118,5994,167971
2023.09.08,09:00,1.07117,1.07117,1.06993,1.07033,5800,162167
2023.09.08,10:00,1.07033,1.07047,1.06966,1.07004,4222,157945
2023.09.08,11:00,1.07006,1.07048,1.06941,1.0699,4490,153455
2023.09.08,12:00,1.06991,1.07136,1.06978,1.07022,6445,159904
2023.09.08,13:00,1.07024,1.07262,1.06994,1.07262,8423,168327
2023.09.08,14:00,1.07264,1.07437,1.07143,1.07152,8194,160129
2023.09.08,15:00,1.07153,1.07173,1.07067,1.07088,5784,154345
2023.09.08,16:00,1.07088,1.07134,1.07005,1.07044,3769,150576
2023.09.08,17:00,1.07043,1.07107,1.07028,1.07057,3813,154393
2023.09.08,18:00,1.07057,1.07086,1.0697,1.06978,3545,150844
2023.09.08,19:00,1.0698,1.07006,1.06971,1.06992,1916,152764
2023.09.08,20:00,1.06993,1.07031,1.06992,1.07005,1846,154610
2023.09.10,21:00,1.07134,1.07183,1.07101,1.07144,508,155118
2023.09.10,22:00,1.07141,1.07143,1.07077,1.07115,2976,152138
2023.09.10,23:00,1.07115,1.07205,1.07083,1.07162,3027,155169
2023.09.11,00:00,1.07164,1.0721,1.07099,1.07133,4181,150984
2023.09.11,01:00,1.07132,1.07208,1.07102,1.07194,4857,155845
2023.09.11,02:00,1.07195,1.07281,1.07188,1.07239,3625,159470
2023.09.11,03:00,1.07239,1.07251,1.07194,1.07225,2837,156629
2023.09.11,04:00,1.07226,1.07375,1.07216,1.07354,4205,160838
2023.09.11,05:00,1.07354,1.07413,1.07285,1.07287,5220,155614
2023.09.11,06:00,1.0729,1.07355,1.07242,1.07331,5136,160754
2023.09.11,07:00,1.07328,1.07374,1.0725,1.07259,6237,154513
2023.09.11,08:00,1.0726,1.07331,1.07222,1.07285,5237,159754
2023.09.11,09:00,1.07285,1.07343,1.07235,1.07326,4626,164380
2023.09.11,10:00,1.07326,1.0734,1.07264,1.07321,4369,168749
2023.09.11,11:00,1.0732,1.07323,1.07183,1.07197,4377,164368
2023.09.11,12:00,1.07198,1.07278,1.07156,1.07275,6557,170929
2023.09.11,13:00,1.07274,1.07369,1.07223,1.07357,7735,178664
2023.09.11,14:00,1.07358,1.07593,1.07347,1.07456,8243,186907
2023.09.11,15:00,1.07453,1.07499,1.0741,1.07426,5045,181858
2023.09.11,16:00,1.07426,1.07579,1.07426,1.07511,4069,185931
2023.09.11,17:00,1.07511,1.07522,1.07442,1.07457,2868,183059
2023.09.11,18:00,1.07457,1.07515,1.07444,1.07453,2417,180642
2023.09.11,19:00,1.07452,1.07504,1.07445,1.07489,2404,183050
2023.09.11,20:00,1.0749,1.07507,1.07478,1.07501,1169,184215
2023.09.11,21:00,1.07436,1.0753,1.07436,1.07495,856,185075
2023.09.11,22:00,1.07499,1.07521,1.07497,1.07499,609,185684
2023.09.11,23:00,1.07498,1.07508,1.07475,1.07475,779,184901
2023.09.12,00:00,1.07476,1.07477,1.07423,1.07438,2439,182462
2023.09.12,01:00,1.07439,1.07689,1.07376,1.0741,5144,177318
2023.09.12,02:00,1.0741,1.07512,1.0739,1.0751,3687,181009
2023.09.12,03:00,1.07509,1.07512,1.07445,1.07463,2181,178824
2023.09.12,04:00,1.07464,1.07464,1.07386,1.07389,1739,177085
2023.09.12,05:00,1.07391,1.07408,1.07356,1.07363,2921,174164
2023.09.12,06:00,1.07365,1.0741,1.07303,1.07323,4820,169344
2023.09.12,07:00,1.07325,1.07348,1.07121,1.07135,6322,163022
2023.09.12,08:00,1.07134,1.07235,1.07121,1.07144,5649,157373
2023.09.12,09:00,1.07143,1.0726,1.07131,1.07224,4518,161895
2023.09.12,10:00,1.07223,1.07243,1.07121,1.07161,3508,158383
2023.09.12,11:00,1.07161,1.07185,1.07085,1.0718,4616,163003
2023.09.12,12:00,1.07179,1.07209,1.07058,1.07073,6787,156212
2023.09.12,13:00,1.07072,1.07189,1.07055,1.07175,7719,163935
2023.09.12,14:00,1.07176,1.0718,1.07104,1.07138,5811,158120
2023.09.12,15:00,1.07138,1.07302,1.07136,1.07254,4335,162459
2023.09.12,16:00,1.07255,1.07375,1.07216,1.07232,3589,158866
2023.09.12,17:00,1.07232,1.0734,1.07232,1.0726,3524,162394
2023.09.12,18:00,1.0726,1.07343,1.07245,1.07322,3320,165714
2023.09.12,19:00,1.07323,1.0734,1.07275,1.07282,2792,162918
2023.09.12,20:00,1.07281,1.07647,1.07276,1.07547,3125,166043
2023.09.12,21:00,1.07505,1.07634,1.0749,1.07583,814,166861
2023.09.12,22:00,1.07588,1.07605,1.07545,1.0756,945,165912
2023.09.12,23:00,1.07561,1.07579,1.07524,1.07529,1016,164896
2023.09.13,00:00,1.0753,1.0764,1.07529,1.07594,2830,167730
2023.09.13,01:00,1.07593,1.07648,1.07557,1.07576,4596,163130
2023.09.13,02:00,1.07577,1.07599,1.07451,1.07465,3484,159646
2023.09.13,03:00,1.07467,1.07501,1.07446,1.07472,2155,157491
2023.09.13,04:00,1.07473,1.07535,1.07461,1.07523,1912,159407
2023.09.13,05:00,1.07524,1.07546,1.07419,1.07442,3129,156274
2023.09.13,06:00,1.07443,1.07472,1.07349,1.07383,6363,149911
2023.09.13,07:00,1.07379,1.07488,1.0731,1.07437,6340,156255
2023.09.13,08:00,1.07434,1.07447,1.07316,1.07351,6319,149932
2023.09.13,09:00,1.07351,1.07398,1.07289,1.07299,5003,144929
2023.09.13,10:00,1.07299,1.07381,1.07286,1.07376,4258,149191
2023.09.13,11:00,1.07377,1.07409,1.07302,1.07366,4512,153703
2023.09.13,12:00,1.07364,1.07616,1.0711,1.07477,14349,168052
2023.09.13,13:00,1.07477,1.07559,1.07294,1.0739,13500,154548
2023.09.13,14:00,1.07386,1.07427,1.0727,1.07379,10580,143968
2023.09.13,15:00,1.07382,1.07449,1.07312,1.07356,5746,138222
2023.09.13,16:00,1.07357,1.07464,1.07348,1.07406,4972,143198
2023.09.13,17:00,1.07406,1.07492,1.07373,1.07446,4003,147201
2023.09.13,18:00,1.07446,1.07461,1.0732,1.0732,2784,144413
2023.09.13,19:00,1.07321,1.07325,1.07278,1.07319,2886,141527
2023.09.13,20:00,1.07319,1.0732,1.07292,1.07293,989,140538
2023.09.13,21:00,1.07285,1.0731,1.07283,1.07298,555,139983
2023.09.13,22:00,1.07301,1.07342,1.07295,1.0733,1009,140996
2023.09.13,23:00,1.07329,1.07346,1.07305,1.07327,1087,142083
2023.09.14,00:00,1.07327,1.07423,1.07301,1.07399,2488,144571
2023.09.14,01:00,1.07401,1.07432,1.07353,1.07371,4199,140368
2023.09.14,02:00,1.07371,1.07406,1.07316,1.07405,3069,143441
2023.09.14,03:00,1.07407,1.07465,1.07407,1.07446,2082,145523
2023.09.14,04:00,1.07447,1.07488,1.07442,1.07471,1744,147267
2023.09.14,05:00,1.07473,1.07521,1.07463,1.07478,2772,150039
2023.09.14,06:00,1.07478,1.07487,1.07406,1.07428,3203,146832
2023.09.14,07:00,1.0743,1.07432,1.07329,1.07336,5346,141486
2023.09.14,08:00,1.07335,1.07402,1.07321,1.07339,5222,136264
2023.09.14,09:00,1.07338,1.07373,1.07246,1.07285,3736,132528
2023.09.14,10:00,1.07284,1.07373,1.07273,1.07351,4381,136913
2023.09.14,11:00,1.07347,1.07375,1.07288,1.07301,4193,132716
2023.09.14,12:00,1.07304,1.07469,1.0655,1.06765,17653,115063
2023.09.14,13:00,1.06769,1.06973,1.06606,1.06642,17277,97786
2023.09.14,14:00,1.06644,1.06738,1.06537,1.0664,11362,86424
2023.09.14,15:00,1.06639,1.06755,1.06561,1.06587,6641,79783
2023.09.14,16:00,1.06588,1.0663,1.06451,1.06485,5377,74406
2023.09.14,17:00,1.06485,1.06507,1.06318,1.06367,4228,70178
2023.09.14,18:00,1.06367,1.06404,1.06334,1.06346,3134,67044
2023.09.14,19:00,1.06348,1.06443,1.06345,1.06428,3538,70586
2023.09.14,20:00,1.06426,1.06468,1.06417,1.06442,1968,72550
2023.09.14,21:00,1.06383,1.06436,1.06383,1.06428,199,72351
2023.09.14,22:00,1.06429,1.06437,1.06391,1.06425,1205,71146
2023.09.14,23:00,1.06424,1.06424,1.06349,1.0635,1041,70105
2023.09.15,00:00,1.06352,1.06436,1.06343,1.06422,3327,73436
2023.09.15,01:00,1.06423,1.06435,1.06332,1.06393,3749,69683
2023.09.15,02:00,1.06394,1.06484,1.06394,1.0643,4201,73888
2023.09.15,03:00,1.06433,1.06479,1.06415,1.06475,2445,76333
2023.09.15,04:00,1.06475,1.06535,1.06444,1.06535,2144,78477
2023.09.15,05:00,1.06533,1.06563,1.06488,1.06562,3302,81779
2023.09.15,06:00,1.06558,1.06675,1.06519,1.06606,5780,87559
2023.09.15,07:00,1.06608,1.06654,1.06497,1.06636,6355,93914
2023.09.15,08:00,1.06635,1.06687,1.06616,1.06656,4690,98604
2023.09.15,09:00,1.06655,1.06692,1.06606,1.06629,3738,94862
2023.09.15,10:00,1.06629,1.06683,1.06541,1.06562,3659,91203
2023.09.15,11:00,1.06561,1.06595,1.0653,1.06546,3999,87204
2023.09.15,12:00,1.06547,1.0662,1.06451,1.06504,7354,79850
2023.09.15,13:00,1.06503,1.06677,1.06496,1.06618,8802,88656
2023.09.15,14:00,1.06618,1.06876,1.06617,1.06642,12011,100667
2023.09.15,15:00,1.06642,1.06765,1.06618,1.06721,7630,108297
2023.09.15,16:00,1.06722,1.06802,1.06702,1.06722,4650,112947
2023.09.15,17:00,1.06723,1.06763,1.06682,1.06717,3762,116709
2023.09.15,18:00,1.06717,1.06717,1.06606,1.06607,2776,113929
2023.09.15,19:00,1.0661,1.06636,1.06597,1.06598,2896,111033
2023.09.15,20:00,1.06597,1.06628,1.06571,1.06618,2531,113564
2023.09.17,21:00,1.06583,1.0663,1.06583,1.06626,453,114021
2023.09.17,22:00,1.06633,1.06691,1.06629,1.0664,915,114936
2023.09.17,23:00,1.06639,1.06684,1.06624,1.06679,1364,116300
2023.09.18,00:00,1.0668,1.06718,1.06676,1.06715,1993,118293
2023.09.18,01:00,1.06716,1.06738,1.0661,1.06623,3667,114622
2023.09.18,02:00,1.06623,1.06683,1.0662,1.06653,2752,117378
2023.09.18,03:00,1.06653,1.06686,1.06636,1.06641,1632,115742
2023.09.18,04:00,1.06634,1.06693,1.06631,1.06686,1164,116910
2023.09.18,05:00,1.06686,1.06731,1.06682,1.06688,1846,118756
2023.09.18,06:00,1.06687,1.06778,1.06584,1.06584,4697,114055
2023.09.18,07:00,1.06585,1.06659,1.06578,1.06622,5301,119360
2023.09.18,08:00,1.06621,1.06656,1.06563,1.0664,4457,123817
2023.09.18,09:00,1.0664,1.0674,1.0662,1.06727,4046,127863
2023.09.18,10:00,1.06727,1.06747,1.06672,1.06678,3262,124597
2023.09.18,11:00,1.06682,1.06704,1.06623,1.06631,3286,121311
2023.09.18,12:00,1.06632,1.0669,1.0656,1.06568,5218,116093
2023.09.18,13:00,1.06569,1.06714,1.06547,1.06622,7294,123391
2023.09.18,14:00,1.06625,1.06755,1.06594,1.06751,7072,130463
2023.09.18,15:00,1.06751,1.06986,1.06741,1.06938,5312,135775
2023.09.18,16:00,1.06938,1.06954,1.06843,1.06922,3417,132354
2023.09.18,17:00,1.06922,1.0698,1.0687,1.06871,2584,129770
2023.09.18,18:00,1.06871,1.06875,1.06779,1.06782,3187,126583
2023.09.18,19:00,1.06782,1.06868,1.06781,1.06866,2687,129274
2023.09.18,20:00,1.06865,1.06924,1.06862,1.06923,962,130232
2023.09.18,21:00,1.0688,1.06931,1.06847,1.06915,617,130853
2023.09.18,22:00,1.0692,1.0693,1.06888,1.06913,825,131678
2023.09.18,23:00,1.06914,1.06937,1.06913,1.06919,816,132494
2023.09.19,00:00,1.0692,1.06965,1.0688,1.06885,2588,129902
2023.09.19,01:00,1.06884,1.06895,1.06809,1.06837,3125,126777
2023.09.19,02:00,1.0684,1.06877,1.06821,1.06845,1622,125155
2023.09.19,03:00,1.06846,1.06856,1.06824,1.06826,1144,124011
2023.09.19,04:00,1.06827,1.06851,1.06788,1.068,1042,122969
2023.09.19,05:00,1.06796,1.06821,1.06762,1.06796,2281,120688
2023.09.19,06:00,1.06795,1.06837,1.06763,1.06786,4233,116455
2023.09.19,07:00,1.06786,1.06953,1.06751,1.06944,5956,122415
2023.09.19,08:00,1.06942,1.06942,1.06839,1.06866,4355,118056
2023.09.19,09:00,1.06862,1.06908,1.06819,1.06889,3727,121787
2023.09.19,10:00,1.06893,1.07097,1.06867,1.07004,4043,125830
2023.09.19,11:00,1.07003,1.07097,1.06994,1.07088,4998,130828
2023.09.19,12:00,1.07088,1.0718,1.06941,1.06995,7189,123635
2023.09.19,13:00,1.06996,1.07014,1.06831,1.06916,8628,115007
2023.09.19,14:00,1.06916,1.06933,1.06824,1.06896,6710,108297
2023.09.19,15:00,1.06897,1.0693,1.068,1.06831,4261,104036
2023.09.19,16:00,1.06832,1.06862,1.06783,1.06847,3255,107295
2023.09.19,17:00,1.06847,1.06917,1.06822,1.06846,3126,110421
2023.09.19,18:00,1.06847,1.06854,1.06771,1.06775,2877,107540
2023.09.19,19:00,1.06772,1.06812,1.06761,1.06805,2981,110525
2023.09.19,20:00,1.06808,1.06813,1.06785,1.06792,1112,109409
2023.09.19,21:00,1.06773,1.068,1.06773,1.06794,740,108669
2023.09.19,22:00,1.06788,1.06828,1.0678,1.06822,756,109429
2023.09.19,23:00,1.06821,1.06835,1.06808,1.06814,843,110272
2023.09.20,00:00,1.06814,1.0686,1.06793,1.06848,2247,112519
2023.09.20,01:00,1.06849,1.06874,1.06799,1.06862,3087,115606
2023.09.20,02:00,1.06863,1.06897,1.06828,1.0683,2271,113331
2023.09.20,03:00,1.06829,1.06842,1.06782,1.06795,1485,111846
2023.09.20,04:00,1.06794,1.06812,1.06782,1.06786,1086,110760
2023.09.20,05:00,1.06785,1.0684,1.06784,1.06808,1956,112720
2023.09.20,06:00,1.06801,1.0693,1.0673,1.06818,6469,119189
2023.09.20,07:00,1.06818,1.06931,1.06753,1.06904,6790,125979
2023.09.20,08:00,1.06904,1.06969,1.06897,1.06962,4474,130453
2023.09.20,09:00,1.06962,1.06999,1.06932,1.06985,3651,134104
2023.09.20,10:00,1.06988,1.07051,1.06986,1.07032,3371,137475
2023.09.20,11:00,1.07031,1.07049,1.06971,1.07016,2931,134540
2023.09.20,12:00,1.07017,1.07035,1.06921,1.0698,4822,129718
2023.09.20,13:00,1.06979,1.0718,1.06971,1.0717,6930,136652
2023.09.20,14:00,1.07171,1.07272,1.07129,1.07196,6647,143299
2023.09.20,15:00,1.07196,1.07245,1.07135,1.07143,5050,138245
2023.09.20,16:00,1.07143,1.07368,1.07138,1.07352,4219,142468
2023.09.20,17:00,1.07349,1.07354,1.07244,1.07265,3564,138900
2023.09.20,18:00,1.07266,1.07266,1.06739,1.06867,19686,119214
2023.09.20,19:00,1.06864,1.0689,1.06578,1.06587,9605,109609
2023.09.20,20:00,1.06586,1.06624,1.06501,1.06601,2553,112166
2023.09.20,21:00,1.06592,1.06641,1.06592,1.06633,445,112611
2023.09.20,22:00,1.06632,1.06644,1.06528,1.06552,1797,110810
2023.09.20,23:00,1.06551,1.06552,1.06477,1.065,1698,109112
2023.09.21,00:00,1.06499,1.06503,1.06299,1.06313,4287,104825
2023.09.21,01:00,1.06312,1.06395,1.06276,1.06374,4338,109167
2023.09.21,02:00,1.06373,1.06414,1.06167,1.06272,3891,105272
2023.09.21,03:00,1.06272,1.06379,1.0627,1.06366,2296,107572
2023.09.21,04:00,1.06365,1.06374,1.06333,1.06371,1723,109295
2023.09.21,05:00,1.06371,1.06387,1.06327,1.06347,2330,106961
2023.09.21,06:00,1.06345,1.06547,1.06336,1.06503,4813,111778
2023.09.21,07:00,1.06501,1.06581,1.06387,1.06552,8693,120471
2023.09.21,08:00,1.06551,1.06637,1.06521,1.06555,6184,126655
2023.09.21,09:00,1.06555,1.06646,1.06514,1.06534,5460,121191
2023.09.21,10:00,1.06535,1.06627,1.0647,1.06506,4975,116216
2023.09.21,11:00,1.06504,1.06504,1.06336,1.06358,8222,107994
2023.09.21,12:00,1.06357,1.0642,1.06242,1.0642,9438,117436
2023.09.21,13:00,1.06424,1.06613,1.06388,1.06408,10523,106909
2023.09.21,14:00,1.06408,1.06735,1.06378,1.06598,10029,116942
2023.09.21,15:00,1.06596,1.06686,1.06551,1.06634,6521,123463
2023.09.21,16:00,1.06633,1.06664,1.06545,1.06557,4432,119027
2023.09.21,17:00,1.06557,1.06704,1.06556,1.06658,3835,122866
2023.09.21,18:00,1.06659,1.06709,1.06613,1.06617,3676,119186
2023.09.21,19:00,1.06617,1.06668,1.06589,1.06593,3563,115623
2023.09.21,20:00,1.06593,1.0663,1.06574,1.06612,1678,117301
2023.09.21,21:00,1.06558,1.06613,1.06558,1.06585,619,116682
2023.09.21,22:00,1.06588,1.06637,1.06586,1.06614,955,117641
2023.09.21,23:00,1.06615,1.06619,1.06587,1.06603,1025,116612
2023.09.22,00:00,1.06603,1.06626,1.06534,1.06575,2974,113638
2023.09.22,01:00,1.06575,1.06576,1.06409,1.06433,3510,110128
2023.09.22,02:00,1.06434,1.06516,1.06424,1.0648,4157,114289
2023.09.22,03:00,1.06479,1.0653,1.06475,1.06514,2418,116707
2023.09.22,04:00,1.06513,1.0657,1.06512,1.06547,2026,118733
2023.09.22,05:00,1.06546,1.06577,1.06492,1.06492,3025,115704
2023.09.22,06:00,1.0649,1.06598,1.06472,1.06596,6018,121726
2023.09.22,07:00,1.06595,1.06677,1.06149,1.06458,11620,110102
2023.09.22,08:00,1.06466,1.06515,1.06391,1.06462,6999,103103
2023.09.22,09:00,1.06462,1.06486,1.0634,1.06384,4704,98399
2023.09.22,10:00,1.06383,1.06472,1.06346,1.06354,4114,94285
2023.09.22,11:00,1.06355,1.0642,1.06355,1.06364,3811,90474
2023.09.22,12:00,1.06364,1.06606,1.06364,1.06556,6369,96847
2023.09.22,13:00,1.06556,1.0662,1.0642,1.06606,8969,105816
2023.09.22,14:00,1.06606,1.06717,1.06573,1.06582,7459,98353
2023.09.22,15:00,1.06582,1.06653,1.06536,1.06593,4880,103237
2023.09.22,16:00,1.06595,1.06617,1.06548,1.06555,3054,100179
2023.09.22,17:00,1.06556,1.06614,1.06516,1.06519,2868,97311
2023.09.22,18:00,1.06518,1.06527,1.06392,1.06468,3181,94130
2023.09.22,19:00,1.06468,1.06512,1.06436,1.06437,3285,90845
2023.09.22,20:00,1.06436,1.06471,1.06415,1.06466,1778,92627
2023.09.24,21:00,1.06487,1.06506,1.06412,1.06435,652,91971
2023.09.24,22:00,1.06431,1.06518,1.0643,1.0649,1548,93523
2023.09.24,23:00,1.06488,1.06518,1.0647,1.06482,1554,95077
2023.09.25,00:00,1.0648,1.06556,1.0648,1.06545,2492,97569
2023.09.25,01:00,1.06547,1.06551,1.06443,1.06467,2589,94976
2023.09.25,02:00,1.06466,1.06496,1.06431,1.06491,2511,97491
2023.09.25,03:00,1.0649,1.06508,1.06475,1.06481,2056,99547
2023.09.25,04:00,1.06481,1.06506,1.06457,1.06489,1241,100788
2023.09.25,05:00,1.06488,1.06502,1.06421,1.0644,2025,98759
2023.09.25,06:00,1.06441,1.06531,1.06427,1.06461,3632,102395
2023.09.25,07:00,1.0646,1.06529,1.06316,1.06379,5773,96618
2023.09.25,08:00,1.06379,1.0643,1.06241,1.06256,7429,89189
2023.09.25,09:00,1.06256,1.06369,1.0624,1.06347,4902,94095
2023.09.25,10:00,1.06347,1.06417,1.06339,1.06373,3723,97818
2023.09.25,11:00,1.06374,1.06436,1.06292,1.06305,4342,93472
2023.09.25,12:00,1.06304,1.06347,1.06192,1.06221,5543,87929
2023.09.25,13:00,1.06223,1.06243,1.05958,1.0602,7824,80105
2023.09.25,14:00,1.0602,1.0607,1.05755,1.05774,9489,70616
2023.09.25,15:00,1.05775,1.05929,1.0576,1.05902,5839,76459
2023.09.25,16:00,1.05901,1.05962,1.05876,1.05891,4200,72255
2023.09.25,17:00,1.05891,1.05973,1.05887,1.05948,3079,75338
2023.09.25,18:00,1.0595,1.05988,1.05856,1.0587,2736,72598
2023.09.25,19:00,1.0587,1.05933,1.05855,1.05927,2709,75311
2023.09.25,20:00,1.05927,1.05948,1.0591,1.0592,1542,76853
2023.09.25,21:00,1.05925,1.0593,1.05884,1.0591,1027,77880
2023.09.25,22:00,1.05911,1.05966,1.05908,1.05938,1584,79464
2023.09.25,23:00,1.0594,1.05953,1.05914,1.05914,569,78891
2023.09.26,00:00,1.05914,1.0592,1.05806,1.05843,2567,76324
2023.09.26,01:00,1.05843,1.05877,1.05833,1.05864,3200,79528
2023.09.26,02:00,1.05864,1.05875,1.05799,1.05801,2500,77024
2023.09.26,03:00,1.058,1.05866,1.05783,1.05858,2071,79099
2023.09.26,04:00,1.05859,1.05929,1.05843,1.05926,1686,80785
2023.09.26,05:00,1.05926,1.0593,1.0582,1.05877,2586,78195
2023.09.26,06:00,1.05879,1.05889,1.05711,1.05715,4877,73318
2023.09.26,07:00,1.05715,1.05886,1.057,1.0585,6938,80260
2023.09.26,08:00,1.05849,1.06,1.05826,1.05959,5950,86210
2023.09.26,09:00,1.0596,1.06029,1.05933,1.05973,4414,90624
2023.09.26,10:00,1.05972,1.06015,1.05932,1.0596,3498,87122
2023.09.26,11:00,1.05959,1.06034,1.05895,1.05994,4544,91670
2023.09.26,12:00,1.05993,1.06089,1.05985,1.06058,6624,98294
2023.09.26,13:00,1.06057,1.06066,1.05855,1.05919,7896,90394
2023.09.26,14:00,1.05919,1.05987,1.05782,1.05838,9873,80521
2023.09.26,15:00,1.05836,1.05844,1.05677,1.05725,6509,74012
2023.09.26,16:00,1.05728,1.05767,1.05681,1.05691,3855,70157
2023.09.26,17:00,1.05691,1.05762,1.05671,1.05708,3082,73243
2023.09.26,18:00,1.0571,1.05716,1.05621,1.05662,3244,69995
2023.09.26,19:00,1.05663,1.05718,1.05644,1.05701,2739,72738
2023.09.26,20:00,1.057,1.05754,1.05694,1.05719,1636,74370
2023.09.26,21:00,1.05683,1.05723,1.0568,1.05709,432,74806
2023.09.26,22:00,1.05701,1.05741,1.05695,1.05713,962,75768
2023.09.26,23:00,1.05714,1.05732,1.05677,1.05691,1636,74128
2023.09.27,00:00,1.05691,1.05721,1.05559,1.05599,3317,70811
2023.09.27,01:00,1.05599,1.057,1.05587,1.05696,3730,74545
2023.09.27,02:00,1.05695,1.05697,1.05588,1.05643,2940,71601
2023.09.27,03:00,1.05645,1.05649,1.05595,1.05619,2100,69501
2023.09.27,04:00,1.05618,1.05633,1.05572,1.056,1943,67558
2023.09.27,05:00,1.05603,1.05641,1.05548,1.05602,2993,64565
2023.09.27,06:00,1.056,1.05707,1.05573,1.05692,4536,69105
2023.09.27,07:00,1.05692,1.05741,1.05644,1.05651,5228,63873
2023.09.27,08:00,1.05653,1.05698,1.05573,1.05598,4994,58879
2023.09.27,09:00,1.05598,1.05637,1.0553,1.056,4904,53975
2023.09.27,10:00,1.056,1.05618,1.05526,1.05543,3837,50138
2023.09.27,11:00,1.05542,1.05547,1.05344,1.05396,5285,44853
2023.09.27,12:00,1.05395,1.0551,1.05348,1.05467,8101,52958
2023.09.27,13:00,1.05466,1.05488,1.05121,1.05202,8655,44299
2023.09.27,14:00,1.05203,1.05259,1.05084,1.05088,9396,34903
2023.09.27,15:00,1.05088,1.0524,1.05083,1.05087,7671,27232
2023.09.27,16:00,1.05091,1.05097,1.05008,1.05029,5921,21311
2023.09.27,17:00,1.05028,1.05107,1.04904,1.04989,7350,13961
2023.09.27,18:00,1.04989,1.05093,1.04881,1.05069,6726,20691
2023.09.27,19:00,1.05068,1.05186,1.05012,1.05056,6040,14647
2023.09.27,20:00,1.05058,1.05058,1.04984,1.0503,2136,12515
2023.09.27,21:00,1.05049,1.05076,1.05007,1.05046,1016,13531
2023.09.27,22:00,1.0505,1.05075,1.05032,1.05035,1010,12517
2023.09.27,23:00,1.05034,1.0507,1.05022,1.05052,1247,13768
2023.09.28,00:00,1.05052,1.05153,1.05051,1.0515,3268,17036
2023.09.28,01:00,1.05151,1.05162,1.05096,1.05104,4191,12841
2023.09.28,02:00,1.05104,1.05117,1.04986,1.04995,3216,9625
2023.09.28,03:00,1.04995,1.05055,1.04991,1.05041,1953,11582
2023.09.28,04:00,1.0504,1.0506,1.04968,1.05041,2055,13637
2023.09.28,05:00,1.05045,1.05095,1.04959,1.05089,3554,17191
2023.09.28,06:00,1.05087,1.0509,1.0491,1.04949,5186,12001
2023.09.28,07:00,1.04951,1.0519,1.04942,1.05085,7733,19738
2023.09.28,08:00,1.05092,1.05242,1.05048,1.05166,7724,27462
2023.09.28,09:00,1.05169,1.05414,1.05153,1.05394,7720,35182
2023.09.28,10:00,1.05394,1.05418,1.05317,1.05398,4724,39906
2023.09.28,11:00,1.05397,1.05483,1.05372,1.05413,4558,44464
2023.09.28,12:00,1.05412,1.05573,1.05177,1.05181,13061,31399
2023.09.28,13:00,1.05179,1.05547,1.05178,1.05494,14363,45766
2023.09.28,14:00,1.05492,1.05677,1.05456,1.0563,10826,56592
2023.09.28,15:00,1.05626,1.05788,1.05582,1.05762,7922,64514
2023.09.28,16:00,1.0577,1.05784,1.05563,1.0558,6161,58349
2023.09.28,17:00,1.0558,1.05641,1.05501,1.05509,5987,52362
2023.09.28,18:00,1.05508,1.05644,1.05498,1.05549,4405,56771
2023.09.28,19:00,1.05552,1.05644,1.05525,1.05641,3761,60532
2023.09.28,20:00,1.05637,1.05673,1.05628,1.05661,2220,62748
2023.09.28,21:00,1.05607,1.05662,1.05588,1.05649,576,62172
2023.09.28,22:00,1.05648,1.05675,1.05641,1.05649,879,61293
2023.09.28,23:00,1.05649,1.0565,1.05619,1.05622,932,60361
2023.09.29,00:00,1.05622,1.05648,1.0558,1.0564,2096,62461
2023.09.29,01:00,1.05639,1.05761,1.0562,1.05737,3108,65569
2023.09.29,02:00,1.05737,1.05828,1.05736,1.05791,2623,68192
2023.09.29,03:00,1.05792,1.05802,1.05754,1.05754,1678,66510
2023.09.29,04:00,1.0575,1.05813,1.0575,1.05801,1348,67862
2023.09.29,05:00,1.058,1.0586,1.05756,1.05763,2639,65219
2023.09.29,06:00,1.05763,1.0592,1.05741,1.05901,6877,72100
2023.09.29,07:00,1.05898,1.06107,1.05881,1.06063,8339,80439
2023.09.29,08:00,1.06064,1.06161,1.05993,1.0609,7580,88019
2023.09.29,09:00,1.06091,1.0617,1.06039,1.06145,6625,94644
2023.09.29,10:00,1.06144,1.06164,1.06065,1.06091,5089,89551
2023.09.29,11:00,1.06093,1.06111,1.059,1.05943,5649,83902
2023.09.29,12:00,1.05943,1.06103,1.05881,1.05997,10692,94598
2023.09.29,13:00,1.05998,1.06073,1.05747,1.05806,10569,84025
2023.09.29,14:00,1.05805,1.05928,1.05699,1.05869,12038,96067
2023.09.29,15:00,1.05869,1.05903,1.05729,1.05834,9863,86200
2023.09.29,16:00,1.05835,1.05868,1.05747,1.05776,6521,79679
2023.09.29,17:00,1.05775,1.05777,1.05641,1.05651,6220,73459
2023.09.29,18:00,1.0565,1.05796,1.05639,1.05775,5203,78666
2023.09.29,19:00,1.05776,1.05791,1.05699,1.05723,5683,72979
2023.09.29,20:00,1.05723,1.05762,1.05694,1.05731,2041,70938
2023.10.01,21:00,1.05667,1.05712,1.05618,1.05658,432,70510
2023.10.01,22:00,1.0567,1.0571,1.05577,1.05591,2198,68308
2023.10.01,23:00,1.05591,1.05646,1.05578,1.05641,1929,70241
2023.10.02,00:00,1.05642,1.05684,1.05623,1.05641,2769,73010
2023.10.02,01:00,1.05641,1.05703,1.0564,1.05678,1932,74942
2023.10.02,02:00,1.05678,1.05707,1.05677,1.05679,1596,76538
2023.10.02,03:00,1.05679,1.05702,1.05678,1.05696,1323,77861
2023.10.02,04:00,1.05696,1.05712,1.0568,1.05687,1356,79217
2023.10.02,05:00,1.05686,1.05693,1.05601,1.05618,2474,76739
2023.10.02,06:00,1.05618,1.05896,1.05609,1.05895,5934,82677
2023.10.02,07:00,1.05895,1.05917,1.05713,1.05723,7381,75292
2023.10.02,08:00,1.05724,1.05781,1.05601,1.05622,5565,69727
2023.10.02,09:00,1.05621,1.05627,1.05349,1.05391,6200,63527
2023.10.02,10:00,1.0539,1.05438,1.05337,1.05395,5312,58215
2023.10.02,11:00,1.05395,1.05426,1.05302,1.05313,5561,52654
2023.10.02,12:00,1.05313,1.05375,1.05249,1.05295,7429,45225
2023.10.02,13:00,1.05292,1.05325,1.0515,1.05158,9006,36219
2023.10.02,14:00,1.05155,1.05271,1.04922,1.04952,13744,22475
2023.10.02,15:00,1.04955,1.05126,1.04955,1.04989,9135,31614
2023.10.02,16:00,1.04988,1.04993,1.04883,1.04892,6525,25085
2023.10.02,17:00,1.04892,1.05052,1.0489,1.04959,5027,30116
2023.10.02,18:00,1.04958,1.05023,1.04905,1.04926,4822,25290
2023.10.02,19:00,1.04926,1.04941,1.04806,1.0481,4544,20746
2023.10.02,20:00,1.04806,1.04827,1.04774,1.04774,2967,17779
2023.10.02,21:00,1.04775,1.04793,1.04774,1.0479,348,18131
2023.10.02,22:00,1.04797,1.04826,1.04764,1.04766,1473,16654
2023.10.02,23:00,1.04767,1.04826,1.04752,1.04798,1563,18221
2023.10.03,00:00,1.04799,1.04803,1.04644,1.04723,4008,14209
2023.10.03,01:00,1.04723,1.04747,1.04677,1.04712,3452,10757
2023.10.03,02:00,1.04712,1.04713,1.04638,1.04665,2636,8121
2023.10.03,03:00,1.04665,1.04707,1.04651,1.04683,2233,10358
2023.10.03,04:00,1.04684,1.04704,1.04599,1.04632,2626,7728
2023.10.03,05:00,1.04633,1.04662,1.04607,1.04657,3339,11071
2023.10.03,06:00,1.04657,1.04746,1.04623,1.04729,6085,17156
2023.10.03,07:00,1.04729,1.04843,1.04689,1.04825,6837,23993
2023.10.03,08:00,1.04824,1.04935,1.04785,1.04853,6134,30127
2023.10.03,09:00,1.0485,1.04912,1.04804,1.04841,4846,25277
2023.10.03,10:00,1.04839,1.04854,1.04755,1.04759,4679,20598
2023.10.03,11:00,1.04759,1.04816,1.04692,1.04735,6277,14321
2023.10.03,12:00,1.04735,1.04787,1.04621,1.04661,8591,5730
2023.10.03,13:00,1.04663,1.04857,1.0464,1.04806,9858,15592
2023.10.03,14:00,1.04804,1.04826,1.04495,1.04756,20533,-4945
2023.10.03,15:00,1.04757,1.04758,1.04483,1.04525,11446,-16391
2023.10.03,16:00,1.04524,1.04725,1.04518,1.04623,8017,-8370
2023.10.03,17:00,1.04621,1.0475,1.04621,1.04692,5740,-2630
2023.10.03,18:00,1.04693,1.04796,1.04596,1.04746,5463,2833
2023.10.03,19:00,1.04748,1.04786,1.04705,1.04714,5081,-2252
2023.10.03,20:00,1.04715,1.04735,1.04647,1.04661,2088,-4340
2023.10.03,21:00,1.04663,1.04692,1.04632,1.04648,371,-4711
2023.10.03,22:00,1.04648,1.04678,1.04641,1.04646,1247,-5958
2023.10.03,23:00,1.04646,1.04697,1.0463,1.04685,1547,-4407
2023.10.04,00:00,1.04684,1.04757,1.04656,1.04712,3124,-1283
2023.10.04,01:00,1.04712,1.04719,1.04602,1.04668,4741,-6028
2023.10.04,02:00,1.04669,1.04683,1.04599,1.04633,3265,-9293
2023.10.04,03:00,1.04633,1.04666,1.04572,1.04592,2279,-11572
2023.10.04,04:00,1.04593,1.047,1.04581,1.04699,2572,-8996
2023.10.04,05:00,1.047,1.0474,1.04668,1.04682,2855,-11855
2023.10.04,06:00,1.04683,1.04694,1.04542,1.04605,4845,-16700
2023.10.04,07:00,1.04603,1.04854,1.04514,1.04843,8627,-8069
2023.10.04,08:00,1.04843,1.04888,1.04791,1.04861,6539,-1530
2023.10.04,09:00,1.0486,1.0504,1.04847,1.04983,5519,3989
2023.10.04,10:00,1.04981,1.05117,1.04954,1.05033,5011,9000
2023.10.04,11:00,1.05036,1.05164,1.04978,1.0498,6792,2204
2023.10.04,12:00,1.04981,1.05323,1.04962,1.05252,13147,15355
2023.10.04,13:00,1.05249,1.05259,1.05053,1.05071,9935,5416
2023.10.04,14:00,1.05063,1.05118,1.0483,1.04929,14525,-9109
2023.10.04,15:00,1.04927,1.05199,1.04903,1.05177,9010,-95
2023.10.04,16:00,1.05178,1.05218,1.0511,1.05123,5835,-5934
2023.10.04,17:00,1.0512,1.0513,1.05008,1.05028,5279,-11213
2023.10.04,18:00,1.05027,1.0507,1.04978,1.05032,5555,-16768
2023.10.04,19:00,1.05036,1.05195,1.05017,1.05154,4892,-11872
2023.10.04,20:00,1.05154,1.0516,1.05028,1.05038,2194,-14070
2023.10.04,21:00,1.05035,1.05065,1.05029,1.05059,613,-13453
2023.10.04,22:00,1.05068,1.05085,1.05053,1.05063,994,-12459
2023.10.04,23:00,1.05064,1.05092,1.05052,1.05069,999,-11460
2023.10.05,00:00,1.05066,1.0522,1.05022,1.05203,3040,-8420
2023.10.05,01:00,1.05202,1.05288,1.05201,1.05286,4642,-3778
2023.10.05,02:00,1.05287,1.05288,1.05209,1.05231,2520,-6302
2023.10.05,03:00,1.0523,1.05284,1.05215,1.0525,2459,-3839
2023.10.05,04:00,1.0525,1.05263,1.05206,1.05206,2285,-6128
2023.10.05,05:00,1.05206,1.05262,1.05166,1.05174,2900,-9028
2023.10.05,06:00,1.05178,1.0521,1.05048,1.05071,4806,-13834
2023.10.05,07:00,1.05069,1.05145,1.05015,1.05087,7050,-6780
2023.10.05,08:00,1.05086,1.05202,1.05027,1.05041,7305,-14089
2023.10.05,09:00,1.05042,1.05164,1.05034,1.05078,5473,-8612
2023.10.05,10:00,1.05079,1.0523,1.05051,1.05188,5594,-3018
2023.10.05,11:00,1.05187,1.05252,1.05112,1.05237,5678,2660
2023.10.05,12:00,1.05236,1.05298,1.05,1.05147,10765,-8109
2023.10.05,13:00,1.05149,1.05319,1.05077,1.05252,12218,4113
2023.10.05,14:00,1.05249,1.05331,1.05126,1.05302,11586,15699
2023.10.05,15:00,1.05302,1.05373,1.05202,1.05257,10079,5616
2023.10.05,16:00,1.05257,1.05399,1.05241,1.05359,7084,12704
2023.10.05,17:00,1.05359,1.054,1.05288,1.05377,5386,18090
2023.10.05,18:00,1.05385,1.05516,1.05384,1.05509,4964,23054
2023.10.05,19:00,1.05509,1.05516,1.05448,1.05496,3681,19369
2023.10.05,20:00,1.05496,1.05518,1.05479,1.05508,1358,20727
2023.10.05,21:00,1.05464,1.05498,1.05464,1.05483,502,20225
2023.10.05,22:00,1.05482,1.05508,1.05472,1.05483,661,19564
2023.10.05,23:00,1.05482,1.05485,1.05461,1.05463,718,18846
2023.10.06,00:00,1.05466,1.0548,1.05412,1.05416,2918,15928
2023.10.06,01:00,1.05416,1.05446,1.05382,1.05431,3360,19292
2023.10.06,02:00,1.05429,1.05475,1.05413,1.05448,2377,21669
2023.10.06,03:00,1.05448,1.05462,1.05403,1.05425,2352,19313
2023.10.06,04:00,1.05426,1.05444,1.05398,1.05404,1729,17584
2023.10.06,05:00,1.05403,1.05418,1.05334,1.0535,2060,15524
2023.10.06,06:00,1.05348,1.05402,1.05315,1.05346,4222,11302
2023.10.06,07:00,1.05347,1.05511,1.05341,1.05498,6322,17628
2023.10.06,08:00,1.05497,1.05533,1.05421,1.05482,6424,11200
2023.10.06,09:00,1.05483,1.05576,1.05458,1.05527,5431,16635
2023.10.06,10:00,1.05527,1.05634,1.05527,1.05547,4890,21525
2023.10.06,11:00,1.05547,1.05674,1.05505,1.0566,4687,26212
2023.10.06,12:00,1.0566,1.05684,1.04825,1.04964,15465,10743
2023.10.06,13:00,1.04963,1.05227,1.04883,1.05117,16295,27042
2023.10.06,14:00,1.05119,1.05554,1.05051,1.05377,14923,41965
2023.10.06,15:00,1.05376,1.05999,1.0536,1.05948,13817,55782
2023.10.06,16:00,1.05947,1.05954,1.05755,1.05792,9260,46518
2023.10.06,17:00,1.05791,1.05924,1.05772,1.05881,5711,52233
2023.10.06,18:00,1.05881,1.05997,1.0587,1.05934,3636,55869
2023.10.06,19:00,1.05935,1.05962,1.05887,1.05897,4156,51709
2023.10.06,20:00,1.05896,1.05898,1.05825,1.05838,2064,49645
2023.10.08,21:00,1.05525,1.05586,1.05481,1.05551,953,48692
2023.10.08,22:00,1.05552,1.05632,1.05501,1.05581,4247,52943
2023.10.08,23:00,1.05582,1.05685,1.05582,1.05661,3087,56030
2023.10.09,00:00,1.05665,1.05743,1.05621,1.05736,4363,60393
2023.10.09,01:00,1.05736,1.05741,1.05569,1.05632,3867,56522
2023.10.09,02:00,1.05633,1.05656,1.05587,1.05614,3112,53410
2023.10.09,03:00,1.05615,1.05615,1.05516,1.05522,1928,51482
2023.10.09,04:00,1.05522,1.05545,1.05478,1.055,1929,49553
2023.10.09,05:00,1.05501,1.05568,1.055,1.05535,2696,52253
2023.10.09,06:00,1.05539,1.05585,1.05317,1.05371,7322,44927
2023.10.09,07:00,1.05371,1.05395,1.05195,1.0523,8456,36471
2023.10.09,08:00,1.05229,1.05417,1.05201,1.05416,6249,42724
2023.10.09,09:00,1.05417,1.0545,1.05308,1.05334,5073,37647
2023.10.09,10:00,1.05335,1.05338,1.05235,1.05281,4038,33609
2023.10.09,11:00,1.05281,1.05403,1.05269,1.05282,4288,29321
2023.10.09,12:00,1.05279,1.05359,1.05224,1.0533,6891,36216
2023.10.09,13:00,1.05329,1.05547,1.05326,1.05529,10561,46777
2023.10.09,14:00,1.0553,1.05577,1.05372,1.05453,9212,37561
2023.10.09,15:00,1.05453,1.05529,1.05391,1.05397,6023,31538
2023.10.09,16:00,1.05396,1.0544,1.05346,1.05354,4122,27416
2023.10.09,17:00,1.05358,1.05648,1.05352,1.05633,4430,31850
2023.10.09,18:00,1.05632,1.05673,1.05601,1.05643,4491,36341
2023.10.09,19:00,1.05643,1.05702,1.05642,1.05692,4174,40515
2023.10.09,20:00,1.0569,1.05722,1.05651,1.05666,1918,38593
2023.10.09,21:00,1.05665,1.05669,1.05645,1.05649,896,37697
2023.10.09,22:00,1.05655,1.05717,1.05647,1.05688,1007,38708
2023.10.09,23:00,1.05687,1.05797,1.05679,1.05786,1699,40407
2023.10.10,00:00,1.05786,1.05834,1.05707,1.05726,5692,34711
2023.10.10,01:00,1.05727,1.05806,1.05706,1.05731,5535,29176
2023.10.10,02:00,1.05731,1.05769,1.05665,1.0567,3413,25763
2023.10.10,03:00,1.05669,1.05702,1.0566,1.05695,2797,28564
2023.10.10,04:00,1.05695,1.05695,1.05606,1.05614,2531,26029
2023.10.10,05:00,1.05612,1.05669,1.05587,1.05615,3462,22567
2023.10.10,06:00,1.05619,1.05691,1.05547,1.05614,7756,14811
2023.10.10,07:00,1.05609,1.05724,1.05543,1.05717,9488,24303
2023.10.10,08:00,1.05719,1.06095,1.05698,1.06043,9811,34114
2023.10.10,09:00,1.06042,1.06111,1.05973,1.0602,7839,26271
2023.10.10,10:00,1.06019,1.06046,1.05907,1.0592,5454,20817
2023.10.10,11:00,1.0592,1.0592,1.05719,1.05757,6695,14122
2023.10.10,12:00,1.05756,1.05954,1.05742,1.05926,10095,24221
2023.10.10,13:00,1.05921,1.05969,1.05848,1.05942,10534,34755
2023.10.10,14:00,1.05942,1.06066,1.05894,1.05972,10380,45135
2023.10.10,15:00,1.05971,1.06195,1.05961,1.06171,7724,52859
2023.10.10,16:00,1.0617,1.06198,1.06095,1.06171,5616,58475
2023.10.10,17:00,1.06171,1.06183,1.05934,1.05948,6747,51724
2023.10.10,18:00,1.05947,1.06011,1.05925,1.05986,5635,57363
2023.10.10,19:00,1.05988,1.06064,1.05938,1.06048,4063,61426
2023.10.10,20:00,1.06047,1.06064,1.06021,1.06048,1831,63253
2023.10.10,21:00,1.06017,1.06065,1.06017,1.06047,222,63475
2023.10.10,22:00,1.06031,1.06068,1.06023,1.06053,639,64118
2023.10.10,23:00,1.06053,1.06097,1.06035,1.06043,1355,65473
2023.10.11,00:00,1.06042,1.06142,1.06042,1.06106,3484,68957
2023.10.11,01:00,1.06106,1.06123,1.06012,1.06081,3845,65108
2023.10.11,02:00,1.0608,1.06098,1.06021,1.06076,3124,61984
2023.10.11,03:00,1.06076,1.06082,1.06037,1.06048,2057,59927
2023.10.11,04:00,1.06047,1.06077,1.06027,1.06027,1999,57928
2023.10.11,05:00,1.06028,1.06104,1.06006,1.06015,2661,55267
2023.10.11,06:00,1.06016,1.06145,1.05991,1.06104,5116,60387
2023.10.11,07:00,1.06108,1.06283,1.05953,1.05998,9652,50731
2023.10.11,08:00,1.05998,1.06137,1.05933,1.06085,8753,59488
2023.10.11,09:00,1.06085,1.06147,1.06043,1.06045,6488,52996
2023.10.11,10:00,1.06044,1.06067,1.05979,1.06019,5638,47358
2023.10.11,11:00,1.0602,1.06086,1.05964,1.06039,5391,52753
2023.10.11,12:00,1.06038,1.06144,1.05797,1.06143,11883,64636
2023.10.11,13:00,1.06144,1.06347,1.06064,1.0629,12038,76674
2023.10.11,14:00,1.0629,1.06344,1.06183,1.06241,10299,66371
2023.10.11,15:00,1.06241,1.06246,1.06102,1.06126,6911,59460
2023.10.11,16:00,1.06126,1.06129,1.05995,1.06072,6045,53415
2023.10.11,17:00,1.06073,1.06097,1.0585,1.05928,5070,48345
2023.10.11,18:00,1.05926,1.06084,1.05909,1.06071,5500,53849
2023.10.11,19:00,1.0607,1.06158,1.06069,1.06125,4086,57935
2023.10.11,20:00,1.06124,1.06203,1.06116,1.06189,1830,59761
2023.10.11,21:00,1.06164,1.06201,1.06156,1.06192,451,60216
2023.10.11,22:00,1.06199,1.06219,1.06186,1.06193,1094,61310
2023.10.11,23:00,1.06192,1.06256,1.06189,1.06234,1243,62553
2023.10.12,00:00,1.06231,1.06279,1.062,1.06224,2883,65436
2023.10.12,01:00,1.06226,1.06269,1.06201,1.06248,3433,68869
2023.10.12,02:00,1.06247,1.0626,1.06204,1.06239,2902,71771
2023.10.12,03:00,1.06238,1.06291,1.06207,1.06288,2295,74066
2023.10.12,04:00,1.06284,1.06318,1.0627,1.06309,1745,75811
2023.10.12,05:00,1.06309,1.06336,1.06292,1.06311,2505,78316
2023.10.12,06:00,1.06316,1.06397,1.06277,1.06357,5884,84200
2023.10.12,07:00,1.06354,1.06359,1.06199,1.062,6488,77708
2023.10.12,08:00,1.062,1.06269,1.06193,1.06265,4919,82631
2023.10.12,09:00,1.06268,1.06273,1.0616,1.06181,4577,78050
2023.10.12,10:00,1.06182,1.06265,1.06167,1.06185,3740,74310
2023.10.12,11:00,1.06187,1.06201,1.06133,1.06195,4111,70199
2023.10.12,12:00,1.06194,1.06267,1.05719,1.05817,13871,56328
2023.10.12,13:00,1.05817,1.05861,1.05475,1.05496,14523,41805
2023.10.12,14:00,1.05496,1.05628,1.05444,1.05549,10735,52544
2023.10.12,15:00,1.05557,1.05601,1.05454,1.05519,7384,45156
2023.10.12,16:00,1.05521,1.05609,1.05463,1.05485,5130,40026
2023.10.12,17:00,1.05484,1.05491,1.05321,1.05343,7452,32574
2023.10.12,18:00,1.05344,1.0537,1.05256,1.05265,5488,27086
2023.10.12,19:00,1.05267,1.0534,1.05265,1.05305,4138,31228
2023.10.12,20:00,1.05307,1.05314,1.05276,1.05281,1758,29466
2023.10.12,21:00,1.05289,1.05301,1.05269,1.05301,1025,30495
2023.10.12,22:00,1.05302,1.05321,1.05295,1.05315,992,31487
2023.10.12,23:00,1.05315,1.05375,1.05308,1.05356,1784,33271
2023.10.13,00:00,1.05356,1.05395,1.05345,1.05389,3241,36512
2023.10.13,01:00,1.0539,1.05433,1.05374,1.05421,3273,39785
2023.10.13,02:00,1.05421,1.05466,1.054,1.0546,3127,42912
2023.10.13,03:00,1.0546,1.05482,1.05426,1.05456,2010,44922
2023.10.13,04:00,1.05455,1.05499,1.05432,1.05498,2463,47385
2023.10.13,05:00,1.05499,1.05509,1.0544,1.05484,2945,44436
2023.10.13,06:00,1.05481,1.05485,1.05335,1.05364,5816,38620
2023.10.13,07:00,1.05364,1.05578,1.05315,1.05517,7644,46268
2023.10.13,08:00,1.05516,1.05585,1.05505,1.05537,6808,53076
2023.10.13,09:00,1.05537,1.05549,1.05278,1.05293,6177,46895
2023.10.13,10:00,1.05293,1.05309,1.05156,1.05178,5608,41287
2023.10.13,11:00,1.05178,1.05307,1.0514,1.05245,6613,47904
2023.10.13,12:00,1.05247,1.05474,1.05211,1.05376,8351,56255
2023.10.13,13:00,1.05375,1.05402,1.05167,1.05259,10637,45614
2023.10.13,14:00,1.05252,1.05261,1.04996,1.05033,13122,32492
2023.10.13,15:00,1.05034,1.05052,1.04954,1.05006,7713,24779
2023.10.13,16:00,1.05009,1.0515,1.04993,1.0509,5656,30439
2023.10.13,17:00,1.05092,1.05117,1.05009,1.0505,5571,24864
2023.10.13,18:00,1.05049,1.05122,1.05043,1.05111,4882,29750
2023.10.13,19:00,1.05115,1.05158,1.05094,1.05136,4122,33872
2023.10.13,20:00,1.05138,1.05138,1.05056,1.0509,1682,32190
2023.10.15,21:00,1.05104,1.05214,1.05083,1.05201,851,33037
2023.10.15,22:00,1.05176,1.05253,1.05146,1.05214,2154,35195
2023.10.15,23:00,1.05214,1.05225,1.05172,1.05219,1980,37175
2023.10.16,00:00,1.05223,1.05236,1.05156,1.05175,3629,33542
2023.10.16,01:00,1.05176,1.05255,1.05175,1.0522,3372,36918
2023.10.16,02:00,1.0522,1.05258,1.05199,1.05217,2372,39290
2023.10.16,03:00,1.05218,1.05241,1.052,1.05235,1985,41275
2023.10.16,04:00,1.05234,1.05268,1.05224,1.05259,1573,42848
2023.10.16,05:00,1.05261,1.05304,1.0523,1.05295,2730,45578
2023.10.16,06:00,1.05294,1.05383,1.05266,1.05348,5753,51331
2023.10.16,07:00,1.05347,1.05358,1.05236,1.05342,7966,59297
2023.10.16,08:00,1.05342,1.05429,1.05235,1.05408,6239,65536
2023.10.16,09:00,1.05406,1.05424,1.05318,1.05319,4777,60755
2023.10.16,10:00,1.0532,1.05347,1.05277,1.05322,4017,56738
2023.10.16,11:00,1.05319,1.05388,1.05262,1.05367,4323,61065
2023.10.16,12:00,1.05367,1.05459,1.05295,1.05417,8932,69997
2023.10.16,13:00,1.05418,1.05439,1.05281,1.053,8508,61485
2023.10.16,14:00,1.05299,1.05554,1.05257,1.05497,8782,70271
2023.10.16,15:00,1.05498,1.05525,1.05393,1.05447,5929,64338
2023.10.16,16:00,1.05449,1.05493,1.05403,1.05474,4144,68486
2023.10.16,17:00,1.05474,1.0556,1.05436,1.05551,3335,71821
2023.10.16,18:00,1.05551,1.05566,1.05517,1.05541,2763,74584
2023.10.16,19:00,1.05542,1.05628,1.05526,1.05627,3104,77688
2023.10.16,20:00,1.05626,1.05626,1.05582,1.05594,1520,76164
2023.10.16,21:00,1.05582,1.05607,1.0557,1.05591,843,75321
2023.10.16,22:00,1.05588,1.05618,1.05557,1.05561,884,74437
2023.10.16,23:00,1.05559,1.05573,1.0553,1.05543,1209,73228
2023.10.17,00:00,1.05543,1.05605,1.05543,1.05557,3100,76332
2023.10.17,01:00,1.05557,1.05558,1.05495,1.05524,3094,73234
2023.10.17,02:00,1.05524,1.05529,1.05461,1.055,2389,70845
2023.10.17,03:00,1.055,1.05542,1.0548,1.05499,2710,68135
2023.10.17,04:00,1.05499,1.055,1.05454,1.05475,2015,66120
2023.10.17,05:00,1.05474,1.05505,1.05436,1.05439,2955,63165
2023.10.17,06:00,1.05445,1.05448,1.0534,1.05371,4538,58627
2023.10.17,07:00,1.0537,1.05547,1.05341,1.05485,6230,64861
2023.10.17,08:00,1.05482,1.05488,1.05328,1.05358,5742,59115
2023.10.17,09:00,1.05366,1.05544,1.05362,1.05539,4897,64016
2023.10.17,10:00,1.05544,1.05625,1.05461,1.05532,6533,70549
2023.10.17,11:00,1.05532,1.05793,1.05532,1.05751,5532,76081
2023.10.17,12:00,1.05751,1.05777,1.05382,1.05472,11238,64839
2023.10.17,13:00,1.05469,1.05615,1.05397,1.05491,11894,76737
2023.10.17,14:00,1.05488,1.05871,1.05482,1.05753,11920,88657
2023.10.17,15:00,1.05756,1.05929,1.05756,1.05922,8037,96694
2023.10.17,16:00,1.05923,1.05948,1.05786,1.05795,5710,90980
2023.10.17,17:00,1.05794,1.05811,1.05648,1.0567,4786,86194
2023.10.17,18:00,1.05671,1.05744,1.05641,1.05689,4647,90845
2023.10.17,19:00,1.0569,1.0581,1.05689,1.05769,3991,94836
2023.10.17,20:00,1.05767,1.05777,1.05734,1.05759,1916,96748
2023.10.17,21:00,1.05746,1.05765,1.05745,1.05754,585,97337
2023.10.17,22:00,1.0576,1.05771,1.05744,1.05758,921,98258
2023.10.17,23:00,1.05758,1.05761,1.05718,1.05727,1885,96369
2023.10.18,00:00,1.05727,1.05743,1.05605,1.05644,2873,93496
2023.10.18,01:00,1.05645,1.05701,1.05613,1.05695,3956,97456
2023.10.18,02:00,1.05697,1.0579,1.05697,1.05754,4093,101549
2023.10.18,03:00,1.05755,1.0578,1.05722,1.05755,2299,103848
2023.10.18,04:00,1.05757,1.05786,1.05732,1.05755,2021,105869
2023.10.18,05:00,1.05755,1.05848,1.05745,1.05825,3123,108992
2023.10.18,06:00,1.05822,1.05943,1.05771,1.05789,6353,102635
2023.10.18,07:00,1.05789,1.05832,1.05704,1.05789,7410,95225
2023.10.18,08:00,1.05788,1.0585,1.05733,1.05832,5793,101022
2023.10.18,09:00,1.05832,1.05867,1.05657,1.05689,6277,94741
2023.10.18,10:00,1.0569,1.05697,1.05542,1.0556,5707,89034
2023.10.18,11:00,1.05559,1.05681,1.05521,1.05606,5950,94988
2023.10.18,12:00,1.05606,1.05744,1.05492,1.05569,8495,86489
2023.10.18,13:00,1.05573,1.05642,1.05485,1.05504,10425,76064
2023.10.18,14:00,1.05507,1.05603,1.05322,1.05375,11681,64383
2023.10.18,15:00,1.05374,1.05428,1.05259,1.05312,8396,55987
2023.10.18,16:00,1.05312,1.0538,1.05232,1.05369,7132,63123
2023.10.18,17:00,1.05369,1.05536,1.05346,1.05501,8234,71357
2023.10.18,18:00,1.05501,1.05513,1.05349,1.05358,4902,66451
2023.10.18,19:00,1.05359,1.05379,1.05317,1.05354,4443,62008
2023.10.18,20:00,1.05355,1.05376,1.05342,1.05362,1969,60039
2023.10.18,21:00,1.05369,1.05369,1.05347,1.0536,302,59737
2023.10.18,22:00,1.05358,1.05395,1.05354,1.05372,759,60500
2023.10.18,23:00,1.05375,1.05395,1.05364,1.05379,1385,61885
2023.10.19,00:00,1.0538,1.054,1.05327,1.0539,3599,65484
2023.10.19,01:00,1.05389,1.05419,1.05324,1.05364,4398,61082
2023.10.19,02:00,1.05364,1.05395,1.05343,1.05349,2945,58137
2023.10.19,03:00,1.05349,1.0537,1.05324,1.05338,2351,55786
2023.10.19,04:00,1.05335,1.05351,1.05305,1.05335,1933,53853
2023.10.19,05:00,1.05334,1.05349,1.05302,1.05331,2991,50862
2023.10.19,06:00,1.05331,1.05422,1.05282,1.05402,4842,55708
2023.10.19,07:00,1.05401,1.05481,1.05356,1.05375,8025,47679
2023.10.19,08:00,1.05376,1.05436,1.05295,1.05358,7269,40410
2023.10.19,09:00,1.0536,1.05453,1.05351,1.05444,5725,46139
2023.10.19,10:00,1.05443,1.05525,1.05428,1.05512,4907,51046
2023.10.19,11:00,1.05516,1.05635,1.05516,1.05579,5360,56406
2023.10.19,12:00,1.05578,1.05796,1.05561,1.05764,9607,66013
2023.10.19,13:00,1.05766,1.05815,1.05657,1.0575,9804,56205
2023.10.19,14:00,1.05751,1.05792,1.05655,1.05688,10252,45953
2023.10.19,15:00,1.05689,1.05783,1.05669,1.05695,8468,37485
2023.10.19,16:00,1.05696,1.06167,1.05555,1.05964,20165,57654
2023.10.19,17:00,1.05964,1.06063,1.05838,1.05985,13287,70941
2023.10.19,18:00,1.05986,1.06048,1.05781,1.05807,8823,62114
2023.10.19,19:00,1.05808,1.05902,1.05808,1.05881,6463,68581
2023.10.19,20:00,1.05881,1.05881,1.05803,1.0582,2317,66260
2023.10.19,21:00,1.05803,1.0583,1.058,1.05819,331,65929
2023.10.19,22:00,1.05806,1.05834,1.05791,1.05809,1054,64875
2023.10.19,23:00,1.05799,1.05866,1.05783,1.05864,1978,66857
2023.10.20,00:00,1.05862,1.05867,1.05737,1.0576,3931,62922
2023.10.20,01:00,1.0576,1.05761,1.05684,1.05725,4404,58518
2023.10.20,02:00,1.05723,1.05799,1.05709,1.0578,3337,61859
2023.10.20,03:00,1.0578,1.058,1.05746,1.05761,2128,59727
2023.10.20,04:00,1.05761,1.05774,1.05734,1.05754,1777,57950
2023.10.20,05:00,1.05755,1.05788,1.05715,1.05738,2838,55112
2023.10.20,06:00,1.05739,1.0576,1.05649,1.05741,5910,49202
2023.10.20,07:00,1.05742,1.05768,1.05684,1.05706,7341,41861
2023.10.20,08:00,1.05707,1.05952,1.05685,1.05877,7017,48882
2023.10.20,09:00,1.05874,1.05934,1.05798,1.05897,5567,54449
2023.10.20,10:00,1.05898,1.05928,1.05838,1.05852,4742,49703
2023.10.20,11:00,1.05853,1.0599,1.05848,1.05909,5077,54784
2023.10.20,12:00,1.05905,1.05922,1.05652,1.05839,9347,45433
2023.10.20,13:00,1.05837,1.05949,1.05789,1.05791,10587,34846
2023.10.20,14:00,1.0579,1.06009,1.05722,1.05876,10467,45317
2023.10.20,15:00,1.05878,1.05964,1.0587,1.05911,7222,52539
2023.10.20,16:00,1.0591,1.05912,1.05812,1.05896,5769,46766
2023.10.20,17:00,1.05896,1.06036,1.05878,1.05956,6286,53056
2023.10.20,18:00,1.05957,1.05965,1.05865,1.05925,4804,48248
2023.10.20,19:00,1.05926,1.05947,1.05882,1.05923,4223,44025
2023.10.20,20:00,1.05922,1.05954,1.05915,1.05947,2197,46226
2023.10.22,21:00,1.05958,1.05958,1.05921,1.05931,547,45675
2023.10.22,22:00,1.05935,1.05951,1.05884,1.05913,1781,43894
2023.10.22,23:00,1.05913,1.05934,1.05886,1.05895,1809,42085
2023.10.23,00:00,1.05895,1.05903,1.0584,1.0587,3227,38858
2023.10.23,01:00,1.0587,1.0587,1.05817,1.05834,3603,35255
2023.10.23,02:00,1.05834,1.05834,1.05735,1.05737,2921,32334
2023.10.23,03:00,1.05737,1.05784,1.05737,1.05751,1884,34222
2023.10.23,04:00,1.05751,1.05773,1.0574,1.05763,1979,36201
2023.10.23,05:00,1.05763,1.05793,1.05753,1.05775,2508,38709
2023.10.23,06:00,1.05775,1.05864,1.05715,1.05823,4403,43112
2023.10.23,07:00,1.05825,1.05976,1.05766,1.05976,7660,50772
2023.10.23,08:00,1.05976,1.06104,1.05949,1.06027,7191,57963
2023.10.23,09:00,1.06025,1.06149,1.05908,1.05931,6618,51341
2023.10.23,10:00,1.05926,1.06045,1.05906,1.06043,5621,56966
2023.10.23,11:00,1.06044,1.06099,1.06008,1.06017,5936,51026
2023.10.23,12:00,1.06016,1.06188,1.05951,1.06097,8630,59660
2023.10.23,13:00,1.06097,1.06132,1.05911,1.06051,10370,49286
2023.10.23,14:00,1.06053,1.06319,1.06049,1.06287,12144,61434
2023.10.23,15:00,1.06286,1.06467,1.0628,1.06453,7989,69423
2023.10.23,16:00,1.06452,1.06647,1.06409,1.06647,6548,75971
2023.10.23,17:00,1.06646,1.06728,1.06596,1.06683,6060,82031
2023.10.23,18:00,1.06681,1.06778,1.06656,1.06742,5473,87504
2023.10.23,19:00,1.06743,1.06748,1.06603,1.06657,5069,82431
2023.10.23,20:00,1.06654,1.06695,1.06634,1.06687,1771,84202
2023.10.23,21:00,1.06657,1.06702,1.06623,1.06677,915,85121
2023.10.23,22:00,1.06679,1.06721,1.06679,1.06679,1142,86263
2023.10.23,23:00,1.06677,1.06702,1.06668,1.06699,1673,87936
2023.10.24,00:00,1.06699,1.06735,1.06668,1.06723,3406,91342
2023.10.24,01:00,1.06722,1.0675,1.06679,1.06704,4594,86744
2023.10.24,02:00,1.06705,1.06871,1.06688,1.06815,4361,91109
2023.10.24,03:00,1.06815,1.06861,1.06808,1.06826,2607,93716
2023.10.24,04:00,1.06825,1.06835,1.0679,1.0679,1975,91737
2023.10.24,05:00,1.06789,1.06829,1.06771,1.06809,2863,94604
2023.10.24,06:00,1.06807,1.06866,1.06767,1.06853,5495,100099
2023.10.24,07:00,1.06852,1.0694,1.0657,1.06626,10343,89752
2023.10.24,08:00,1.06627,1.06627,1.0644,1.06504,8026,81726
2023.10.24,09:00,1.06503,1.06512,1.06359,1.06367,5615,76111
2023.10.24,10:00,1.06367,1.06396,1.06217,1.06253,6122,69989
2023.10.24,11:00,1.06254,1.06414,1.06219,1.06352,6047,76040
2023.10.24,12:00,1.06352,1.06365,1.06122,1.06158,9057,66979
2023.10.24,13:00,1.06157,1.06244,1.05962,1.06114,11823,55156
2023.10.24,14:00,1.06114,1.06162,1.05906,1.05997,12480,42676
2023.10.24,15:00,1.05996,1.05998,1.05831,1.05937,8715,33961
2023.10.24,16:00,1.0594,1.06021,1.05835,1.05867,6302,27659
2023.10.24,17:00,1.05868,1.05942,1.05865,1.05888,5988,33651
2023.10.24,18:00,1.05886,1.05911,1.05844,1.05883,4356,38007
2023.10.24,19:00,1.05879,1.05937,1.0587,1.05919,3911,41918
2023.10.24,20:00,1.05919,1.05942,1.05889,1.05909,2797,44715
2023.10.24,21:00,1.059,1.05934,1.05852,1.05914,1107,45822
2023.10.24,22:00,1.05906,1.05936,1.05894,1.05934,1050,46872
2023.10.24,23:00,1.05934,1.0595,1.05917,1.0595,1119,47991
2023.10.25,00:00,1.05952,1.05988,1.05897,1.05926,4329,43658
2023.10.25,01:00,1.05927,1.05977,1.05918,1.05945,3850,47512
2023.10.25,02:00,1.05945,1.06045,1.05945,1.06036,2552,50064
2023.10.25,03:00,1.06037,1.06052,1.06017,1.06021,2123,47937
2023.10.25,04:00,1.0602,1.06064,1.0601,1.06063,1598,49539
2023.10.25,05:00,1.06062,1.06067,1.05975,1.06012,2708,46827
2023.10.25,06:00,1.06012,1.06041,1.05925,1.05925,4484,42343
2023.10.25,07:00,1.05926,1.05926,1.05783,1.05871,6554,35789
2023.10.25,08:00,1.0587,1.05969,1.05835,1.05851,6359,29430
2023.10.25,09:00,1.05849,1.0585,1.05666,1.05689,5774,23656
2023.10.25,10:00,1.0569,1.05774,1.05659,1.05743,4856,28516
2023.10.25,11:00,1.05743,1.05789,1.05698,1.05727,4273,24239
2023.10.25,12:00,1.05727,1.05797,1.05695,1.05749,7238,31481
2023.10.25,13:00,1.0575,1.05827,1.05669,1.05808,9069,40550
2023.10.25,14:00,1.05807,1.05915,1.05681,1.0585,13159,53709
2023.10.25,15:00,1.0585,1.05956,1.0583,1.0583,10728,42977
2023.10.25,16:00,1.0583,1.0586,1.05706,1.05746,6099,36878
2023.10.25,17:00,1.05747,1.05766,1.05658,1.05712,8056,28822
2023.10.25,18:00,1.05711,1.05733,1.05657,1.05664,4773,24049
2023.10.25,19:00,1.05667,1.05701,1.05657,1.05679,4093,28146
2023.10.25,20:00,1.05678,1.05699,1.05653,1.0566,2609,25533
2023.10.25,21:00,1.05666,1.05677,1.0565,1.05671,1160,26697
2023.10.25,22:00,1.05677,1.05678,1.05643,1.05653,1715,24978
2023.10.25,23:00,1.05653,1.05669,1.05601,1.05662,1892,23086
2023.10.26,00:00,1.05661,1.05691,1.05579,1.05597,3322,19764
2023.10.26,01:00,1.05598,1.05613,1.0554,1.0555,3906,15858
2023.10.26,02:00,1.05552,1.05563,1.05436,1.05453,3767,12091
2023.10.26,03:00,1.05453,1.05479,1.05414,1.05468,3026,15121
2023.10.26,04:00,1.05469,1.05481,1.05423,1.05456,1770,13347
2023.10.26,05:00,1.05457,1.05493,1.05413,1.05428,3529,9818
2023.10.26,06:00,1.05424,1.05455,1.05328,1.05386,6734,3084
2023.10.26,07:00,1.05386,1.05495,1.05381,1.05482,7177,10265
2023.10.26,08:00,1.05482,1.05526,1.05444,1.05454,6225,4036
2023.10.26,09:00,1.05453,1.0552,1.05401,1.05457,4703,-667
2023.10.26,10:00,1.05457,1.05492,1.05351,1.05373,4693,-5360
2023.10.26,11:00,1.05372,1.05391,1.05312,1.05361,4788,-10148
2023.10.26,12:00,1.05362,1.05591,1.05216,1.05591,14700,4556
2023.10.26,13:00,1.05592,1.05603,1.05416,1.0547,13319,-8767
2023.10.26,14:00,1.05471,1.05484,1.0531,1.05429,11898,-20665
2023.10.26,15:00,1.05429,1.05449,1.05253,1.05317,8663,-29328
2023.10.26,16:00,1.05315,1.05369,1.05248,1.05285,7996,-37324
2023.10.26,17:00,1.05286,1.05523,1.05282,1.05505,8036,-29284
2023.10.26,18:00,1.05506,1.05647,1.0549,1.0561,5419,-23865
2023.10.26,19:00,1.05608,1.05632,1.05483,1.05566,5217,-29086
2023.10.26,20:00,1.05566,1.05642,1.05551,1.05624,2768,-26318
2023.10.26,21:00,1.05571,1.05621,1.05563,1.05609,866,-27184
2023.10.26,22:00,1.05605,1.05653,1.05605,1.05643,954,-26226
2023.10.26,23:00,1.05646,1.05658,1.05626,1.05638,2562,-23664
2023.10.27,00:00,1.05637,1.05646,1.0556,1.05578,3528,-27196
2023.10.27,01:00,1.05577,1.05622,1.05525,1.05588,3753,-30949
2023.10.27,02:00,1.05588,1.05666,1.05588,1.05646,2398,-28547
2023.10.27,03:00,1.05645,1.05654,1.0561,1.05644,1717,-26830
2023.10.27,04:00,1.05644,1.05679,1.05633,1.05671,1528,-25302
2023.10.27,05:00,1.05671,1.057,1.05653,1.05692,2753,-22549
2023.10.27,06:00,1.05691,1.05699,1.05547,1.05561,5158,-27711
2023.10.27,07:00,1.05561,1.0563,1.05521,1.05584,5113,-22594
2023.10.27,08:00,1.05583,1.05625,1.05538,1.05619,5136,-17458
2023.10.27,09:00,1.05619,1.05656,1.05601,1.05644,4343,-13115
2023.10.27,10:00,1.05644,1.05671,1.05558,1.05558,3767,-16886
2023.10.27,11:00,1.05554,1.05562,1.05354,1.05372,4748,-21634
2023.10.27,12:00,1.05372,1.05693,1.05357,1.05559,8955,-12675
2023.10.27,13:00,1.05559,1.0592,1.05554,1.05796,11980,-695
2023.10.27,14:00,1.05795,1.05947,1.05656,1.05782,12346,-13045
2023.10.27,15:00,1.05783,1.05971,1.05774,1.05912,7570,-5471
2023.10.27,16:00,1.05913,1.05965,1.05808,1.05829,5542,-11017
2023.10.27,17:00,1.05827,1.0583,1.05573,1.05672,6655,-17672
2023.10.27,18:00,1.05671,1.05736,1.05622,1.05677,6760,-24432
2023.10.27,19:00,1.05676,1.05708,1.05619,1.05705,4499,-19929
2023.10.27,20:00,1.05705,1.05707,1.0563,1.0566,2374,-22307
2023.10.29,21:00,1.0563,1.05703,1.05619,1.0565,599,-22906
2023.10.29,22:00,1.05656,1.05678,1.05587,1.05611,1713,-24619
2023.10.29,23:00,1.05611,1.05639,1.05588,1.05619,1769,-26388
2023.10.30,00:00,1.05619,1.0563,1.05551,1.05625,3676,-30064
2023.10.30,01:00,1.05626,1.05639,1.05595,1.05637,3744,-26316
2023.10.30,02:00,1.05636,1.0566,1.05617,1.05625,2787,-29107
2023.10.30,03:00,1.05624,1.05635,1.05587,1.05604,2108,-31215
2023.10.30,04:00,1.05604,1.05625,1.05583,1.05609,1483,-32698
2023.10.30,05:00,1.05609,1.0562,1.05588,1.05617,1851,-34549
2023.10.30,06:00,1.05616,1.05658,1.05565,1.05653,2986,-31559
2023.10.30,07:00,1.05652,1.05675,1.05529,1.05567,5681,-37244
2023.10.30,08:00,1.05565,1.05607,1.0547,1.05598,6954,-30286
2023.10.30,09:00,1.05598,1.0586,1.05596,1.05824,6641,-23645
2023.10.30,10:00,1.05823,1.05881,1.05739,1.05749,5000,-28649
2023.10.30,11:00,1.05748,1.05962,1.05733,1.05853,5185,-23460
2023.10.30,12:00,1.05852,1.06085,1.0582,1.06069,7593,-15867
2023.10.30,13:00,1.06068,1.06148,1.05964,1.06096,9435,-6432
2023.10.30,14:00,1.06097,1.0618,1.05909,1.06053,12944,-19380
2023.10.30,15:00,1.06053,1.06251,1.06048,1.06191,8452,-10924
2023.10.30,16:00,1.06191,1.06208,1.06051,1.06072,5987,-16915
2023.10.30,17:00,1.06073,1.06146,1.06002,1.06114,4484,-12427
2023.10.30,18:00,1.06114,1.06189,1.06101,1.06177,3390,-9037
2023.10.30,19:00,1.06178,1.06217,1.06138,1.06169,4347,-4690
2023.10.30,20:00,1.06169,1.06175,1.06143,1.06152,1671,-6365
2023.10.30,21:00,1.06156,1.06159,1.06137,1.0615,630,-6995
2023.10.30,22:00,1.0616,1.06172,1.06119,1.06119,833,-7828
2023.10.30,23:00,1.06119,1.0615,1.06118,1.06138,1071,-6753
2023.10.31,00:00,1.06138,1.06143,1.06094,1.06115,3113,-9870
2023.10.31,01:00,1.06115,1.06125,1.06033,1.061,4756,-14626
2023.10.31,02:00,1.06099,1.06114,1.05987,1.06009,3059,-17685
2023.10.31,03:00,1.06009,1.06013,1.05906,1.05943,6120,-23805
2023.10.31,04:00,1.05944,1.05971,1.05907,1.05938,3149,-26954
2023.10.31,05:00,1.05937,1.0599,1.05927,1.05986,3017,-23933
2023.10.31,06:00,1.05989,1.06091,1.05942,1.06088,4017,-19916
2023.10.31,07:00,1.06087,1.06258,1.06036,1.06212,6168,-13748
2023.10.31,08:00,1.06213,1.06458,1.06153,1.06453,7493,-6255
2023.10.31,09:00,1.06452,1.06749,1.06356,1.06683,8469,2214
2023.10.31,10:00,1.06688,1.06701,1.06522,1.06642,7529,-5319
2023.10.31,11:00,1.06641,1.06669,1.06553,1.06557,4752,-10071
2023.10.31,12:00,1.06556,1.06609,1.06212,1.06242,9901,-19972
2023.10.31,13:00,1.06241,1.06257,1.06013,1.06038,11921,-31893
2023.10.31,14:00,1.06037,1.06157,1.05947,1.06022,12064,-43957
2023.10.31,15:00,1.06023,1.06055,1.05662,1.05669,11912,-55869
2023.10.31,16:00,1.05672,1.05746,1.05575,1.05675,9420,-65289
2023.10.31,17:00,1.05674,1.05801,1.05658,1.0575,6618,-58667
2023.10.31,18:00,1.05748,1.05819,1.05709,1.05817,5062,-53605
2023.10.31,19:00,1.05813,1.05858,1.05801,1.05804,3881,-57490
2023.10.31,20:00,1.05806,1.05834,1.05728,1.05754,2660,-60150
2023.10.31,21:00,1.05727,1.05763,1.0572,1.05755,819,-60969
2023.10.31,22:00,1.05757,1.05796,1.05754,1.05795,1449,-59516
2023.10.31,23:00,1.05795,1.05806,1.05771,1.05779,2147,-61667
2023.11.01,00:00,1.05779,1.05807,1.05686,1.05734,3188,-64855
2023.11.01,01:00,1.05734,1.05764,1.05673,1.05691,3713,-68568
2023.11.01,02:00,1.0569,1.0573,1.05665,1.05703,3015,-65549
2023.11.01,03:00,1.05703,1.05739,1.05688,1.05705,2701,-62848
2023.11.01,04:00,1.05704,1.05721,1.05659,1.05672,2248,-65100
2023.11.01,05:00,1.05672,1.05692,1.05653,1.0568,2969,-68069
2023.11.01,06:00,1.05682,1.05764,1.05682,1.0574,3143,-64922
2023.11.01,07:00,1.05739,1.05775,1.05589,1.05647,5298,-70224
2023.11.01,08:00,1.05646,1.0568,1.05572,1.05583,6097,-76321
2023.11.01,09:00,1.05582,1.05627,1.05454,1.05492,5258,-81579
2023.11.01,10:00,1.05493,1.05537,1.05456,1.05482,4051,-85630
2023.11.01,11:00,1.05482,1.05507,1.05408,1.05429,4858,-90488
2023.11.01,12:00,1.0543,1.05577,1.05368,1.05384,11778,-102266
2023.11.01,13:00,1.05384,1.05397,1.05215,1.05308,10820,-113086
2023.11.01,14:00,1.05305,1.05708,1.05305,1.05526,15343,-97739
2023.11.01,15:00,1.05526,1.05592,1.05358,1.05372,8626,-106369
2023.11.01,16:00,1.05373,1.05416,1.05322,1.05339,5374,-111743
2023.11.01,17:00,1.05338,1.05357,1.05275,1.05335,5250,-116993
2023.11.01,18:00,1.05333,1.05522,1.0517,1.05419,20087,-96902
2023.11.01,19:00,1.05419,1.05706,1.05413,1.05673,12890,-84012
2023.11.01,20:00,1.05672,1.05757,1.05672,1.05698,2933,-81083
2023.11.01,21:00,1.05647,1.05706,1.05634,1.05684,723,-81806
2023.11.01,22:00,1.05689,1.05788,1.05684,1.05783,1471,-80331
2023.11.01,23:00,1.05784,1.05868,1.05773,1.05868,2923,-77408
2023.11.02,00:00,1.05867,1.0602,1.05837,1.06019,5356,-72052
2023.11.02,01:00,1.06019,1.06021,1.05965,1.05976,4782,-76838
2023.11.02,02:00,1.05976,1.05986,1.05933,1.05958,3201,-80039
2023.11.02,03:00,1.05958,1.06004,1.05939,1.05998,2291,-77744
2023.11.02,04:00,1.06,1.06,1.0595,1.0596,2148,-79896
2023.11.02,05:00,1.05959,1.06019,1.05953,1.05971,3108,-76784
2023.11.02,06:00,1.0597,1.06019,1.05936,1.06,3348,-73436
2023.11.02,07:00,1.05999,1.06103,1.05963,1.06034,6002,-67434
2023.11.02,08:00,1.06034,1.06083,1.05911,1.06005,8182,-75620
2023.11.02,09:00,1.06004,1.06248,1.05989,1.06237,7649,-67967
2023.11.02,10:00,1.06239,1.06372,1.06209,1.06346,6066,-61901
2023.11.02,11:00,1.06344,1.06388,1.06303,1.06337,6264,-55637
2023.11.02,12:00,1.06339,1.06676,1.06323,1.06641,13214,-42423
2023.11.02,13:00,1.06641,1.06668,1.0642,1.06477,11288,-53715
2023.11.02,14:00,1.06473,1.06478,1.06271,1.06398,10937,-64652
2023.11.02,15:00,1.06397,1.06433,1.06169,1.06174,9830,-74482
2023.11.02,16:00,1.06174,1.06231,1.06105,1.06153,8190,-82672
2023.11.02,17:00,1.06154,1.06298,1.06138,1.06283,4886,-77782
2023.11.02,18:00,1.06283,1.06326,1.06234,1.06258,5180,-82966
2023.11.02,19:00,1.06259,1.06264,1.06167,1.06232,4523,-87489
2023.11.02,20:00,1.06231,1.06235,1.06169,1.06223,2268,-89757
2023.11.02,21:00,1.06179,1.0623,1.06153,1.06203,2240,-91997
2023.11.02,22:00,1.06202,1.06226,1.06173,1.06173,868,-92865
2023.11.02,23:00,1.06173,1.06187,1.06155,1.06156,1335,-94200
2023.11.03,00:00,1.06159,1.06217,1.06149,1.0618,2310,-91886
2023.11.03,01:00,1.0618,1.06226,1.06146,1.06221,3095,-88791
2023.11.03,02:00,1.06221,1.06285,1.06213,1.06262,2573,-86218
2023.11.03,03:00,1.06263,1.06288,1.06244,1.06255,1722,-84496
2023.11.03,04:00,1.06255,1.06287,1.06247,1.06263,1506,-82990
2023.11.03,05:00,1.06264,1.06316,1.0626,1.06298,2258,-80732
2023.11.03,06:00,1.063,1.06338,1.06279,1.06312,2531,-78201
2023.11.03,07:00,1.06312,1.06336,1.0625,1.06292,4636,-82841
2023.11.03,08:00,1.06292,1.06322,1.06197,1.06271,5965,-88806
2023.11.03,09:00,1.0627,1.06485,1.06242,1.06481,5793,-83009
2023.11.03,10:00,1.06479,1.06482,1.06419,1.0643,4679,-87692
2023.11.03,11:00,1.0643,1.06527,1.06408,1.06467,5164,-82524
2023.11.03,12:00,1.06469,1.07192,1.06454,1.07095,14124,-68400
2023.11.03,13:00,1.07096,1.07245,1.06963,1.07156,16252,-52148
2023.11.03,14:00,1.07167,1.07348,1.06935,1.07198,16663,-35485
2023.11.03,15:00,1.07199,1.07354,1.07153,1.07322,10933,-24552
2023.11.03,16:00,1.07322,1.07394,1.07253,1.07393,8728,-15824
2023.11.03,17:00,1.07392,1.07467,1.07307,1.07366,7148,-22976
2023.11.03,18:00,1.07365,1.07398,1.07326,1.07359,4938,-27914
2023.11.03,19:00,1.07358,1.07375,1.07223,1.07248,3792,-31706
2023.11.03,20:00,1.07251,1.07326,1.0725,1.07255,2050,-33756
2023.11.05,22:00,1.07234,1.07256,1.07223,1.07248,505,-34261
2023.11.05,23:00,1.07256,1.07335,1.07237,1.07313,2588,-31669
2023.11.06,00:00,1.07313,1.0732,1.07228,1.07243,3398,-35071
2023.11.06,01:00,1.07243,1.07295,1.07223,1.07282,4053,-31014
2023.11.06,02:00,1.07283,1.07334,1.07263,1.0733,2782,-28232
2023.11.06,03:00,1.07329,1.07344,1.07311,1.07343,2174,-26058
2023.11.06,04:00,1.07344,1.07376,1.07339,1.07357,1955,-24103
2023.11.06,05:00,1.07356,1.07388,1.0733,1.07355,2450,-21653
2023.11.06,06:00,1.07355,1.07401,1.07344,1.07358,2867,-18786
2023.11.06,07:00,1.0736,1.07438,1.07318,1.0733,5736,-24526
2023.11.06,08:00,1.0733,1.07563,1.07315,1.075,8006,-16516
2023.11.06,09:00,1.075,1.07562,1.07427,1.07472,6024,-22544
2023.11.06,10:00,1.07473,1.07557,1.0745,1.07484,5066,-17474
2023.11.06,11:00,1.07485,1.0754,1.0744,1.07516,4445,-13029
2023.11.06,12:00,1.07514,1.07541,1.0739,1.07439,5584,-18617
2023.11.06,13:00,1.07441,1.07447,1.07351,1.07375,7269,-25886
2023.11.06,14:00,1.07376,1.0746,1.07363,1.07388,8721,-17161
2023.11.06,15:00,1.07389,1.07442,1.0726,1.07438,8111,-9050
2023.11.06,16:00,1.07438,1.07493,1.07399,1.0746,5575,-3475
2023.11.06,17:00,1.0746,1.07461,1.07338,1.07355,4151,-7630
2023.11.06,18:00,1.07355,1.07368,1.0729,1.07358,3999,-11629
2023.11.06,19:00,1.07359,1.0737,1.0722,1.07242,5137,-16766
2023.11.06,20:00,1.07234,1.07242,1.07191,1.07197,4089,-20855
2023.11.06,21:00,1.07198,1.07206,1.07163,1.07171,2290,-23145
2023.11.06,22:00,1.07168,1.0721,1.07151,1.072,967,-22174
2023.11.06,23:00,1.07201,1.07221,1.07176,1.07183,1236,-23414
2023.11.07,00:00,1.07185,1.07193,1.07117,1.07138,2175,-25589
2023.11.07,01:00,1.07138,1.07138,1.0708,1.07103,4123,-29712
2023.11.07,02:00,1.07103,1.07124,1.07059,1.07113,2321,-32033
2023.11.07,03:00,1.07113,1.07139,1.07076,1.07089,3621,-35654
2023.11.07,04:00,1.0709,1.07112,1.07051,1.07066,2969,-38623
2023.11.07,05:00,1.07066,1.07107,1.07053,1.07104,2584,-36035
2023.11.07,06:00,1.07104,1.07116,1.07001,1.07006,3361,-39400
2023.11.07,07:00,1.07004,1.07014,1.06918,1.0697,5163,-44563
2023.11.07,08:00,1.06969,1.07064,1.06948,1.07036,7338,-37221
2023.11.07,09:00,1.07036,1.07038,1.0683,1.06836,6298,-43523
2023.11.07,10:00,1.06837,1.06976,1.06805,1.06816,5830,-49353
2023.11.07,11:00,1.06815,1.06833,1.06655,1.0674,6508,-55861
2023.11.07,12:00,1.0674,1.06847,1.0674,1.06787,5966,-49891
2023.11.07,13:00,1.06789,1.06868,1.0672,1.06761,7822,-57717
2023.11.07,14:00,1.06761,1.06771,1.06641,1.0676,9915,-67632
2023.11.07,15:00,1.06761,1.069,1.06738,1.06851,9295,-58333
2023.11.07,16:00,1.06849,1.06928,1.06834,1.0686,7708,-50625
2023.11.07,17:00,1.06858,1.06864,1.06725,1.06773,6338,-56967
2023.11.07,18:00,1.06773,1.06997,1.06763,1.06988,6662,-50301
2023.11.07,19:00,1.06989,1.07049,1.0694,1.06952,4836,-55141
2023.11.07,20:00,1.06951,1.06983,1.06895,1.06947,4431,-59572
2023.11.07,21:00,1.06948,1.0701,1.06946,1.06994,1844,-57724
2023.11.07,22:00,1.06994,1.06996,1.06959,1.06979,1426,-59154
2023.11.07,23:00,1.06981,1.06992,1.06952,1.06957,1124,-60278
2023.11.08,00:00,1.06956,1.06977,1.06894,1.06902,2494,-62772
2023.11.08,01:00,1.06903,1.06939,1.06864,1.06918,3627,-59141
2023.11.08,02:00,1.06918,1.06992,1.06891,1.06936,3491,-55650
2023.11.08,03:00,1.06936,1.06959,1.06884,1.06899,2642,-58296
2023.11.08,04:00,1.06899,1.06928,1.06886,1.06921,2007,-56285
2023.11.08,05:00,1.06921,1.06928,1.06853,1.06862,2283,-58572
2023.11.08,06:00,1.06861,1.0688,1.06812,1.06816,3447,-62019
2023.11.08,07:00,1.06819,1.06843,1.06755,1.06803,5185,-67204
2023.11.08,08:00,1.06804,1.06828,1.06713,1.06726,6758,-73962
2023.11.08,09:00,1.06725,1.06743,1.06602,1.06652,6871,-80833
2023.11.08,10:00,1.06652,1.06689,1.06593,1.06682,5384,-75445
2023.11.08,11:00,1.06684,1.06779,1.06683,1.06771,4598,-70847
2023.11.08,12:00,1.0677,1.06772,1.06669,1.06681,5149,-76000
2023.11.08,13:00,1.06681,1.06726,1.06601,1.06693,7430,-68566
2023.11.08,14:00,1.06693,1.06923,1.06689,1.06904,9248,-59318
2023.11.08,15:00,1.06905,1.07077,1.06826,1.07052,9988,-49330
2023.11.08,16:00,1.07052,1.0716,1.07036,1.07144,8281,-41049
2023.11.08,17:00,1.07144,1.07146,1.07011,1.07077,6468,-47521
2023.11.08,18:00,1.07079,1.07142,1.07022,1.07092,7858,-39659
2023.11.08,19:00,1.07091,1.07108,1.07011,1.07022,3931,-43594
2023.11.08,20:00,1.07021,1.07108,1.07,1.07097,4387,-39203
2023.11.08,21:00,1.07095,1.07109,1.07085,1.07086,2204,-41411
2023.11.08,22:00,1.07054,1.07094,1.07038,1.0707,1339,-42750
2023.11.08,23:00,1.07059,1.07113,1.07059,1.07112,1392,-41354
2023.11.09,00:00,1.07113,1.07127,1.07023,1.07034,1805,-43163
2023.11.09,01:00,1.07034,1.07146,1.07029,1.0712,3212,-39947
2023.11.09,02:00,1.0712,1.07157,1.07088,1.07096,2550,-42501
2023.11.09,03:00,1.07096,1.07115,1.07065,1.07078,2097,-44598
2023.11.09,04:00,1.07078,1.07117,1.07078,1.07089,1670,-42924
2023.11.09,05:00,1.0709,1.07101,1.0702,1.07025,2193,-45121
2023.11.09,06:00,1.07024,1.07097,1.07014,1.07075,2746,-42371
2023.11.09,07:00,1.07076,1.07095,1.07024,1.07053,4314,-46689
2023.11.09,08:00,1.07053,1.07099,1.06936,1.07015,7130,-53819
2023.11.09,09:00,1.07014,1.07047,1.06941,1.06976,5977,-59796
2023.11.09,10:00,1.06978,1.06998,1.0685,1.06865,4789,-64585
2023.11.09,11:00,1.06867,1.0692,1.06804,1.06883,4281,-60300
2023.11.09,12:00,1.06883,1.06928,1.06872,1.06903,5204,-55096
2023.11.09,13:00,1.06903,1.07086,1.06866,1.07073,9783,-45313
2023.11.09,14:00,1.07075,1.07254,1.07002,1.0724,10707,-34606
2023.11.09,15:00,1.07242,1.07245,1.07074,1.07149,10817,-45427
2023.11.09,16:00,1.07148,1.07169,1.07051,1.07098,6670,-52097
2023.11.09,17:00,1.07097,1.07128,1.06998,1.07047,5468,-57565
2023.11.09,18:00,1.07049,1.07055,1.06728,1.06944,13543,-71108
2023.11.09,19:00,1.06939,1.06953,1.06602,1.06674,13782,-84890
2023.11.09,20:00,1.06673,1.06759,1.06625,1.06638,6124,-91014
2023.11.09,21:00,1.06639,1.0669,1.06637,1.06681,2418,-88596
2023.11.09,22:00,1.06667,1.06704,1.06662,1.06687,1189,-87403
2023.11.09,23:00,1.06697,1.06697,1.06636,1.06669,1558,-88965
2023.11.10,00:00,1.06672,1.06704,1.06627,1.06683,2678,-86283
2023.11.10,01:00,1.06683,1.0675,1.06668,1.06719,3739,-82544
2023.11.10,02:00,1.06718,1.06744,1.06701,1.06724,2843,-79701
2023.11.10,03:00,1.06723,1.06742,1.06689,1.06699,1768,-81473
2023.11.10,04:00,1.067,1.06714,1.06672,1.06712,1748,-79721
2023.11.10,05:00,1.06713,1.06718,1.06659,1.06693,1940,-81665
2023.11.10,06:00,1.0669,1.06701,1.06636,1.06655,2661,-84326
2023.11.10,07:00,1.06654,1.06697,1.06562,1.0663,6094,-90420
2023.11.10,08:00,1.06634,1.06783,1.06631,1.0671,6560,-83856
2023.11.10,09:00,1.06711,1.06799,1.06644,1.06772,6134,-77722
2023.11.10,10:00,1.06771,1.0688,1.06692,1.06868,5458,-72264
2023.11.10,11:00,1.06868,1.06889,1.0674,1.06769,5240,-77508
2023.11.10,12:00,1.06769,1.06883,1.06699,1.06818,6008,-71496
2023.11.10,13:00,1.06818,1.06926,1.06772,1.06886,7551,-63945
2023.11.10,14:00,1.06886,1.06896,1.06703,1.06727,8545,-72494
2023.11.10,15:00,1.06656,1.06796,1.06625,1.06698,12642,-85136
2023.11.10,16:00,1.06698,1.06797,1.06632,1.06693,7674,-92810
2023.11.10,17:00,1.06691,1.06818,1.06641,1.06792,6308,-86498
2023.11.10,18:00,1.06793,1.06844,1.06729,1.06812,4991,-81507
2023.11.10,19:00,1.06812,1.06874,1.06787,1.06796,4122,-85633
2023.11.10,20:00,1.06795,1.06874,1.0677,1.06852,3654,-81975
2023.11.10,21:00,1.06852,1.06873,1.06824,1.06846,1970,-80009
2023.11.12,22:00,1.06828,1.06854,1.06793,1.06849,2111,-77894
2023.11.12,23:00,1.06845,1.06907,1.06845,1.06906,1366,-76528
2023.11.13,00:00,1.06904,1.06904,1.06822,1.06839,2599,-79131
2023.11.13,01:00,1.06839,1.06886,1.0681,1.06867,3263,-75864
2023.11.13,02:00,1.06867,1.06874,1.06813,1.06833,2512,-78380
2023.11.13,03:00,1.06833,1.06861,1.06816,1.06856,1863,-76513
2023.11.13,04:00,1.06856,1.0689,1.06842,1.06842,1546,-78063
2023.11.13,05:00,1.06841,1.06868,1.06835,1.06857,1875,-76184
2023.11.13,06:00,1.06855,1.06924,1.06836,1.069,2616,-73568
2023.11.13,07:00,1.06902,1.06973,1.06888,1.06926,4125,-69443
2023.11.13,08:00,1.06927,1.06949,1.06855,1.06914,6124,-75571
2023.11.13,09:00,1.06915,1.07013,1.06855,1.06896,5072,-80643
2023.11.13,10:00,1.06895,1.06996,1.06872,1.06972,4152,-76487
2023.11.13,11:00,1.06973,1.0698,1.06849,1.06871,4055,-80546
2023.11.13,12:00,1.06871,1.0688,1.06698,1.06731,4591,-85137
2023.11.13,13:00,1.06728,1.06737,1.0665,1.06727,6649,-91786
2023.11.13,14:00,1.06729,1.06802,1.0668,1.0677,7576,-84206
2023.11.13,15:00,1.06769,1.06928,1.06748,1.06888,10534,-73672
2023.11.13,16:00,1.06889,1.07038,1.06852,1.06992,6465,-67207
2023.11.13,17:00,1.06991,1.07061,1.06936,1.06957,4588,-71799
2023.11.13,18:00,1.0696,1.0705,1.069,1.07016,3918,-67877
2023.11.13,19:00,1.07016,1.07057,1.06971,1.0702,3509,-64368
2023.11.13,20:00,1.07021,1.07042,1.0699,1.06991,3132,-67504
2023.11.13,21:00,1.06993,1.06994,1.06975,1.06987,1425,-68929
2023.11.13,22:00,1.06941,1.07009,1.06941,1.0698,1404,-70329
2023.11.13,23:00,1.06992,1.07014,1.06975,1.07013,710,-69619
2023.11.14,00:00,1.07015,1.07024,1.06981,1.06998,1937,-71560
2023.11.14,01:00,1.06999,1.07004,1.06947,1.06988,2571,-74131
2023.11.14,02:00,1.06987,1.07023,1.06967,1.06979,2356,-76487
2023.11.14,03:00,1.06979,1.06984,1.06952,1.06966,1845,-78332
2023.11.14,04:00,1.06965,1.06998,1.0696,1.06963,1257,-79589
2023.11.14,05:00,1.06963,1.06966,1.06928,1.06956,1942,-81531
2023.11.14,06:00,1.06955,1.06998,1.06942,1.0699,2095,-79432
2023.11.14,07:00,1.06992,1.07096,1.06977,1.07061,4247,-75185
2023.11.14,08:00,1.07063,1.071,1.06962,1.06981,5696,-80885
2023.11.14,09:00,1.0698,1.07176,1.0696,1.07156,5895,-74986
2023.11.14,10:00,1.07159,1.07306,1.0715,1.07217,5630,-69356
2023.11.14,11:00,1.07217,1.07237,1.0715,1.07193,4670,-74030
2023.11.14,12:00,1.07193,1.07268,1.07183,1.07211,4308,-69718
2023.11.14,13:00,1.07211,1.08001,1.07159,1.07892,14870,-54848
2023.11.14,14:00,1.07893,1.08356,1.07887,1.08333,17341,-37507
2023.11.14,15:00,1.08333,1.08424,1.0823,1.08378,12744,-24763
2023.11.14,16:00,1.08377,1.08641,1.08365,1.08603,9446,-15317
2023.11.14,17:00,1.08603,1.08739,1.08541,1.0873,7399,-7918
2023.11.14,18:00,1.0873,1.08767,1.08688,1.08699,4883,-12805
2023.11.14,19:00,1.08698,1.0883,1.08677,1.08816,4571,-8230
2023.11.14,20:00,1.08814,1.08874,1.08775,1.08826,4044,-4186
2023.11.14,21:00,1.08821,1.08821,1.08756,1.08788,1971,-6161
2023.11.14,22:00,1.08772,1.08789,1.08725,1.08737,825,-6982
2023.11.14,23:00,1.08749,1.08827,1.08736,1.08777,1627,-5355
2023.11.15,00:00,1.08779,1.08783,1.08656,1.08695,3332,-8691
2023.11.15,01:00,1.08694,1.08742,1.08673,1.08719,3327,-5360
2023.11.15,02:00,1.0872,1.08797,1.08707,1.08785,3559,-1801
2023.11.15,03:00,1.08785,1.08827,1.08759,1.08822,2755,954
2023.11.15,04:00,1.08821,1.08838,1.08777,1.08777,1796,-846
2023.11.15,05:00,1.08778,1.08795,1.08725,1.08727,2760,-3606
2023.11.15,06:00,1.08728,1.08769,1.08716,1.0873,3248,-6850
2023.11.15,07:00,1.08745,1.08763,1.08649,1.08725,6370,-13224
2023.11.15,08:00,1.08727,1.08794,1.08667,1.08704,7968,-21192
2023.11.15,09:00,1.08702,1.08704,1.08439,1.0852,7964,-29156
2023.11.15,10:00,1.0852,1.08589,1.08505,1.08571,5005,-24147
2023.11.15,11:00,1.0857,1.08682,1.08559,1.0866,4459,-19688
2023.11.15,12:00,1.08661,1.08681,1.08542,1.08636,4516,-24208
2023.11.15,13:00,1.08636,1.08857,1.084,1.08589,12420,-36628
2023.11.15,14:00,1.08588,1.08609,1.08315,1.08361,12473,-49101
2023.11.15,15:00,1.0836,1.08653,1.08339,1.08653,10249,-38848
2023.11.15,16:00,1.08653,1.08687,1.08483,1.08522,8199,-47051
2023.11.15,17:00,1.08523,1.08564,1.08432,1.08539,5678,-41369
2023.11.15,18:00,1.0854,1.08546,1.08421,1.0846,5036,-46409
2023.11.15,19:00,1.08461,1.08481,1.0841,1.08463,4213,-50622
2023.11.15,20:00,1.08462,1.08472,1.08424,1.08431,3966,-54588
2023.11.15,21:00,1.08431,1.08475,1.08426,1.08468,1618,-52966
2023.11.15,22:00,1.08468,1.0851,1.08441,1.08482,1768,-51198
2023.11.15,23:00,1.08492,1.08542,1.08479,1.08541,844,-50354
2023.11.16,00:00,1.08543,1.08555,1.08509,1.08552,3008,-47346
2023.11.16,01:00,1.08551,1.08557,1.0842,1.08438,4155,-51505
2023.11.16,02:00,1.08438,1.0844,1.08299,1.08333,4268,-55773
2023.11.16,03:00,1.08332,1.08358,1.08316,1.08325,2365,-58138
2023.11.16,04:00,1.08324,1.08373,1.08321,1.08371,1504,-56630
2023.11.16,05:00,1.0837,1.08395,1.08335,1.08379,2006,-54624
2023.11.16,06:00,1.0838,1.0841,1.08363,1.08391,3044,-51580
2023.11.16,07:00,1.08391,1.0846,1.08339,1.0841,4870,-46710
2023.11.16,08:00,1.08408,1.08551,1.08384,1.08548,6940,-39770
2023.11.16,09:00,1.08549,1.0861,1.08479,1.08509,5381,-45155
2023.11.16,10:00,1.08509,1.08517,1.0843,1.0845,4607,-49762
2023.11.16,11:00,1.0845,1.08583,1.08446,1.08523,3940,-45818
2023.11.16,12:00,1.08523,1.08533,1.0839,1.08425,5511,-51333
2023.11.16,13:00,1.08424,1.08814,1.08417,1.0881,10708,-40621
2023.11.16,14:00,1.0881,1.08811,1.08582,1.0876,11486,-52111
2023.11.16,15:00,1.08761,1.08955,1.08717,1.08781,12225,-39882
2023.11.16,16:00,1.08782,1.08828,1.08465,1.08499,8873,-48759
2023.11.16,17:00,1.08498,1.08608,1.08472,1.08598,5526,-43229
2023.11.16,18:00,1.086,1.08656,1.08564,1.0859,4259,-38970
2023.11.16,19:00,1.0859,1.08601,1.08519,1.08556,4130,-43104
2023.11.16,20:00,1.08558,1.08582,1.08448,1.08462,3968,-47072
2023.11.16,21:00,1.08463,1.08539,1.08463,1.0853,1491,-45581
2023.11.16,22:00,1.08448,1.08533,1.08448,1.0852,2786,-42791
2023.11.16,23:00,1.08521,1.08557,1.08511,1.08531,916,-41875
2023.11.17,00:00,1.08532,1.08558,1.08487,1.08531,2317,-39558
2023.11.17,01:00,1.08532,1.0857,1.08504,1.0853,3702,-35856
2023.11.17,02:00,1.08529,1.08569,1.08493,1.08552,2754,-33102
2023.11.17,03:00,1.08552,1.0857,1.08532,1.0854,2189,-35295
2023.11.17,04:00,1.0854,1.0855,1.085,1.08504,1545,-36840
2023.11.17,05:00,1.08505,1.08557,1.08479,1.08531,2538,-34298
2023.11.17,06:00,1.08531,1.08563,1.08511,1.08511,2658,-36960
2023.11.17,07:00,1.08513,1.08513,1.08351,1.08383,5677,-42637
2023.11.17,08:00,1.08383,1.08494,1.08249,1.08483,8704,-33929
2023.11.17,09:00,1.08482,1.08584,1.08451,1.08529,7557,-26372
2023.11.17,10:00,1.08531,1.08714,1.08516,1.08707,7048,-19324
2023.11.17,11:00,1.08708,1.08747,1.08586,1.08662,6476,-25804
2023.11.17,12:00,1.08658,1.08687,1.08574,1.08633,5824,-31628
2023.11.17,13:00,1.08633,1.08774,1.08614,1.08711,9718,-21906
2023.11.17,14:00,1.08712,1.08846,1.08586,1.08693,11504,-33414
2023.11.17,15:00,1.08694,1.08931,1.08685,1.08865,8751,-24659
2023.11.17,16:00,1.08866,1.08899,1.08748,1.08784,7567,-32230
2023.11.17,17:00,1.08785,1.08911,1.0878,1.08903,4535,-27691
2023.11.17,18:00,1.08903,1.09044,1.08884,1.09031,3712,-23979
2023.11.17,19:00,1.09031,1.09036,1.08954,1.08995,3305,-27288
2023.11.17,20:00,1.08995,1.09092,1.08971,1.09084,3015,-24269
2023.11.17,21:00,1.09083,1.09142,1.09046,1.09136,1840,-22433
2023.11.19,22:00,1.09103,1.09103,1.09064,1.09091,489,-22922
2023.11.19,23:00,1.09092,1.09109,1.09053,1.09055,2054,-24976
2023.11.20,00:00,1.09055,1.09056,1.08974,1.09011,3232,-28208
2023.11.20,01:00,1.09014,1.09106,1.09014,1.09083,4654,-23550
2023.11.20,02:00,1.09084,1.09238,1.0908,1.09223,4284,-19266
2023.11.20,03:00,1.09222,1.09248,1.09176,1.09238,3848,-15418
2023.11.20,04:00,1.09241,1.09356,1.09217,1.0922,3203,-18625
2023.11.20,05:00,1.09218,1.09277,1.09185,1.09186,3085,-21710
2023.11.20,06:00,1.09189,1.0923,1.09156,1.09168,3663,-25373
2023.11.20,07:00,1.09167,1.09195,1.09131,1.0916,5328,-30701
2023.11.20,08:00,1.09161,1.09295,1.09152,1.09191,7031,-23666
2023.11.20,09:00,1.0919,1.09402,1.09184,1.09365,7172,-16494
2023.11.20,10:00,1.09367,1.09367,1.09226,1.09261,4636,-21134
2023.11.20,11:00,1.09259,1.09294,1.09212,1.09228,4528,-25662
2023.11.20,12:00,1.09226,1.09305,1.09206,1.09298,4985,-20673
2023.11.20,13:00,1.09298,1.09322,1.09245,1.09265,6738,-27415
2023.11.20,14:00,1.09266,1.09456,1.09187,1.09404,7839,-19572
2023.11.20,15:00,1.09403,1.09415,1.09263,1.09381,7248,-26824
2023.11.20,16:00,1.09382,1.09448,1.09375,1.09444,5464,-21356
2023.11.20,17:00,1.09442,1.09516,1.09352,1.09376,4360,-25720
2023.11.20,18:00,1.09375,1.09517,1.09367,1.09453,6461,-19255
2023.11.20,19:00,1.09453,1.0947,1.09388,1.09464,4000,-15255
2023.11.20,20:00,1.09463,1.09476,1.09418,1.09418,2677,-17936
2023.11.20,21:00,1.09419,1.09446,1.09393,1.09404,1727,-19663
2023.11.20,22:00,1.0937,1.0943,1.09354,1.09401,1334,-20997
2023.11.20,23:00,1.09411,1.09469,1.09399,1.09446,1130,-19863
2023.11.21,00:00,1.09446,1.0952,1.09419,1.09454,2430,-17433
2023.11.21,01:00,1.09455,1.09574,1.0943,1.09522,6160,-11273
2023.11.21,02:00,1.09521,1.0962,1.0948,1.09597,4380,-6893
2023.11.21,03:00,1.09598,1.09642,1.09582,1.09636,2966,-3927
2023.11.21,04:00,1.09634,1.09651,1.09578,1.09587,2547,-6478
2023.11.21,05:00,1.09588,1.09638,1.09537,1.09559,3436,-9914
2023.11.21,06:00,1.09559,1.09609,1.09521,1.09585,3259,-6651
2023.11.21,07:00,1.09584,1.0963,1.09506,1.09538,5324,-11979
2023.11.21,08:00,1.09538,1.09639,1.09436,1.0946,7125,-19104
2023.11.21,09:00,1.09457,1.09507,1.09424,1.09438,6382,-25486
2023.11.21,10:00,1.09436,1.09537,1.09423,1.09453,4150,-21332
2023.11.21,11:00,1.09449,1.09466,1.0939,1.09392,3840,-25176
2023.11.21,12:00,1.09393,1.09508,1.09392,1.09481,4497,-20675
2023.11.21,13:00,1.09482,1.09612,1.0939,1.09449,8480,-29159
2023.11.21,14:00,1.0945,1.09593,1.09439,1.0953,8881,-20274
2023.11.21,15:00,1.09535,1.09592,1.09313,1.09342,10040,-30318
2023.11.21,16:00,1.09342,1.09438,1.09224,1.09228,7316,-37634
2023.11.21,17:00,1.09235,1.09265,1.09188,1.09209,5023,-42657
2023.11.21,18:00,1.09207,1.09215,1.09024,1.09083,5482,-48139
2023.11.21,19:00,1.09086,1.09158,1.09,1.09151,6021,-42114
2023.11.21,20:00,1.09151,1.09166,1.09113,1.09119,3741,-45859
2023.11.21,21:00,1.09121,1.09146,1.09102,1.09104,1718,-47577
2023.11.21,22:00,1.09091,1.09131,1.09076,1.09108,1154,-48731
2023.11.21,23:00,1.09093,1.09185,1.09093,1.09171,1625,-47102
2023.11.22,00:00,1.09172,1.09195,1.09143,1.09195,2281,-44821
2023.11.22,01:00,1.09196,1.09227,1.0909,1.09134,4632,-49457
2023.11.22,02:00,1.09135,1.09202,1.09116,1.0916,3297,-46156
2023.11.22,03:00,1.0916,1.0919,1.09128,1.09143,2203,-48363
2023.11.22,04:00,1.09141,1.09156,1.09108,1.09137,1514,-49877
2023.11.22,05:00,1.09137,1.09146,1.0905,1.09073,3305,-53182
2023.11.22,06:00,1.09071,1.09075,1.08955,1.09002,4185,-57367
2023.11.22,07:00,1.08999,1.09166,1.08998,1.09144,4642,-52721
2023.11.22,08:00,1.09147,1.09198,1.08825,1.08854,7015,-59740
2023.11.22,09:00,1.08853,1.09122,1.08851,1.09025,6171,-53565
2023.11.22,10:00,1.09024,1.09056,1.0895,1.09007,4640,-58209
2023.11.22,11:00,1.09007,1.09077,1.08978,1.09,5238,-63447
2023.11.22,12:00,1.08999,1.09121,1.08978,1.09065,6126,-57317
2023.11.22,13:00,1.09061,1.09177,1.08911,1.08961,11055,-68376
2023.11.22,14:00,1.08965,1.08984,1.08713,1.08744,11350,-79726
2023.11.22,15:00,1.08739,1.08739,1.08523,1.08657,11727,-91453
2023.11.22,16:00,1.08658,1.08734,1.08615,1.08704,7241,-84208
2023.11.22,17:00,1.08703,1.08836,1.08687,1.08787,5485,-78723
2023.11.22,18:00,1.08786,1.08871,1.08775,1.08848,4225,-74498
2023.11.22,19:00,1.08847,1.08878,1.08797,1.08839,4341,-70157
2023.11.22,20:00,1.08839,1.08882,1.08817,1.08875,3141,-67016
2023.11.22,21:00,1.08874,1.08894,1.08862,1.08885,1309,-65707
2023.11.22,22:00,1.08879,1.08882,1.08816,1.08864,1266,-66977
2023.11.22,23:00,1.08839,1.08884,1.08839,1.0888,806,-66167
2023.11.23,00:00,1.08882,1.08926,1.08879,1.08921,1723,-64444
2023.11.23,01:00,1.0892,1.08959,1.08885,1.08951,2996,-61448
2023.11.23,02:00,1.0895,1.09046,1.08948,1.09036,2188,-59260
2023.11.23,03:00,1.09036,1.09059,1.09014,1.09051,1593,-57667
2023.11.23,04:00,1.09052,1.09055,1.09018,1.09026,1111,-58782
2023.11.23,05:00,1.09025,1.09118,1.0901,1.09106,1648,-57130
2023.11.23,06:00,1.09108,1.09177,1.09065,1.09081,3070,-60204
2023.11.23,07:00,1.09077,1.09148,1.09056,1.09138,4439,-55761
2023.11.23,08:00,1.09136,1.09304,1.08953,1.09176,7838,-47923
2023.11.23,09:00,1.09176,1.09238,1.09057,1.09231,7381,-40542
2023.11.23,10:00,1.09231,1.09241,1.09151,1.09191,4221,-44767
2023.11.23,11:00,1.0919,1.09196,1.09123,1.09146,3607,-48374
2023.11.23,12:00,1.09146,1.09152,1.09004,1.09034,3759,-52133
2023.11.23,13:00,1.09034,1.09055,1.08967,1.09017,4264,-56397
2023.11.23,14:00,1.09017,1.0903,1.08872,1.08964,5068,-61465
2023.11.23,15:00,1.08962,1.09105,1.08959,1.09097,4328,-57133
2023.11.23,16:00,1.09095,1.091,1.09027,1.09062,2522,-59659
2023.11.23,17:00,1.09063,1.0907,1.09025,1.09059,1195,-60854
2023.11.23,18:00,1.09058,1.09061,1.09032,1.09036,563,-61417
2023.11.23,19:00,1.09036,1.09073,1.09034,1.09036,458,-61875
2023.11.23,20:00,1.09037,1.09065,1.09027,1.09055,732,-61139
2023.11.23,21:00,1.09054,1.09067,1.09027,1.09027,534,-61677
2023.11.23,22:00,1.09034,1.09056,1.08999,1.09049,646,-61027
2023.11.23,23:00,1.09063,1.09067,1.09038,1.09039,1072,-59955
2023.11.24,00:00,1.09044,1.09099,1.09028,1.09069,2746,-57209
2023.11.24,01:00,1.0907,1.09104,1.09011,1.09018,3480,-60693
2023.11.24,02:00,1.09019,1.09036,1.08952,1.08955,2473,-63166
2023.11.24,03:00,1.08954,1.08996,1.0895,1.0899,1662,-61500
2023.11.24,04:00,1.08991,1.09036,1.08974,1.09035,1960,-59540
2023.11.24,05:00,1.09035,1.09121,1.09035,1.09118,2041,-57499
2023.11.24,06:00,1.09118,1.09119,1.09038,1.09073,2458,-59961
2023.11.24,07:00,1.0907,1.09109,1.09031,1.0908,3499,-63460
2023.11.24,08:00,1.0908,1.09193,1.09053,1.09192,5645,-57811
2023.11.24,09:00,1.09188,1.09207,1.09015,1.09029,4945,-62760
2023.11.24,10:00,1.09028,1.09103,1.09018,1.09097,3752,-59004
2023.11.24,11:00,1.09095,1.09166,1.09067,1.09142,4080,-54924
2023.11.24,12:00,1.09141,1.09282,1.09121,1.09167,4163,-50761
2023.11.24,13:00,1.09168,1.09226,1.09067,1.0922,6160,-44601
2023.11.24,14:00,1.09219,1.09385,1.09173,1.09367,8148,-36453
2023.11.24,15:00,1.09366,1.09453,1.09342,1.09398,7644,-28809
2023.11.24,16:00,1.09397,1.09415,1.09301,1.09333,4466,-33279
2023.11.24,17:00,1.09333,1.09408,1.09283,1.09405,3345,-29930
2023.11.24,18:00,1.09406,1.09486,1.09401,1.09478,1299,-28631
2023.11.24,19:00,1.09478,1.09479,1.09379,1.0946,3129,-31764
2023.11.24,20:00,1.0946,1.09478,1.09411,1.09439,4250,-36014
2023.11.24,21:00,1.09438,1.09467,1.09344,1.09358,3930,-39940
2023.11.26,22:00,1.09445,1.09454,1.09417,1.09444,616,-39324
2023.11.26,23:00,1.09443,1.09475,1.09385,1.09395,1901,-41229
2023.11.27,00:00,1.09395,1.09404,1.09284,1.09288,2852,-44081
2023.11.27,01:00,1.09289,1.09497,1.09267,1.09468,4237,-39840
2023.11.27,02:00,1.09469,1.09471,1.09379,1.0943,3261,-43105
2023.11.27,03:00,1.0943,1.09458,1.09392,1.09453,2829,-40272
2023.11.27,04:00,1.09453,1.09498,1.09419,1.09473,2366,-37906
2023.11.27,05:00,1.09474,1.09506,1.09443,1.09495,2538,-35368
2023.11.27,06:00,1.09493,1.0956,1.0948,1.095,2824,-32544
2023.11.27,07:00,1.09502,1.09591,1.09454,1.09475,4887,-37435
2023.11.27,08:00,1.09475,1.09522,1.09391,1.09431,5912,-43347
2023.11.27,09:00,1.0943,1.09524,1.0941,1.09485,4686,-38657
2023.11.27,10:00,1.09484,1.09565,1.09455,1.09547,4697,-33960
2023.11.27,11:00,1.09548,1.09556,1.09458,1.09537,3839,-30121
2023.11.27,12:00,1.09538,1.09552,1.09458,1.09497,4479,-34604
2023.11.27,13:00,1.09496,1.09552,1.09434,1.09437,8444,-43048
2023.11.27,14:00,1.09438,1.09449,1.09255,1.09282,8391,-51439
2023.11.27,15:00,1.09282,1.09394,1.09251,1.09327,10574,-40861
2023.11.27,16:00,1.09328,1.09379,1.09277,1.09364,7540,-33321
2023.11.27,17:00,1.09364,1.09384,1.09294,1.09344,4648,-37973
2023.11.27,18:00,1.09343,1.09425,1.09323,1.0942,4602,-33367
2023.11.27,19:00,1.09423,1.09566,1.09422,1.09562,3153,-30214
2023.11.27,20:00,1.09562,1.09574,1.09506,1.09568,2863,-27351
2023.11.27,21:00,1.09567,1.09569,1.09519,1.09539,1777,-29132
2023.11.27,22:00,1.0953,1.09556,1.09472,1.0954,922,-30054
2023.11.27,23:00,1.09545,1.09592,1.09533,1.0959,1138,-28912
2023.11.28,00:00,1.09591,1.09617,1.09553,1.09581,3067,-25845
2023.11.28,01:00,1.09582,1.09619,1.09542,1.09578,4006,-21839
2023.11.28,02:00,1.09578,1.09628,1.09534,1.09578,2928,-18911
2023.11.28,03:00,1.09577,1.09592,1.09544,1.0955,2153,-21068
2023.11.28,04:00,1.09551,1.09553,1.09521,1.09525,1448,-22516
2023.11.28,05:00,1.09524,1.09534,1.095,1.09511,1903,-24419
2023.11.28,06:00,1.0951,1.0952,1.0946,1.0947,2514,-26933
2023.11.28,07:00,1.09469,1.09475,1.09345,1.09358,5165,-32098
2023.11.28,08:00,1.0936,1.095,1.0936,1.09474,6643,-25451
2023.11.28,09:00,1.09477,1.09551,1.09468,1.09537,5500,-19951
2023.11.28,10:00,1.09537,1.09569,1.09464,1.0952,4877,-24832
2023.11.28,11:00,1.09521,1.09575,1.09488,1.09499,3765,-28597
2023.11.28,12:00,1.095,1.09624,1.09473,1.09507,5241,-33838
2023.11.28,13:00,1.0951,1.09739,1.09453,1.09723,8733,-25101
2023.11.28,14:00,1.09724,1.09848,1.09642,1.09787,11372,-13729
2023.11.28,15:00,1.09786,1.1002,1.0968,1.09809,13654,-75
2023.11.28,16:00,1.0981,1.10059,1.09774,1.10053,11167,11092
2023.11.28,17:00,1.10052,1.10089,1.09851,1.09868,7208,3880
2023.11.28,18:00,1.0987,1.09881,1.09732,1.09811,6764,-2884
2023.11.28,19:00,1.09813,1.09937,1.09812,1.0991,4585,1705
2023.11.28,20:00,1.09909,1.09914,1.0976,1.09882,4685,-2984
2023.11.28,21:00,1.09881,1.09955,1.0986,1.09948,1777,-1207
2023.11.28,22:00,1.0992,1.09954,1.09908,1.09933,556,-1763
2023.11.28,23:00,1.09936,1.10055,1.09931,1.1004,2226,467
2023.11.29,00:00,1.10042,1.10076,1.09975,1.10058,3961,4428
2023.11.29,01:00,1.10058,1.10172,1.10048,1.10059,6989,11417
2023.11.29,02:00,1.10063,1.10085,1.09977,1.10066,3316,14733
2023.11.29,03:00,1.10066,1.10076,1.09982,1.09985,2664,12065
2023.11.29,04:00,1.09985,1.10035,1.09968,1.10025,2635,14704
2023.11.29,05:00,1.10025,1.10044,1.09979,1.1002,3168,17872
2023.11.29,06:00,1.1002,1.10045,1.09961,1.10012,4829,22697
2023.11.29,07:00,1.1,1.10003,1.09819,1.09846,6368,16329
2023.11.29,08:00,1.09845,1.09984,1.0977,1.09899,9005,25338
2023.11.29,09:00,1.09898,1.09907,1.09718,1.09744,7022,18312
2023.11.29,10:00,1.09745,1.09779,1.0969,1.09767,5984,24300
2023.11.29,11:00,1.09766,1.0985,1.09713,1.09848,5242,29542
2023.11.29,12:00,1.09847,1.09887,1.09792,1.0985,5965,35507
2023.11.29,13:00,1.09851,1.09946,1.09717,1.09727,12716,22787
2023.11.29,14:00,1.09727,1.09907,1.0962,1.09767,11538,34329
2023.11.29,15:00,1.09768,1.09909,1.09601,1.09749,12669,21656
2023.11.29,16:00,1.09748,1.09777,1.09615,1.09683,7472,14184
2023.11.29,17:00,1.09684,1.09783,1.09659,1.0976,4750,18938
2023.11.29,18:00,1.09759,1.09856,1.09724,1.09846,4500,23438
2023.11.29,19:00,1.09845,1.09949,1.09771,1.0983,4666,18768
2023.11.29,20:00,1.0983,1.09838,1.09711,1.09722,4147,14621
2023.11.29,21:00,1.09725,1.09748,1.09684,1.09691,1556,13069
2023.11.29,22:00,1.09707,1.09719,1.09678,1.09711,1019,14088
2023.11.29,23:00,1.09707,1.09741,1.09706,1.09732,1219,15307
2023.11.30,00:00,1.09732,1.09839,1.0972,1.09826,2481,17788
2023.11.30,01:00,1.09825,1.09825,1.09686,1.09695,4250,13534
2023.11.30,02:00,1.09694,1.09778,1.09671,1.09766,3618,17156
2023.11.30,03:00,1.09766,1.09772,1.09731,1.09743,2028,15124
2023.11.30,04:00,1.09744,1.09761,1.09683,1.09689,2207,12917
2023.11.30,05:00,1.0969,1.0973,1.09651,1.09723,2839,15760
2023.11.30,06:00,1.09722,1.09818,1.09721,1.09786,3410,19170
2023.11.30,07:00,1.09787,1.09787,1.09403,1.09514,6663,12503
2023.11.30,08:00,1.09516,1.09593,1.09204,1.09233,8967,3536
2023.11.30,09:00,1.09233,1.0939,1.09201,1.0925,8256,11796
2023.11.30,10:00,1.09246,1.09304,1.09096,1.09182,6379,5413
2023.11.30,11:00,1.09181,1.09194,1.09091,1.09158,5625,-212
2023.11.30,12:00,1.09158,1.09317,1.09109,1.09254,5392,5184
2023.11.30,13:00,1.09258,1.09496,1.09141,1.09157,11895,-6715
2023.11.30,14:00,1.0916,1.09225,1.08924,1.09084,14095,-20810
2023.11.30,15:00,1.09085,1.09182,1.08942,1.0911,14105,-6701
2023.11.30,16:00,1.09109,1.09169,1.09015,1.09068,11133,-17838
2023.11.30,17:00,1.09069,1.09122,1.08881,1.089,6251,-24089
2023.11.30,18:00,1.08899,1.08999,1.08836,1.08893,4543,-28632
2023.11.30,19:00,1.08895,1.08948,1.08848,1.08901,4667,-33299
2023.11.30,20:00,1.08897,1.08918,1.08794,1.0885,4820,-38119
2023.11.30,21:00,1.08845,1.08913,1.08838,1.08887,1870,-36249
2023.11.30,22:00,1.0884,1.08922,1.0884,1.08908,1699,-34546
2023.11.30,23:00,1.08926,1.08945,1.08898,1.08917,1942,-32604
2023.12.01,00:00,1.08917,1.0903,1.08917,1.09018,3299,-29305
2023.12.01,01:00,1.09017,1.09101,1.09015,1.09069,4757,-24548
2023.12.01,02:00,1.09068,1.09128,1.09063,1.09077,3000,-21548
2023.12.01,03:00,1.09077,1.09094,1.08996,1.09007,2901,-24453
2023.12.01,04:00,1.09004,1.09068,1.08981,1.09067,1905,-22544
2023.12.01,05:00,1.09065,1.09123,1.09048,1.0911,3301,-19243
2023.12.01,06:00,1.09109,1.09118,1.09062,1.09088,3267,-22514
2023.12.01,07:00,1.09076,1.09118,1.08944,1.08946,5331,-27845
2023.12.01,08:00,1.08947,1.09029,1.08859,1.08933,8467,-36312
2023.12.01,09:00,1.08932,1.09047,1.08896,1.08978,7373,-28935
2023.12.01,10:00,1.08978,1.09037,1.08853,1.08906,4777,-33716
2023.12.01,11:00,1.08907,1.08973,1.08826,1.08972,5147,-28565
2023.12.01,12:00,1.08973,1.09011,1.08756,1.08767,5927,-34496
2023.12.01,13:00,1.08768,1.08846,1.08663,1.08677,9731,-44227
2023.12.01,14:00,1.08675,1.08702,1.08414,1.08447,9151,-53378
2023.12.01,15:00,1.08447,1.08665,1.08327,1.08378,14628,-68006
2023.12.01,16:00,1.08377,1.08854,1.08287,1.0877,15342,-52660
2023.12.01,17:00,1.08772,1.08842,1.08716,1.08817,9385,-43275
2023.12.01,18:00,1.08817,1.08929,1.08786,1.08891,7976,-35299
2023.12.01,19:00,1.08892,1.08926,1.087,1.08721,5292,-40595
2023.12.01,20:00,1.08721,1.08798,1.08708,1.08794,4088,-36503
2023.12.01,21:00,1.08795,1.0884,1.08777,1.0884,2144,-34363
2023.12.03,22:00,1.0878,1.08884,1.08765,1.08842,1146,-33213
2023.12.03,23:00,1.08843,1.08948,1.088,1.08857,5638,-27575
2023.12.04,00:00,1.08858,1.08865,1.08701,1.08717,5543,-33122
2023.12.04,01:00,1.08716,1.08773,1.08665,1.08732,6223,-26895
2023.12.04,02:00,1.08727,1.08843,1.08699,1.08826,3962,-22933
2023.12.04,03:00,1.08826,1.0886,1.088,1.08801,3590,-26527
2023.12.04,04:00,1.088,1.08805,1.087,1.08715,2290,-28817
2023.12.04,05:00,1.08715,1.08727,1.08683,1.08693,2910,-31727
2023.12.04,06:00,1.08692,1.08764,1.08669,1.08689,4218,-35945
2023.12.04,07:00,1.08687,1.0869,1.08497,1.08539,6975,-42920
2023.12.04,08:00,1.08538,1.0873,1.08538,1.08638,8479,-34437
2023.12.04,09:00,1.08637,1.08808,1.08627,1.08747,6385,-28052
2023.12.04,10:00,1.08743,1.08759,1.08588,1.08683,5143,-33199
2023.12.04,11:00,1.08682,1.08788,1.08678,1.08691,5435,-38634
2023.12.04,12:00,1.0869,1.08724,1.08593,1.08691,5366,-44000
2023.12.04,13:00,1.0869,1.0876,1.08532,1.08546,9030,-53030
2023.12.04,14:00,1.08544,1.0855,1.08196,1.08402,11907,-64937
2023.12.04,15:00,1.08398,1.08436,1.08041,1.08148,13590,-78527
2023.12.04,16:00,1.08147,1.08246,1.08117,1.08231,8065,-70458
2023.12.04,17:00,1.0823,1.08268,1.08177,1.08256,5585,-64873
2023.12.04,18:00,1.08256,1.08266,1.08152,1.08167,4378,-69255
2023.12.04,19:00,1.08167,1.08291,1.0816,1.08276,3715,-65536
2023.12.04,20:00,1.08277,1.08354,1.08277,1.08339,4164,-61372
2023.12.04,21:00,1.08341,1.0837,1.08331,1.08361,1554,-59822
2023.12.04,22:00,1.08295,1.08354,1.08289,1.08354,1202,-58616
2023.12.04,23:00,1.08344,1.08378,1.08342,1.08373,1065,-57551
2023.12.05,00:00,1.08372,1.08461,1.08363,1.08434,3443,-54108
2023.12.05,01:00,1.08434,1.08444,1.08346,1.08392,4746,-58858
2023.12.05,02:00,1.08393,1.08429,1.08347,1.08366,3283,-62141
2023.12.05,03:00,1.08365,1.0843,1.08361,1.08403,3444,-58693
2023.12.05,04:00,1.08402,1.08445,1.08393,1.08442,2019,-56674
2023.12.05,05:00,1.08441,1.08474,1.08397,1.08473,2509,-54165
2023.12.05,06:00,1.08473,1.08473,1.08316,1.0834,4205,-58374
2023.12.05,07:00,1.08334,1.08334,1.08041,1.08074,7655,-66029
2023.12.05,08:00,1.08073,1.08345,1.08059,1.08339,8688,-57337
2023.12.05,09:00,1.08341,1.08426,1.08303,1.08319,7628,-64969
2023.12.05,10:00,1.08318,1.08397,1.08295,1.08322,6377,-71346
2023.12.05,11:00,1.08323,1.08365,1.08151,1.08188,5709,-77055
2023.12.05,12:00,1.08187,1.08216,1.08123,1.08142,5412,-82467
2023.12.05,13:00,1.0814,1.08338,1.08136,1.08286,9299,-73164
2023.12.05,14:00,1.08286,1.08303,1.08014,1.08093,10933,-84101
2023.12.05,15:00,1.08091,1.08389,1.07985,1.08056,17482,-101583
2023.12.05,16:00,1.08057,1.08132,1.0782,1.0786,10155,-111738
2023.12.05,17:00,1.07865,1.07973,1.07856,1.07919,6861,-104873
2023.12.05,18:00,1.0792,1.07931,1.07781,1.0785,5560,-110437
2023.12.05,19:00,1.07849,1.07865,1.0781,1.07839,4615,-115052
2023.12.05,20:00,1.07839,1.07978,1.07818,1.0795,3650,-111398
2023.12.05,21:00,1.07951,1.07989,1.07935,1.07977,1490,-109912
2023.12.05,22:00,1.07908,1.0798,1.07906,1.07972,642,-109266
2023.12.05,23:00,1.07974,1.07975,1.07907,1.07934,1256,-110526
2023.12.06,00:00,1.07934,1.07965,1.07892,1.07953,2964,-107558
2023.12.06,01:00,1.07953,1.07985,1.07879,1.07921,4811,-112373
2023.12.06,02:00,1.0792,1.07936,1.0788,1.07922,3197,-115570
2023.12.06,03:00,1.07921,1.07985,1.07917,1.07969,2368,-113198
2023.12.06,04:00,1.07968,1.07995,1.07935,1.07942,1939,-115141
2023.12.06,05:00,1.07943,1.08019,1.07916,1.08011,2610,-112527
2023.12.06,06:00,1.08011,1.08011,1.07878,1.07878,2798,-115329
2023.12.06,07:00,1.07879,1.07931,1.0778,1.079,6373,-108952
2023.12.06,08:00,1.07899,1.07901,1.0775,1.07867,7515,-116471
2023.12.06,09:00,1.07866,1.07977,1.07861,1.0791,7078,-109389
2023.12.06,10:00,1.07911,1.07959,1.07874,1.07909,5514,-103875
2023.12.06,11:00,1.07908,1.07908,1.0778,1.07799,5264,-109143
2023.12.06,12:00,1.078,1.07806,1.07724,1.07774,5107,-114250
2023.12.06,13:00,1.07772,1.07998,1.0777,1.07981,10962,-103284
2023.12.06,14:00,1.0798,1.08046,1.07888,1.07947,9454,-112742
2023.12.06,15:00,1.07944,1.08003,1.07854,1.07901,10773,-123515
2023.12.06,16:00,1.079,1.08003,1.07837,1.07893,7879,-131394
2023.12.06,17:00,1.07891,1.07918,1.07808,1.07814,5545,-136939
2023.12.06,18:00,1.07811,1.07843,1.07711,1.07783,4295,-141234
2023.12.06,19:00,1.07782,1.07787,1.07672,1.07685,3677,-144911
2023.12.06,20:00,1.07684,1.07696,1.07586,1.07622,3804,-148715
2023.12.06,21:00,1.07622,1.07662,1.07621,1.07638,1751,-146960
2023.12.06,22:00,1.07647,1.07683,1.07622,1.0767,1162,-145798
2023.12.06,23:00,1.07687,1.07687,1.07644,1.07662,1302,-144496
2023.12.07,00:00,1.07668,1.07722,1.07655,1.07688,2589,-141907
2023.12.07,01:00,1.07686,1.07713,1.07642,1.07673,4028,-145939
2023.12.07,02:00,1.07672,1.07709,1.0762,1.07651,3378,-149317
2023.12.07,03:00,1.0765,1.07655,1.07593,1.07596,2950,-152267
2023.12.07,04:00,1.07595,1.07626,1.07579,1.07604,2128,-154395
2023.12.07,05:00,1.07605,1.0763,1.07568,1.07616,3377,-151014
2023.12.07,06:00,1.07617,1.07668,1.07586,1.07639,4208,-146806
2023.12.07,07:00,1.07638,1.07811,1.07552,1.07809,7843,-138963
2023.12.07,08:00,1.07806,1.07828,1.0772,1.078,9016,-129947
2023.12.07,09:00,1.07801,1.07845,1.07718,1.07798,8113,-121834
2023.12.07,10:00,1.07799,1.07833,1.07639,1.07711,7719,-129557
2023.12.07,11:00,1.07712,1.07774,1.07635,1.07707,6501,-136058
2023.12.07,12:00,1.07706,1.07743,1.07593,1.07693,6738,-142796
2023.12.07,13:00,1.07692,1.0798,1.07612,1.07903,12189,-130603
2023.12.07,14:00,1.07904,1.07918,1.07702,1.07702,11598,-142205
2023.12.07,15:00,1.077,1.07935,1.07672,1.0784,11994,-130207
2023.12.07,16:00,1.07839,1.07957,1.07839,1.07938,9478,-120729
2023.12.07,17:00,1.07938,1.08175,1.07891,1.08137,9582,-111147
2023.12.07,18:00,1.08135,1.08136,1.08027,1.08055,6681,-117832
2023.12.07,19:00,1.08053,1.08061,1.07982,1.07982,4358,-122190
2023.12.07,20:00,1.07984,1.08038,1.07953,1.07953,3438,-125628
2023.12.07,21:00,1.07954,1.07963,1.07906,1.07932,2174,-127802
2023.12.07,22:00,1.07917,1.07957,1.07886,1.07924,1762,-129564
2023.12.07,23:00,1.07922,1.07969,1.07894,1.07897,2028,-131592
2023.12.08,00:00,1.079,1.07978,1.07883,1.0796,5542,-126046
2023.12.08,01:00,1.07961,1.08007,1.07852,1.0788,6885,-132935
2023.12.08,02:00,1.0788,1.079,1.07838,1.07895,3937,-128994
2023.12.08,03:00,1.07892,1.07956,1.07879,1.0792,4179,-124815
2023.12.08,04:00,1.07921,1.07921,1.07826,1.07829,3434,-128253
2023.12.08,05:00,1.07831,1.07892,1.07822,1.0784,3444,-124805
2023.12.08,06:00,1.0784,1.07872,1.07788,1.07795,4033,-128842
2023.12.08,07:00,1.07796,1.07824,1.07731,1.07791,6657,-135499
2023.12.08,08:00,1.07795,1.07912,1.0777,1.07894,8394,-127101
2023.12.08,09:00,1.07893,1.07894,1.07723,1.07769,7471,-134576
2023.12.08,10:00,1.07769,1.07899,1.07752,1.0784,5734,-128838
2023.12.08,11:00,1.07838,1.07873,1.0778,1.07829,5473,-134315
2023.12.08,12:00,1.07828,1.07861,1.07751,1.07773,5873,-140188
2023.12.08,13:00,1.07776,1.07798,1.07237,1.07468,15153,-155341
2023.12.08,14:00,1.0747,1.07532,1.07304,1.07462,16030,-171371
2023.12.08,15:00,1.07461,1.07857,1.07461,1.07684,13880,-157487
2023.12.08,16:00,1.07683,1.07704,1.07438,1.07448,8693,-166184
2023.12.08,17:00,1.07447,1.07576,1.07402,1.0756,6605,-159575
2023.12.08,18:00,1.07561,1.07624,1.07528,1.07572,4955,-154620
2023.12.08,19:00,1.07573,1.07617,1.07566,1.07587,3325,-151295
2023.12.08,20:00,1.07587,1.07664,1.07569,1.07636,3619,-147676
2023.12.08,21:00,1.07636,1.07642,1.07607,1.07607,1775,-149455
2023.12.10,22:00,1.07574,1.07613,1.07553,1.07605,639,-150094
2023.12.10,23:00,1.07606,1.07678,1.07605,1.07653,1940,-148150
2023.12.11,00:00,1.07657,1.07735,1.07649,1.0772,3841,-144309
2023.12.11,01:00,1.07723,1.07738,1.07672,1.07675,5557,-149870
2023.12.11,02:00,1.07674,1.0768,1.07641,1.0766,3003,-152873
2023.12.11,03:00,1.07661,1.07678,1.07636,1.0765,2094,-154967
2023.12.11,04:00,1.07649,1.0765,1.0761,1.07632,1661,-156628
2023.12.11,05:00,1.07631,1.07683,1.07621,1.07681,1794,-154830
2023.12.11,06:00,1.07681,1.07707,1.07665,1.07695,2658,-152172
2023.12.11,07:00,1.07695,1.07695,1.0753,1.07557,6283,-158459
2023.12.11,08:00,1.07557,1.07707,1.07513,1.07651,6989,-151466
2023.12.11,09:00,1.07652,1.07679,1.07574,1.0767,5678,-145788
2023.12.11,10:00,1.07669,1.07788,1.07666,1.07734,5150,-140638
2023.12.11,11:00,1.07732,1.07777,1.07635,1.07683,5397,-146039
2023.12.11,12:00,1.07683,1.07704,1.07554,1.07612,4925,-150964
2023.12.11,13:00,1.07612,1.07668,1.07522,1.07636,6906,-144054
2023.12.11,14:00,1.07637,1.07637,1.0744,1.07531,7928,-151986
2023.12.11,15:00,1.0753,1.07601,1.07418,1.07442,7849,-159835
2023.12.11,16:00,1.07441,1.07497,1.07415,1.07459,6888,-152943
2023.12.11,17:00,1.07458,1.0755,1.07431,1.0744,4742,-157689
2023.12.11,18:00,1.07439,1.0765,1.07424,1.07634,5537,-152148
2023.12.11,19:00,1.07633,1.07697,1.07608,1.07612,3812,-155964
2023.12.11,20:00,1.07612,1.0765,1.07606,1.07648,2587,-153373
2023.12.11,21:00,1.07647,1.0765,1.07636,1.07646,1735,-151642
2023.12.11,22:00,1.07606,1.07649,1.07572,1.07647,1017,-150621
2023.12.11,23:00,1.0765,1.07655,1.07636,1.07653,724,-149897
2023.12.12,00:00,1.07654,1.07661,1.0763,1.07649,2664,-147233
2023.12.12,01:00,1.07649,1.07695,1.07641,1.07647,3269,-143964
2023.12.12,02:00,1.07646,1.07703,1.07616,1.07618,2662,-146630
2023.12.12,03:00,1.07618,1.07693,1.07611,1.07683,2211,-144415
2023.12.12,04:00,1.07682,1.07694,1.07641,1.07652,1570,-145989
2023.12.12,05:00,1.07651,1.07709,1.07651,1.07691,2387,-143598
2023.12.12,06:00,1.07692,1.07799,1.07686,1.07793,2589,-141009
2023.12.12,07:00,1.07796,1.07832,1.07737,1.07779,5811,-146824
2023.12.12,08:00,1.07778,1.07921,1.07731,1.07852,6817,-140003
2023.12.12,09:00,1.07851,1.07977,1.07805,1.07936,5681,-134322
2023.12.12,10:00,1.07934,1.08073,1.07927,1.08011,5998,-128324
2023.12.12,11:00,1.0801,1.08017,1.07921,1.07965,4464,-132792
2023.12.12,12:00,1.07965,1.08059,1.07956,1.07981,4821,-127967
2023.12.12,13:00,1.07981,1.0827,1.07736,1.07765,14664,-142635
2023.12.12,14:00,1.07764,1.08002,1.07671,1.07743,13379,-156014
2023.12.12,15:00,1.07744,1.07899,1.07693,1.07843,9872,-146138
2023.12.12,16:00,1.07844,1.07933,1.07812,1.07889,7712,-138426
2023.12.12,17:00,1.07889,1.07958,1.07839,1.07882,5689,-132737
2023.12.12,18:00,1.07881,1.07987,1.07868,1.07931,6425,-126312
2023.12.12,19:00,1.07931,1.07938,1.07875,1.07902,3634,-129950
2023.12.12,20:00,1.07902,1.07983,1.07891,1.07973,3221,-126725
2023.12.12,21:00,1.07966,1.07992,1.07938,1.07945,1991,-128720
2023.12.12,22:00,1.07923,1.07964,1.07897,1.07959,1495,-127221
2023.12.12,23:00,1.07957,1.07994,1.07951,1.07983,1137,-126084
2023.12.13,00:00,1.07985,1.07999,1.07913,1.0794,2945,-129033
2023.12.13,01:00,1.07938,1.07961,1.07912,1.07935,2777,-131810
2023.12.13,02:00,1.07934,1.07939,1.07841,1.07876,2759,-134569
2023.12.13,03:00,1.07876,1.07885,1.07844,1.07872,2153,-136722
2023.12.13,04:00,1.07872,1.07897,1.07858,1.07863,1757,-138479
2023.12.13,05:00,1.07863,1.07912,1.07863,1.079,2341,-136134
2023.12.13,06:00,1.079,1.07922,1.07809,1.07838,3526,-139664
2023.12.13,07:00,1.07845,1.07889,1.07802,1.07854,5771,-133889
2023.12.13,08:00,1.07853,1.07927,1.07828,1.07894,7095,-126794
2023.12.13,09:00,1.07894,1.07919,1.07806,1.07876,6292,-133090
2023.12.13,10:00,1.07873,1.07874,1.07732,1.07777,5518,-138608
2023.12.13,11:00,1.07776,1.07851,1.07737,1.07837,4619,-133985
2023.12.13,12:00,1.07837,1.07896,1.07809,1.07818,4749,-138738
2023.12.13,13:00,1.07819,1.08036,1.07819,1.08005,9629,-129105
2023.12.13,14:00,1.08005,1.08095,1.07826,1.07911,10309,-139418
2023.12.13,15:00,1.07908,1.07957,1.07844,1.07946,7847,-131567
2023.12.13,16:00,1.07946,1.07968,1.07856,1.07918,6043,-137614
2023.12.13,17:00,1.07919,1.0794,1.07831,1.07841,4751,-142365
2023.12.13,18:00,1.07842,1.07897,1.07801,1.07831,4125,-146486
2023.12.13,19:00,1.07849,1.08915,1.07794,1.08878,21586,-124900
2023.12.13,20:00,1.0888,1.08965,1.08648,1.08813,14042,-138946
2023.12.13,21:00,1.08812,1.0884,1.08736,1.08753,4589,-143535
2023.12.13,22:00,1.08723,1.0882,1.08719,1.08767,2093,-141438
2023.12.13,23:00,1.08775,1.08849,1.08757,1.08826,2686,-138752
2023.12.14,00:00,1.08828,1.08951,1.08791,1.0893,5871,-132881
2023.12.14,01:00,1.08932,1.08982,1.08854,1.08965,6284,-126597
2023.12.14,02:00,1.08966,1.0905,1.08931,1.09045,4706,-121891
2023.12.14,03:00,1.09046,1.09153,1.09044,1.09059,5591,-116300
2023.12.14,04:00,1.0906,1.09095,1.08991,1.08994,4275,-120579
2023.12.14,05:00,1.08993,1.09,1.0893,1.08938,4594,-125173
2023.12.14,06:00,1.0894,1.09032,1.0894,1.09014,5257,-119912
2023.12.14,07:00,1.09013,1.09079,1.08809,1.0881,8430,-128346
2023.12.14,08:00,1.08812,1.0905,1.08798,1.09019,11697,-116645
2023.12.14,09:00,1.0902,1.09129,1.09,1.09041,9965,-106680
2023.12.14,10:00,1.09039,1.09142,1.08981,1.09133,7333,-99347
2023.12.14,11:00,1.09134,1.09318,1.09131,1.09294,7146,-92201
2023.12.14,12:00,1.09294,1.09398,1.0923,1.09238,8767,-100972
2023.12.14,13:00,1.09237,1.09513,1.09056,1.09439,17031,-83937
2023.12.14,14:00,1.09437,1.09925,1.09358,1.09908,16489,-67448
2023.12.14,15:00,1.0991,1.09971,1.09681,1.09934,14224,-53224
2023.12.14,16:00,1.09934,1.10031,1.09904,1.09963,10054,-43170
2023.12.14,17:00,1.09963,1.10091,1.09891,1.10048,7261,-35909
2023.12.14,18:00,1.10049,1.1006,1.09822,1.09827,6266,-42179
2023.12.14,19:00,1.09828,1.09953,1.09794,1.09921,5075,-37100
2023.12.14,20:00,1.09921,1.09968,1.09881,1.09928,5319,-31781
2023.12.14,21:00,1.09928,1.09935,1.09882,1.09918,2979,-28802
2023.12.14,22:00,1.09927,1.09941,1.09866,1.09913,1286,-27516
2023.12.14,23:00,1.09907,1.09965,1.09899,1.09934,2316,-25200
2023.12.15,00:00,1.09935,1.09942,1.09768,1.09831,4245,-29449
2023.12.15,01:00,1.09832,1.09896,1.09816,1.09845,4743,-24702
2023.12.15,02:00,1.09846,1.09987,1.09846,1.09973,3839,-20863
2023.12.15,03:00,1.09973,1.10008,1.09937,1.09989,2891,-17972
2023.12.15,04:00,1.0999,1.10038,1.09967,1.0998,2990,-14982
2023.12.15,05:00,1.0998,1.09983,1.09837,1.09843,3930,-18916
2023.12.15,06:00,1.09844,1.09878,1.09806,1.09872,4138,-14774
2023.12.15,07:00,1.09876,1.09953,1.09829,1.09938,6456,-8318
2023.12.15,08:00,1.09938,1.09992,1.0946,1.09561,11330,-19652
2023.12.15,09:00,1.09562,1.09673,1.09491,1.09604,8634,-11014
2023.12.15,10:00,1.09601,1.09675,1.09564,1.09644,6483,-4531
2023.12.15,11:00,1.09644,1.09692,1.09566,1.09683,6355,1824
2023.12.15,12:00,1.09686,1.09694,1.09407,1.09432,5864,-4044
2023.12.15,13:00,1.09435,1.09483,1.09041,1.09163,12590,-16634
2023.12.15,14:00,1.09162,1.09281,1.09104,1.09198,14768,-1862
2023.12.15,15:00,1.09201,1.09235,1.0905,1.09157,12678,-14544
2023.12.15,16:00,1.09156,1.09166,1.09015,1.09054,8613,-23157
2023.12.15,17:00,1.09056,1.09165,1.09044,1.09104,6719,-16434
2023.12.15,18:00,1.09103,1.09108,1.08887,1.08936,7117,-23555
2023.12.15,19:00,1.08935,1.08997,1.08897,1.08995,6342,-17209
2023.12.15,20:00,1.08996,1.09093,1.08942,1.08943,4945,-22158
2023.12.15,21:00,1.08941,1.08965,1.08921,1.08936,3103,-25257
2023.12.17,22:00,1.08958,1.08973,1.08934,1.08943,683,-25944
2023.12.17,23:00,1.08946,1.08975,1.0892,1.08949,2129,-28073
2023.12.18,00:00,1.08949,1.09012,1.08938,1.09006,3592,-24477
2023.12.18,01:00,1.09006,1.09006,1.08944,1.08975,3731,-28212
2023.12.18,02:00,1.08975,1.09053,1.08974,1.09039,2697,-25511
2023.12.18,03:00,1.0904,1.09137,1.0903,1.09111,2179,-23332
2023.12.18,04:00,1.0911,1.0913,1.09091,1.0913,1769,-21563
2023.12.18,05:00,1.09128,1.09159,1.09108,1.09154,2086,-19477
2023.12.18,06:00,1.09155,1.092,1.09118,1.09185,3029,-16448
2023.12.18,07:00,1.09181,1.093,1.09161,1.09215,5638,-10810
2023.12.18,08:00,1.09217,1.09238,1.09159,1.09181,8298,-19112
2023.12.18,09:00,1.09177,1.09283,1.09137,1.09195,6960,-12148
2023.12.18,10:00,1.09194,1.09208,1.09082,1.09103,6034,-18186
2023.12.18,11:00,1.09104,1.09134,1.09072,1.09126,5294,-12888
2023.12.18,12:00,1.09131,1.09175,1.09092,1.09138,5920,-6968
2023.12.18,13:00,1.09137,1.09293,1.09137,1.09212,8899,1931
2023.12.18,14:00,1.09214,1.09309,1.09206,1.09292,9288,11219
2023.12.18,15:00,1.09297,1.09311,1.09109,1.09141,9637,1578
2023.12.18,16:00,1.0914,1.09248,1.09133,1.09191,7639,9221
2023.12.18,17:00,1.0919,1.0928,1.09184,1.09277,5191,14412
2023.12.18,18:00,1.09276,1.0928,1.09201,1.09233,4582,9826
2023.12.18,19:00,1.09232,1.09232,1.09131,1.09168,3784,6042
2023.12.18,20:00,1.09167,1.09197,1.09137,1.09196,3570,9616
2023.12.18,21:00,1.09194,1.09244,1.09176,1.09236,2339,11951
2023.12.18,22:00,1.09167,1.0923,1.09158,1.09215,1435,10516
2023.12.18,23:00,1.09223,1.09242,1.09195,1.09232,1581,12101
2023.12.19,00:00,1.09234,1.09248,1.09178,1.09203,3610,8487
2023.12.19,01:00,1.09203,1.09259,1.09175,1.09186,3613,4874
2023.12.19,02:00,1.09187,1.0923,1.09148,1.09217,4477,9355
2023.12.19,03:00,1.09216,1.09291,1.09202,1.09254,4528,13883
2023.12.19,04:00,1.09255,1.09269,1.09201,1.0923,2749,11130
2023.12.19,05:00,1.09225,1.09284,1.09209,1.09279,2555,13689
2023.12.19,06:00,1.09278,1.09308,1.09229,1.09275,5288,18977
2023.12.19,07:00,1.09275,1.09412,1.09238,1.09283,7999,26976
2023.12.19,08:00,1.09284,1.09423,1.09273,1.09408,7747,34723
2023.12.19,09:00,1.09407,1.09495,1.0939,1.09414,6539,41262
2023.12.19,10:00,1.09415,1.09453,1.0936,1.09382,5628,35630
2023.12.19,11:00,1.0938,1.09397,1.09304,1.09373,5151,30479
2023.12.19,12:00,1.09372,1.09707,1.09372,1.09687,6897,37380
2023.12.19,13:00,1.09686,1.09737,1.09536,1.0962,9053,28323
2023.12.19,14:00,1.0962,1.09843,1.0959,1.09792,10693,39020
2023.12.19,15:00,1.09793,1.09874,1.09694,1.0986,10864,49884
2023.12.19,16:00,1.09859,1.09861,1.09723,1.09769,7384,42496
2023.12.19,17:00,1.09768,1.09794,1.09726,1.09749,4949,37547
2023.12.19,18:00,1.09749,1.09764,1.09694,1.09749,4436,33111
2023.12.19,19:00,1.09751,1.09781,1.09723,1.09762,3628,36743
2023.12.19,20:00,1.09762,1.09785,1.09721,1.09785,3797,40540
2023.12.19,21:00,1.09785,1.09809,1.09764,1.09807,2304,42844
2023.12.19,22:00,1.09802,1.09833,1.09751,1.09824,795,43639
2023.12.19,23:00,1.09832,1.09833,1.09777,1.09793,1533,42102
2023.12.20,00:00,1.09793,1.09795,1.09716,1.09732,2959,39143
2023.12.20,01:00,1.09731,1.09743,1.09679,1.09698,3946,35197
2023.12.20,02:00,1.09698,1.09727,1.09671,1.09701,2803,32394
2023.12.20,03:00,1.09702,1.09715,1.09681,1.097,1972,30422
2023.12.20,04:00,1.09699,1.0971,1.0966,1.09687,1712,28710
2023.12.20,05:00,1.09688,1.09695,1.09644,1.09649,2543,26167
2023.12.20,06:00,1.0965,1.0965,1.09554,1.09589,2901,23266
2023.12.20,07:00,1.09591,1.09704,1.09507,1.09668,7739,31009
2023.12.20,08:00,1.09669,1.09713,1.09582,1.09609,8691,22314
2023.12.20,09:00,1.09606,1.09656,1.09531,1.09644,6786,29104
2023.12.20,10:00,1.09644,1.09652,1.09469,1.09525,5662,23438
2023.12.20,11:00,1.09524,1.09559,1.09355,1.09375,5225,18213
2023.12.20,12:00,1.09374,1.09422,1.09341,1.09369,6287,11926
2023.12.20,13:00,1.09366,1.0963,1.0936,1.09605,7737,19667
2023.12.20,14:00,1.09607,1.09723,1.09592,1.09706,8826,28493
2023.12.20,15:00,1.09709,1.0975,1.09535,1.09741,11250,39743
2023.12.20,16:00,1.09741,1.09755,1.09548,1.09564,7167,32572
2023.12.20,17:00,1.09561,1.09606,1.09496,1.09579,5484,38060
2023.12.20,18:00,1.09579,1.09637,1.09556,1.096,5020,43080
2023.12.20,19:00,1.09598,1.09607,1.09426,1.09466,5592,37484
2023.12.20,20:00,1.09465,1.09486,1.09311,1.09317,9027,28457
2023.12.20,21:00,1.09314,1.09441,1.09299,1.09427,3047,31508
2023.12.20,22:00,1.09421,1.0945,1.09369,1.09433,1473,32981
2023.12.20,23:00,1.09441,1.09459,1.09427,1.09433,1924,34905
2023.12.21,00:00,1.09434,1.09501,1.09409,1.095,3093,37998
2023.12.21,01:00,1.09501,1.09535,1.09481,1.09523,3865,41863
2023.12.21,02:00,1.09523,1.09541,1.09451,1.09495,3568,38291
2023.12.21,03:00,1.09494,1.09499,1.09464,1.0949,2144,36147
2023.12.21,04:00,1.09491,1.09502,1.09472,1.09493,2012,34135
2023.12.21,05:00,1.09492,1.09558,1.09488,1.09544,2709,36848
2023.12.21,06:00,1.09545,1.09546,1.0943,1.09449,3221,33623
2023.12.21,07:00,1.0945,1.09502,1.09424,1.0947,4920,38547
2023.12.21,08:00,1.09469,1.09549,1.09391,1.09397,7148,31395
2023.12.21,09:00,1.09396,1.09465,1.09352,1.09439,5898,37297
2023.12.21,10:00,1.09438,1.09562,1.09398,1.09537,6165,43462
2023.12.21,11:00,1.09539,1.09847,1.09537,1.09797,6774,50236
2023.12.21,12:00,1.09798,1.09871,1.09767,1.09807,5708,55944
2023.12.21,13:00,1.09808,1.10023,1.09725,1.0991,12014,67958
2023.12.21,14:00,1.09911,1.10012,1.09823,1.09924,12984,80942
2023.12.21,15:00,1.09923,1.09948,1.09754,1.09898,13326,67612
2023.12.21,16:00,1.09897,1.09946,1.09793,1.09895,9374,58238
2023.12.21,17:00,1.09897,1.09912,1.09781,1.09862,8529,49709
2023.12.21,18:00,1.09861,1.09912,1.09785,1.09897,7417,57130
2023.12.21,19:00,1.09897,1.10011,1.09883,1.09992,5448,62578
2023.12.21,20:00,1.09992,1.10032,1.09926,1.10029,5088,67666
2023.12.21,21:00,1.1003,1.10125,1.10026,1.10108,2377,70043
2023.12.21,22:00,1.10101,1.10101,1.10004,1.10083,936,69103
2023.12.21,23:00,1.10082,1.10124,1.10056,1.10057,2392,66711
2023.12.22,00:00,1.10057,1.10097,1.10028,1.10047,3408,63303
2023.12.22,01:00,1.10048,1.10066,1.09969,1.09981,4197,59106
2023.12.22,02:00,1.09983,1.10006,1.09954,1.10001,2965,62075
2023.12.22,03:00,1.10001,1.1005,1.09958,1.09978,2799,59272
2023.12.22,04:00,1.09979,1.10033,1.09979,1.10005,2114,61390
2023.12.22,05:00,1.10004,1.10004,1.09958,1.09967,3120,58266
2023.12.22,06:00,1.09968,1.10001,1.09937,1.09937,2535,55731
2023.12.22,07:00,1.09938,1.10077,1.09937,1.10002,6071,61806
2023.12.22,08:00,1.10003,1.1012,1.09992,1.10073,8442,70248
2023.12.22,09:00,1.10072,1.10136,1.10025,1.10044,6802,63442
2023.12.22,10:00,1.10043,1.10211,1.10037,1.10192,5694,69140
2023.12.22,11:00,1.10192,1.10296,1.10171,1.10258,5816,74956
2023.12.22,12:00,1.10262,1.1038,1.1016,1.10186,6612,68340
2023.12.22,13:00,1.1019,1.10291,1.10017,1.10288,12267,80611
2023.12.22,14:00,1.10289,1.10402,1.10249,1.10359,10849,91460
2023.12.22,15:00,1.10359,1.10402,1.1009,1.10114,9776,81680
2023.12.22,16:00,1.10114,1.10239,1.10063,1.10074,9107,72573
2023.12.22,17:00,1.10073,1.10165,1.10001,1.10157,6658,79235
2023.12.22,18:00,1.10158,1.10192,1.1011,1.10131,5025,74206
2023.12.22,19:00,1.10132,1.10156,1.10023,1.10156,5292,79502
2023.12.22,20:00,1.10156,1.10158,1.10078,1.10124,3620,75878
2023.12.22,21:00,1.10117,1.10138,1.10101,1.10137,1995,77877
2023.12.25,22:00,1.10138,1.10178,1.10082,1.10108,164,77709
2023.12.25,23:00,1.10116,1.10229,1.10116,1.10189,1245,78958
2023.12.26,00:00,1.10188,1.10202,1.10158,1.10193,1548,80506
2023.12.26,01:00,1.10194,1.10227,1.10177,1.10223,2416,82922
2023.12.26,02:00,1.10223,1.10267,1.10197,1.1026,2061,84983
2023.12.26,03:00,1.10261,1.1029,1.10255,1.10278,1552,86535
2023.12.26,04:00,1.10275,1.10279,1.10224,1.10226,1133,85398
2023.12.26,05:00,1.10225,1.10272,1.1021,1.10265,1829,87231
2023.12.26,06:00,1.10266,1.10266,1.1022,1.10237,1579,85648
2023.12.26,07:00,1.10238,1.10255,1.10211,1.10224,2282,83366
2023.12.26,08:00,1.10226,1.10265,1.10138,1.10149,2987,80379
2023.12.26,09:00,1.10148,1.10151,1.10096,1.10143,2580,77799
2023.12.26,10:00,1.10143,1.10196,1.10139,1.10164,2069,79872
2023.12.26,11:00,1.10163,1.10169,1.1011,1.10137,2502,77366
2023.12.26,12:00,1.10138,1.10173,1.10086,1.10129,3219,74147
2023.12.26,13:00,1.10129,1.10245,1.1012,1.10177,5200,79351
2023.12.26,14:00,1.10176,1.10273,1.1014,1.10264,5968,85319
2023.12.26,15:00,1.10265,1.10326,1.10234,1.10249,5913,79402
2023.12.26,16:00,1.10249,1.10377,1.10242,1.10346,3586,82992
2023.12.26,17:00,1.10345,1.10372,1.10301,1.10351,3498,86490
2023.12.26,18:00,1.10352,1.10398,1.10341,1.10366,3888,90378
2023.12.26,19:00,1.10367,1.10449,1.10365,1.10445,2700,93078
2023.12.26,20:00,1.10445,1.1045,1.10403,1.10423,3660,89414
2023.12.26,21:00,1.10424,1.10435,1.10406,1.10423,2187,87227
2023.12.26,22:00,1.10416,1.10421,1.10397,1.10399,369,86862
2023.12.26,23:00,1.10415,1.10442,1.10409,1.10423,855,87717
2023.12.27,00:00,1.10425,1.10425,1.10357,1.10367,2286,85427
2023.12.27,01:00,1.10366,1.10375,1.1032,1.10363,3258,82169
2023.12.27,02:00,1.10365,1.10367,1.10295,1.10309,2686,79483
2023.12.27,03:00,1.10309,1.10366,1.10286,1.10365,2153,81640
2023.12.27,04:00,1.10366,1.10422,1.10365,1.10418,1393,83033
2023.12.27,05:00,1.10417,1.1044,1.1037,1.10435,1608,84641
2023.12.27,06:00,1.10435,1.10452,1.10404,1.10444,2388,87029
2023.12.27,07:00,1.10439,1.10492,1.10366,1.10412,4450,82575
2023.12.27,08:00,1.10412,1.10546,1.1038,1.1047,6239,88818
2023.12.27,09:00,1.1047,1.10549,1.10464,1.10545,4809,93627
2023.12.27,10:00,1.10546,1.10593,1.1052,1.10561,3634,97261
2023.12.27,11:00,1.10562,1.10597,1.10501,1.1059,3702,100963
2023.12.27,12:00,1.1059,1.107,1.10486,1.10683,4906,105869
2023.12.27,13:00,1.10683,1.10739,1.10621,1.10705,6339,112208
2023.12.27,14:00,1.10708,1.11052,1.10688,1.11044,8250,120458
2023.12.27,15:00,1.11044,1.11156,1.10991,1.11072,9831,130289
2023.12.27,16:00,1.11073,1.11228,1.11026,1.11126,8171,138460
2023.12.27,17:00,1.11126,1.11129,1.11036,1.11053,4770,133686
2023.12.27,18:00,1.11052,1.11091,1.11016,1.11078,5439,139129
2023.12.27,19:00,1.11077,1.11141,1.10989,1.11016,4864,134261
2023.12.27,20:00,1.11017,1.11077,1.11011,1.11064,3733,137998
2023.12.27,21:00,1.11059,1.11076,1.11025,1.11061,1906,139900
2023.12.27,22:00,1.11028,1.11061,1.10985,1.11048,568,139332
2023.12.27,23:00,1.11046,1.11099,1.11046,1.11082,1394,140730
2023.12.28,00:00,1.11083,1.1117,1.11081,1.11146,2453,143183
2023.12.28,01:00,1.11146,1.1122,1.11133,1.11219,2986,146169
2023.12.28,02:00,1.11219,1.11226,1.11097,1.11178,3065,143100
2023.12.28,03:00,1.11179,1.11208,1.11144,1.11185,2428,140672
2023.12.28,04:00,1.11184,1.11185,1.11102,1.11103,2187,138485
2023.12.28,05:00,1.11103,1.11177,1.11085,1.11092,2981,135504
2023.12.28,06:00,1.11091,1.1115,1.11048,1.11131,3296,138804
2023.12.28,07:00,1.11134,1.11257,1.11133,1.11167,5679,144483
2023.12.28,08:00,1.11169,1.11218,1.11044,1.11211,8010,152493
2023.12.28,09:00,1.11213,1.11394,1.11141,1.11292,6673,159166
2023.12.28,10:00,1.11292,1.11322,1.11227,1.11277,5705,153457
2023.12.28,11:00,1.11277,1.11324,1.11144,1.112,4935,148522
2023.12.28,12:00,1.112,1.11204,1.1111,1.11126,5163,143359
2023.12.28,13:00,1.11125,1.112,1.10724,1.10733,9234,134125
2023.12.28,14:00,1.10733,1.11049,1.10723,1.11029,9815,143944
2023.12.28,15:00,1.11029,1.11134,1.11001,1.11069,10256,154200
2023.12.28,16:00,1.11068,1.1107,1.10691,1.10719,7735,146461
2023.12.28,17:00,1.10721,1.10765,1.1066,1.10738,5036,151501
2023.12.28,18:00,1.10738,1.1074,1.10552,1.10641,5871,145626
2023.12.28,19:00,1.10641,1.10661,1.10577,1.10646,4173,141453
2023.12.28,20:00,1.10644,1.10706,1.1063,1.10654,4315,137138
2023.12.28,21:00,1.10654,1.10658,1.10599,1.10625,2066,135072
2023.12.28,22:00,1.10603,1.10646,1.10588,1.10615,881,134195
2023.12.28,23:00,1.1063,1.10677,1.10611,1.10676,2291,136486
2023.12.29,00:00,1.10678,1.1079,1.10664,1.10763,3256,139742
2023.12.29,01:00,1.10762,1.10842,1.10751,1.10789,3785,143527
2023.12.29,02:00,1.10789,1.10793,1.10708,1.10716,2319,141204
2023.12.29,03:00,1.10715,1.10727,1.10638,1.10652,1922,139282
2023.12.29,04:00,1.10652,1.10688,1.10638,1.10666,1775,141061
2023.12.29,05:00,1.10665,1.1067,1.1061,1.10662,2527,143588
2023.12.29,06:00,1.10662,1.10747,1.10656,1.10734,2944,146532
2023.12.29,07:00,1.10735,1.10761,1.10639,1.10659,4026,142502
2023.12.29,08:00,1.10659,1.10776,1.10582,1.10606,5649,136853
2023.12.29,09:00,1.10606,1.10613,1.10443,1.10492,6616,130237
2023.12.29,10:00,1.10489,1.10673,1.10474,1.10649,5723,135964
2023.12.29,11:00,1.10649,1.10769,1.10614,1.10762,4973,140937
2023.12.29,12:00,1.10763,1.10806,1.1048,1.10517,6042,134891
2023.12.29,13:00,1.10517,1.10587,1.10466,1.10487,8125,126766
2023.12.29,14:00,1.10488,1.10703,1.1047,1.10689,8461,135231
2023.12.29,15:00,1.10688,1.10787,1.10426,1.1047,11778,123449
2023.12.29,16:00,1.10473,1.10613,1.10434,1.10607,10070,133523
2023.12.29,17:00,1.1061,1.10668,1.10529,1.1064,6255,139778
2023.12.29,18:00,1.10639,1.1064,1.10492,1.1053,7284,132490
2023.12.29,19:00,1.10533,1.10539,1.1038,1.10406,3995,128495
2023.12.29,20:00,1.1041,1.10509,1.10384,1.1041,3414,125081
2023.12.29,21:00,1.10411,1.10411,1.10342,1.10372,1946,123139
2024.01.01,22:00,1.10426,1.10443,1.10416,1.10434,307,123446
2024.01.01,23:00,1.10431,1.10444,1.10356,1.10365,1679,121763
2024.01.02,00:00,1.10367,1.10384,1.10343,1.10382,1848,123615
2024.01.02,01:00,1.10383,1.10434,1.10342,1.10349,3777,119834
2024.01.02,02:00,1.1035,1.1036,1.10183,1.1019,3566,116268
2024.01.02,03:00,1.10188,1.10249,1.10176,1.10246,2484,118756
2024.01.02,04:00,1.10246,1.1025,1.10166,1.10209,1748,117004
2024.01.02,05:00,1.1021,1.10338,1.10208,1.10335,2699,119707
2024.01.02,06:00,1.10336,1.10351,1.10268,1.10288,2507,117196
2024.01.02,07:00,1.10287,1.1038,1.10152,1.10156,6990,110206
2024.01.02,08:00,1.10161,1.10389,1.10161,1.10298,8680,118890
2024.01.02,09:00,1.10298,1.10379,1.10107,1.10152,6585,112301
2024.01.02,10:00,1.10151,1.10169,1.09971,1.10075,6809,105492
2024.01.02,11:00,1.10072,1.10076,1.09666,1.09689,8638,96854
2024.01.02,12:00,1.09692,1.09719,1.09538,1.09539,6923,89931
2024.01.02,13:00,1.09538,1.09651,1.09495,1.09528,9329,80602
2024.01.02,14:00,1.09527,1.09641,1.09448,1.0963,11779,92385
2024.01.02,15:00,1.09632,1.09683,1.0941,1.09435,13256,79125
2024.01.02,16:00,1.09438,1.09617,1.09409,1.09565,7997,87126
2024.01.02,17:00,1.09566,1.09576,1.09458,1.09506,5482,81640
2024.01.02,18:00,1.09505,1.0956,1.09463,1.09468,4634,77006
2024.01.02,19:00,1.09467,1.09502,1.09428,1.09466,3544,73462
2024.01.02,20:00,1.09465,1.09512,1.09422,1.09431,4097,69365
2024.01.02,21:00,1.0943,1.09433,1.09383,1.09412,2531,66838
2024.01.02,22:00,1.09425,1.09431,1.09381,1.09407,1570,65264
2024.01.02,23:00,1.0941,1.09439,1.09405,1.09415,1428,63836
2024.01.03,00:00,1.09416,1.09507,1.09412,1.09495,2002,65842
2024.01.03,01:00,1.09494,1.09548,1.09448,1.09515,3047,68889
2024.01.03,02:00,1.09514,1.09532,1.09486,1.09522,2247,71136
2024.01.03,03:00,1.0952,1.09622,1.09487,1.09609,2294,73430
2024.01.03,04:00,1.09606,1.09624,1.09588,1.09623,1607,75037
2024.01.03,05:00,1.09624,1.09628,1.09512,1.09513,2469,72564
2024.01.03,06:00,1.09513,1.09608,1.09511,1.09588,2344,74912
2024.01.03,07:00,1.09586,1.09627,1.09516,1.09605,5620,80532
2024.01.03,08:00,1.09605,1.09655,1.09503,1.09527,8936,71592
2024.01.03,09:00,1.09526,1.09564,1.09348,1.09364,7547,64045
2024.01.03,10:00,1.09362,1.09391,1.09262,1.09279,5961,58084
2024.01.03,11:00,1.0928,1.09297,1.09154,1.09196,6663,51421
2024.01.03,12:00,1.09194,1.09322,1.09146,1.09167,6534,44887
2024.01.03,13:00,1.09167,1.09301,1.09101,1.09216,10539,55430
2024.01.03,14:00,1.09217,1.09265,1.09099,1.09184,11286,44140
2024.01.03,15:00,1.09129,1.09387,1.0898,1.09047,16593,27547
2024.01.03,16:00,1.09047,1.09182,1.09027,1.09082,9623,37174
2024.01.03,17:00,1.09084,1.09102,1.09033,1.09066,6310,30860
2024.01.03,18:00,1.09065,1.09149,1.09026,1.09057,5940,24920
2024.01.03,19:00,1.09065,1.09257,1.08929,1.09175,13473,38397
2024.01.03,20:00,1.09177,1.09233,1.0915,1.09212,8275,46672
2024.01.03,21:00,1.09213,1.09235,1.09187,1.09219,2222,48890
2024.01.03,22:00,1.09205,1.09215,1.0914,1.09207,1142,47752
2024.01.03,23:00,1.09219,1.09275,1.09218,1.0926,1864,49616
2024.01.04,00:00,1.09261,1.09266,1.09195,1.09225,2648,46964
2024.01.04,01:00,1.09224,1.09241,1.09163,1.09179,3592,43372
2024.01.04,02:00,1.09179,1.09201,1.09159,1.09194,2343,45719
2024.01.04,03:00,1.09194,1.09306,1.09194,1.09262,2698,48417
2024.01.04,04:00,1.09262,1.09287,1.09247,1.0926,2215,50632
2024.01.04,05:00,1.0926,1.09269,1.09219,1.09266,3385,54017
2024.01.04,06:00,1.09265,1.09345,1.09209,1.09324,4378,58395
2024.01.04,07:00,1.09323,1.09437,1.09296,1.09376,7078,65473
2024.01.04,08:00,1.09375,1.0956,1.09347,1.09532,9516,74989
2024.01.04,09:00,1.09532,1.09691,1.09452,1.09675,8787,83776
2024.01.04,10:00,1.09676,1.09721,1.09544,1.09555,6820,76952
2024.01.04,11:00,1.09554,1.09579,1.09461,1.09479,5174,71778
2024.01.04,12:00,1.09479,1.09559,1.09468,1.09523,5647,77429
2024.01.04,13:00,1.09526,1.09553,1.09327,1.09471,11079,66346
2024.01.04,14:00,1.09472,1.09506,1.09382,1.09454,11099,55247
2024.01.04,15:00,1.09454,1.09653,1.09453,1.09552,11524,66775
2024.01.04,16:00,1.09553,1.09638,1.09542,1.09561,8409,75184
2024.01.04,17:00,1.09562,1.09599,1.09418,1.09505,5950,69230
2024.01.04,18:00,1.09504,1.09544,1.0946,1.0947,4813,64417
2024.01.04,19:00,1.09473,1.09498,1.09434,1.0947,3579,60838
2024.01.04,20:00,1.09469,1.09493,1.09431,1.09492,4071,64913
2024.01.04,21:00,1.09492,1.095,1.09447,1.09456,1764,63145
2024.01.04,22:00,1.09422,1.09491,1.09419,1.09468,2428,65577
2024.01.04,23:00,1.09468,1.0949,1.09434,1.09464,1006,66583
2024.01.05,00:00,1.09464,1.09515,1.09444,1.0951,2821,69404
2024.01.05,01:00,1.09509,1.0956,1.09501,1.09515,3951,73355
2024.01.05,02:00,1.09514,1.09542,1.09466,1.09469,2669,70682
2024.01.05,03:00,1.09469,1.09473,1.09391,1.09393,2384,68298
2024.01.05,04:00,1.09393,1.09413,1.09364,1.09372,2065,66233
2024.01.05,05:00,1.09373,1.0938,1.09342,1.09374,2892,63341
2024.01.05,06:00,1.09374,1.09374,1.09247,1.09277,4107,59234
2024.01.05,07:00,1.09277,1.09334,1.09225,1.09233,4977,54257
2024.01.05,08:00,1.09232,1.09258,1.09034,1.09078,7210,47047
2024.01.05,09:00,1.09077,1.09306,1.09028,1.09126,7271,54322
2024.01.05,10:00,1.09129,1.09138,1.09037,1.09127,5535,59857
2024.01.05,11:00,1.09128,1.09175,1.091,1.09142,4872,64729
2024.01.05,12:00,1.09143,1.09209,1.09137,1.09176,4948,69677
2024.01.05,13:00,1.09177,1.09278,1.08766,1.0921,16149,85826
2024.01.05,14:00,1.09212,1.09548,1.09212,1.09494,16153,101979
2024.01.05,15:00,1.09495,1.09984,1.09495,1.09782,19142,121121
2024.01.05,16:00,1.09781,1.09805,1.0953,1.0956,11635,109482
2024.01.05,17:00,1.09559,1.0956,1.09431,1.09463,9149,100333
2024.01.05,18:00,1.09463,1.09561,1.09353,1.09541,7090,107427
2024.01.05,19:00,1.0954,1.09597,1.0943,1.09453,6459,100964
2024.01.05,20:00,1.09452,1.09471,1.09356,1.09392,5058,95906
2024.01.05,21:00,1.09393,1.09415,1.0937,1.09415,1937,97847
2024.01.07,22:00,1.09431,1.09454,1.09406,1.09437,975,98822
2024.01.07,23:00,1.09454,1.0946,1.09348,1.09416,1639,97179
2024.01.08,00:00,1.09416,1.09493,1.09402,1.09486,1843,99026
2024.01.08,01:00,1.09484,1.09532,1.09469,1.09481,3071,102097
2024.01.08,02:00,1.0948,1.0948,1.09359,1.09371,2620,99473
2024.01.08,03:00,1.0937,1.09392,1.09314,1.0933,2399,97074
2024.01.08,04:00,1.09329,1.09371,1.09306,1.09339,2152,94922
2024.01.08,05:00,1.0934,1.09375,1.09321,1.09375,2421,97347
2024.01.08,06:00,1.09374,1.09467,1.09363,1.09458,2806,100153
2024.01.08,07:00,1.09461,1.09523,1.09394,1.09453,6320,106473
2024.01.08,08:00,1.09453,1.09453,1.09294,1.09336,8645,97824
2024.01.08,09:00,1.09336,1.09423,1.09226,1.09371,7346,105174
2024.01.08,10:00,1.09385,1.09435,1.09344,1.09425,6560,111734
2024.01.08,11:00,1.09425,1.09506,1.09369,1.0938,5839,105891
2024.01.08,12:00,1.09379,1.09482,1.09372,1.09446,5859,111754
2024.01.08,13:00,1.09447,1.09562,1.09427,1.09508,9091,120845
2024.01.08,14:00,1.09508,1.09626,1.09493,1.09603,11243,132088
2024.01.08,15:00,1.09602,1.09746,1.09554,1.09698,9626,141714
2024.01.08,16:00,1.09698,1.09788,1.09683,1.09755,8332,150046
2024.01.08,17:00,1.09754,1.09788,1.09625,1.09646,4689,145353
2024.01.08,18:00,1.09645,1.09658,1.09489,1.09555,3775,141578
2024.01.08,19:00,1.09554,1.09628,1.0953,1.0961,3986,145568
2024.01.08,20:00,1.09611,1.09611,1.09494,1.09547,4863,140701
2024.01.08,21:00,1.09546,1.09564,1.09497,1.09503,2483,138218
2024.01.08,22:00,1.09497,1.09546,1.09483,1.09497,2254,135964
2024.01.08,23:00,1.09493,1.09528,1.09492,1.09498,1160,134804
2024.01.09,00:00,1.09499,1.09594,1.09494,1.09552,3366,138174
2024.01.09,01:00,1.09551,1.09618,1.09514,1.09615,3832,142006
2024.01.09,02:00,1.09616,1.09648,1.09606,1.09629,3109,145115
2024.01.09,03:00,1.09631,1.09663,1.09608,1.09628,2225,147340
2024.01.09,04:00,1.09628,1.09631,1.09535,1.09562,1939,145397
2024.01.09,05:00,1.09561,1.09563,1.0948,1.09497,2251,143146
2024.01.09,06:00,1.09497,1.09549,1.0948,1.09502,3374,139772
2024.01.09,07:00,1.09503,1.09629,1.09461,1.09566,5711,145487
2024.01.09,08:00,1.09565,1.09566,1.09389,1.09498,7728,137755
2024.01.09,09:00,1.09499,1.09506,1.09379,1.09441,6827,130928
2024.01.09,10:00,1.0944,1.09481,1.09325,1.09356,6335,124593
2024.01.09,11:00,1.09357,1.09359,1.09287,1.09313,5331,119262
2024.01.09,12:00,1.09313,1.09415,1.09288,1.09405,6206,125472
2024.01.09,13:00,1.09407,1.09469,1.09329,1.09459,10248,135720
2024.01.09,14:00,1.09459,1.09512,1.0938,1.09455,11086,146806
2024.01.09,15:00,1.09462,1.09468,1.09176,1.09179,11079,135723
2024.01.09,16:00,1.09178,1.09351,1.09103,1.09342,8102,143829
2024.01.09,17:00,1.09343,1.09392,1.09301,1.09341,6033,149862
2024.01.09,18:00,1.0934,1.09399,1.09223,1.09242,6287,143571
2024.01.09,19:00,1.09241,1.09287,1.092,1.09253,5046,148621
2024.01.09,20:00,1.09254,1.09297,1.09249,1.0928,4951,153572
2024.01.09,21:00,1.09281,1.09313,1.09277,1.09311,1824,155392
2024.01.09,22:00,1.09286,1.09294,1.09251,1.0928,1282,154110
2024.01.09,23:00,1.09279,1.0933,1.09279,1.09319,846,154960
2024.01.10,00:00,1.09317,1.09363,1.0929,1.09308,3049,151907
2024.01.10,01:00,1.09307,1.09334,1.0926,1.09322,4191,156102
2024.01.10,02:00,1.09323,1.09358,1.09316,1.09337,2914,159016
2024.01.10,03:00,1.09336,1.0936,1.09278,1.09292,2866,156146
2024.01.10,04:00,1.09289,1.0933,1.09288,1.09321,2013,158163
2024.01.10,05:00,1.09321,1.09341,1.09304,1.09323,2155,160318
2024.01.10,06:00,1.09322,1.09334,1.09234,1.09246,3832,156482
2024.01.10,07:00,1.09251,1.09453,1.09246,1.09261,7215,163701
2024.01.10,08:00,1.09262,1.09448,1.09228,1.09434,8490,172191
2024.01.10,09:00,1.09432,1.09519,1.09415,1.09472,6180,178371
2024.01.10,10:00,1.0947,1.09548,1.0945,1.09492,5333,183704
2024.01.10,11:00,1.09492,1.09553,1.09416,1.0946,4650,179050
2024.01.10,12:00,1.09459,1.09505,1.09432,1.09438,5121,173929
2024.01.10,13:00,1.09439,1.09519,1.09406,1.09406,7528,166401
2024.01.10,14:00,1.09405,1.09416,1.09319,1.094,7791,158610
2024.01.10,15:00,1.094,1.09692,1.09356,1.09673,9282,167896
2024.01.10,16:00,1.09675,1.0969,1.09524,1.09591,6649,161243
2024.01.10,17:00,1.09595,1.09681,1.09582,1.09671,4448,165695
2024.01.10,18:00,1.0967,1.09698,1.09594,1.09695,4845,170540
2024.01.10,19:00,1.09696,1.09708,1.09668,1.09703,4038,174578
2024.01.10,20:00,1.09703,1.09728,1.09615,1.09656,6321,168253
2024.01.10,21:00,1.09654,1.09731,1.09649,1.09722,2050,170303
2024.01.10,22:00,1.09686,1.09724,1.09686,1.09718,1161,171468
2024.01.10,23:00,1.09712,1.09748,1.09711,1.09741,1037,172505
2024.01.11,00:00,1.09742,1.09789,1.09729,1.09779,2930,175435
2024.01.11,01:00,1.0978,1.09801,1.09751,1.0979,3547,178982
2024.01.11,02:00,1.09789,1.09848,1.09771,1.09781,3238,182220
2024.01.11,03:00,1.09781,1.09811,1.09771,1.09803,2302,184522
2024.01.11,04:00,1.09803,1.09827,1.09775,1.09778,1959,182559
2024.01.11,05:00,1.09778,1.09815,1.09756,1.09783,2634,179925
2024.01.11,06:00,1.09783,1.09885,1.09745,1.09858,3309,183238
2024.01.11,07:00,1.09857,1.09868,1.09774,1.09788,4479,178755
2024.01.11,08:00,1.09789,1.09815,1.09718,1.0975,6834,171921
2024.01.11,09:00,1.09747,1.09752,1.09588,1.09638,6646,165275
2024.01.11,10:00,1.09637,1.09697,1.09587,1.09689,5828,171107
2024.01.11,11:00,1.09691,1.09826,1.09676,1.09787,5579,176686
2024.01.11,12:00,1.09789,1.09905,1.09762,1.09838,5557,182243
2024.01.11,13:00,1.09838,1.09992,1.09355,1.09394,17020,165219
2024.01.11,14:00,1.09399,1.09735,1.09315,1.09542,18591,183814
2024.01.11,15:00,1.09541,1.09628,1.09302,1.09464,16853,166957
2024.01.11,16:00,1.09464,1.09572,1.09366,1.09423,13120,153837
2024.01.11,17:00,1.09424,1.09544,1.09415,1.09508,9941,163782
2024.01.11,18:00,1.09507,1.09661,1.09499,1.09649,7925,171707
2024.01.11,19:00,1.09649,1.0983,1.09649,1.0982,7868,179575
2024.01.11,20:00,1.09821,1.09825,1.09562,1.09714,7657,171914
2024.01.11,21:00,1.09711,1.09752,1.09702,1.09735,2782,174696
2024.01.11,22:00,1.0971,1.09742,1.09705,1.0972,1600,173096
2024.01.11,23:00,1.09724,1.09827,1.09698,1.09825,2256,175356
2024.01.12,00:00,1.09825,1.09848,1.09741,1.09757,3710,171642
2024.01.12,01:00,1.09756,1.09843,1.09726,1.09827,4239,175885
2024.01.12,02:00,1.09827,1.09854,1.09781,1.09796,3472,172409
2024.01.12,03:00,1.09796,1.09828,1.09772,1.09778,2000,170409
2024.01.12,04:00,1.09777,1.09778,1.09733,1.09757,2167,168242
2024.01.12,05:00,1.09758,1.09803,1.09736,1.09755,2754,165488
2024.01.12,06:00,1.09758,1.09787,1.0973,1.09751,2555,162933
2024.01.12,07:00,1.09756,1.09776,1.09609,1.09667,5991,156942
2024.01.12,08:00,1.09658,1.09828,1.0965,1.09751,7918,164864
2024.01.12,09:00,1.09751,1.09799,1.0961,1.09624,6780,158080
2024.01.12,10:00,1.09625,1.09641,1.09568,1.096,5920,152160
2024.01.12,11:00,1.096,1.09621,1.09466,1.09496,6107,146053
2024.01.12,12:00,1.09493,1.09518,1.09371,1.09377,6246,139807
2024.01.12,13:00,1.09378,1.09695,1.0936,1.09553,14180,153991
2024.01.12,14:00,1.09551,1.09849,1.09528,1.09755,14280,168271
2024.01.12,15:00,1.09756,1.09869,1.09623,1.09665,13249,155018
2024.01.12,16:00,1.09664,1.09739,1.09582,1.09582,10150,144868
2024.01.12,17:00,1.0958,1.09587,1.09472,1.09496,7157,137711
2024.01.12,18:00,1.09497,1.09597,1.09492,1.09595,4819,142534
2024.01.12,19:00,1.09593,1.09634,1.09538,1.09559,4441,138089
2024.01.12,20:00,1.09559,1.09565,1.09505,1.09513,3995,134094
2024.01.12,21:00,1.09515,1.09527,1.09483,1.09497,2638,131456
2024.01.14,22:00,1.09455,1.09503,1.09431,1.09481,1590,129866
2024.01.14,23:00,1.09475,1.0949,1.09441,1.0945,1536,128330
2024.01.15,00:00,1.0945,1.0954,1.09408,1.09534,4071,132405
2024.01.15,01:00,1.09533,1.09561,1.09494,1.09547,3795,136200
2024.01.15,02:00,1.0955,1.09655,1.09549,1.09649,2899,139099
2024.01.15,03:00,1.09649,1.09676,1.09635,1.09642,2355,141454
2024.01.15,04:00,1.09643,1.09645,1.09586,1.09629,1778,139672
2024.01.15,05:00,1.09629,1.0966,1.09607,1.09639,2037,137635
2024.01.15,06:00,1.0964,1.09665,1.09625,1.09639,2509,135126
2024.01.15,07:00,1.09636,1.09662,1.09515,1.09534,6042,129084
2024.01.15,08:00,1.09539,1.09651,1.09539,1.0958,7250,136338
2024.01.15,09:00,1.0958,1.09588,1.0943,1.09468,6236,130098
2024.01.15,10:00,1.09467,1.09468,1.09335,1.09401,6130,123968
2024.01.15,11:00,1.094,1.0949,1.09399,1.09454,4807,128779
2024.01.15,12:00,1.09454,1.0959,1.09438,1.09538,6130,134909
2024.01.15,13:00,1.09537,1.09541,1.09443,1.09506,6622,128283
2024.01.15,14:00,1.09506,1.0952,1.09387,1.09434,5898,122385
2024.01.15,15:00,1.09435,1.0951,1.09381,1.09497,6047,128436
2024.01.15,16:00,1.09498,1.09524,1.09466,1.09473,3905,124527
2024.01.15,17:00,1.09473,1.09525,1.09463,1.09481,1855,122672
2024.01.15,18:00,1.09482,1.09529,1.09477,1.09529,506,123182
2024.01.15,19:00,1.09528,1.09536,1.09499,1.09506,832,122346
2024.01.15,20:00,1.09506,1.09519,1.09489,1.09518,765,123115
2024.01.15,21:00,1.09517,1.09519,1.09499,1.09502,607,122504
2024.01.15,22:00,1.09465,1.09504,1.09465,1.09482,906,121598
2024.01.15,23:00,1.09491,1.0951,1.09448,1.0945,1637,119961
2024.01.16,00:00,1.09449,1.09461,1.09191,1.09196,4531,115430
2024.01.16,01:00,1.09197,1.09315,1.09154,1.09276,6581,122015
2024.01.16,02:00,1.09276,1.09277,1.09215,1.09238,3837,118174
2024.01.16,03:00,1.09238,1.09254,1.09162,1.09188,3293,114881
2024.01.16,04:00,1.09187,1.09201,1.09132,1.09175,2495,112386
2024.01.16,05:00,1.09176,1.09185,1.09125,1.09154,3166,109220
2024.01.16,06:00,1.0915,1.09216,1.09127,1.09172,3699,112923
2024.01.16,07:00,1.09179,1.09267,1.09086,1.09185,6981,119904
2024.01.16,08:00,1.09184,1.09233,1.08946,1.09047,11619,108281
2024.01.16,09:00,1.09042,1.09042,1.08839,1.08862,9150,99131
2024.01.16,10:00,1.08862,1.08894,1.08791,1.08812,6926,92205
2024.01.16,11:00,1.08813,1.08947,1.08738,1.08922,6965,99174
2024.01.16,12:00,1.08922,1.08933,1.08838,1.08862,6437,92733
2024.01.16,13:00,1.08862,1.08979,1.08716,1.08741,12990,79743
2024.01.16,14:00,1.08739,1.08892,1.08665,1.08724,13291,66452
2024.01.16,15:00,1.08725,1.08883,1.08656,1.08857,10586,77042
2024.01.16,16:00,1.08857,1.08946,1.08621,1.0881,16504,60534
2024.01.16,17:00,1.08811,1.08828,1.08629,1.08631,9120,51414
2024.01.16,18:00,1.08631,1.08771,1.08629,1.087,6390,57808
2024.01.16,19:00,1.08699,1.08748,1.08678,1.08737,4650,62458
2024.01.16,20:00,1.08739,1.08757,1.08701,1.08713,4477,57977
2024.01.16,21:00,1.08715,1.08775,1.08714,1.08752,1960,59937
2024.01.16,22:00,1.0872,1.08769,1.08694,1.08746,2226,62167
2024.01.16,23:00,1.08747,1.08786,1.0874,1.08785,978,63145
2024.01.17,00:00,1.08785,1.08788,1.08724,1.08778,3059,66204
2024.01.17,01:00,1.08777,1.08823,1.08733,1.08771,4485,70689
2024.01.17,02:00,1.08772,1.08844,1.0874,1.08749,3240,67445
2024.01.17,03:00,1.08749,1.08749,1.08651,1.08663,3134,64311
2024.01.17,04:00,1.08663,1.08712,1.08648,1.0871,2360,66675
2024.01.17,05:00,1.0871,1.08722,1.08608,1.08648,3966,62705
2024.01.17,06:00,1.0865,1.0865,1.08553,1.08622,4615,58090
2024.01.17,07:00,1.08622,1.08737,1.08586,1.087,9160,67254
2024.01.17,08:00,1.087,1.08816,1.08662,1.08667,9324,57926
2024.01.17,09:00,1.08667,1.08787,1.08609,1.08762,7933,65863
2024.01.17,10:00,1.08761,1.08838,1.08671,1.08718,7553,58306
2024.01.17,11:00,1.08721,1.08831,1.08698,1.08786,6063,64373
2024.01.17,12:00,1.08785,1.08812,1.08693,1.08743,5776,58593
2024.01.17,13:00,1.08744,1.08787,1.08513,1.08639,12565,46028
2024.01.17,14:00,1.08639,1.08703,1.08479,1.08489,11928,34100
2024.01.17,15:00,1.08497,1.08709,1.08446,1.08492,12918,21182
2024.01.17,16:00,1.08491,1.08647,1.08476,1.08573,9009,30195
2024.01.17,17:00,1.08577,1.08701,1.08568,1.08669,6559,36754
2024.01.17,18:00,1.08671,1.08674,1.08565,1.08659,6474,43228
2024.01.17,19:00,1.08659,1.08788,1.08659,1.08738,5619,48847
2024.01.17,20:00,1.08739,1.0882,1.08702,1.08808,4843,53690
2024.01.17,21:00,1.08809,1.08827,1.08808,1.08815,1899,55589
2024.01.17,22:00,1.08813,1.08833,1.0879,1.08814,1382,56971
2024.01.17,23:00,1.08825,1.08858,1.08809,1.08858,1425,58396
2024.01.18,00:00,1.08862,1.08942,1.08801,1.08939,3928,62324
2024.01.18,01:00,1.0894,1.09008,1.08923,1.0896,5884,68208
2024.01.18,02:00,1.08961,1.0903,1.08931,1.08934,3646,64558
2024.01.18,03:00,1.08934,1.08981,1.08905,1.08956,3488,68050
2024.01.18,04:00,1.08955,1.08964,1.08911,1.08941,2189,65857
2024.01.18,05:00,1.08942,1.08962,1.08904,1.0895,3055,62802
2024.01.18,06:00,1.08949,1.09068,1.08948,1.09039,4590,67396
2024.01.18,07:00,1.09039,1.09065,1.08863,1.08881,5460,61932
2024.01.18,08:00,1.08878,1.0889,1.08775,1.08799,7436,54496
2024.01.18,09:00,1.08797,1.08994,1.08766,1.08847,7292,61792
2024.01.18,10:00,1.08846,1.0896,1.08829,1.08949,5830,67622
2024.01.18,11:00,1.08949,1.08953,1.08847,1.08891,5561,62057
2024.01.18,12:00,1.08892,1.0894,1.08745,1.08775,6194,55863
2024.01.18,13:00,1.08774,1.08776,1.08507,1.08526,12645,43218
2024.01.18,14:00,1.08525,1.0869,1.08494,1.08594,14279,57501
2024.01.18,15:00,1.08595,1.0868,1.08467,1.08523,13290,44207
2024.01.18,16:00,1.08522,1.087,1.08504,1.08618,8773,52984
2024.01.18,17:00,1.08619,1.08645,1.08502,1.08597,7529,45451
2024.01.18,18:00,1.08598,1.08659,1.08543,1.08639,6859,52314
2024.01.18,19:00,1.08638,1.08691,1.08601,1.08618,5819,46491
2024.01.18,20:00,1.08617,1.08694,1.08606,1.08692,4871,51366
2024.01.18,21:00,1.0869,1.08775,1.08684,1.08758,1917,53279
2024.01.18,22:00,1.08742,1.08764,1.08681,1.08728,2633,50650
2024.01.18,23:00,1.08742,1.08804,1.08742,1.088,1563,52213
2024.01.19,00:00,1.08801,1.08819,1.08778,1.08799,3042,55255
2024.01.19,01:00,1.08799,1.08873,1.08762,1.08857,4363,59618
2024.01.19,02:00,1.08854,1.08897,1.08825,1.08881,3598,63216
2024.01.19,03:00,1.08883,1.08893,1.08854,1.0889,2249,65465
2024.01.19,04:00,1.08889,1.08894,1.08853,1.08865,1122,64339
2024.01.19,05:00,1.08865,1.08871,1.08796,1.08809,2783,61556
2024.01.19,06:00,1.08806,1.08824,1.08754,1.08808,3249,58307
2024.01.19,07:00,1.08815,1.08864,1.08746,1.08794,6523,51784
2024.01.19,08:00,1.08795,1.08819,1.08681,1.08772,6711,45073
2024.01.19,09:00,1.0877,1.08849,1.08714,1.08829,6600,51677
2024.01.19,10:00,1.08828,1.08851,1.08731,1.0881,5544,46129
2024.01.19,11:00,1.0881,1.0893,1.08791,1.08874,4796,50929
2024.01.19,12:00,1.08874,1.0888,1.08801,1.08826,5003,45922
2024.01.19,13:00,1.08826,1.08895,1.08754,1.08806,8665,37257
2024.01.19,14:00,1.08806,1.08839,1.08656,1.08802,9904,27357
2024.01.19,15:00,1.08814,1.08898,1.08697,1.08825,13732,41089
2024.01.19,16:00,1.08827,1.08879,1.08808,1.08866,8675,49764
2024.01.19,17:00,1.08869,1.08934,1.088,1.08897,6573,56337
2024.01.19,18:00,1.08897,1.08963,1.08858,1.08921,4748,61085
2024.01.19,19:00,1.08921,1.08949,1.0888,1.08924,5511,66596
2024.01.19,20:00,1.08923,1.08959,1.089,1.08951,4197,70793
2024.01.19,21:00,1.08952,1.08977,1.0894,1.0897,2379,73168
2024.01.21,22:00,1.08915,1.08947,1.08856,1.08908,2559,70609
2024.01.21,23:00,1.0891,1.08976,1.08905,1.08921,1758,72371
2024.01.22,00:00,1.08918,1.09016,1.08913,1.09012,3249,75620
2024.01.22,01:00,1.09014,1.0905,1.08988,1.09018,4010,79630
2024.01.22,02:00,1.09019,1.09092,1.08997,1.09073,2973,82603
2024.01.22,03:00,1.09074,1.09078,1.09013,1.0902,2381,80218
2024.01.22,04:00,1.09022,1.09047,1.09008,1.0903,1885,78333
2024.01.22,05:00,1.0903,1.09046,1.08985,1.09016,2947,75386
2024.01.22,06:00,1.09015,1.09094,1.09013,1.09048,3885,79275
2024.01.22,07:00,1.09046,1.0908,1.08973,1.08977,5736,73535
2024.01.22,08:00,1.08975,1.09009,1.08873,1.08919,8319,65216
2024.01.22,09:00,1.08918,1.09023,1.08899,1.08969,5383,70603
2024.01.22,10:00,1.08968,1.0897,1.08857,1.08868,4709,65890
2024.01.22,11:00,1.08868,1.08904,1.08816,1.089,5153,71047
2024.01.22,12:00,1.08901,1.08996,1.08881,1.08926,5918,76965
2024.01.22,13:00,1.08923,1.08951,1.088,1.08916,8437,85402
2024.01.22,14:00,1.08917,1.08963,1.08853,1.08897,8513,76885
2024.01.22,15:00,1.08896,1.08982,1.08826,1.08854,8944,67941
2024.01.22,16:00,1.08853,1.08944,1.08818,1.08939,5609,73554
2024.01.22,17:00,1.0894,1.09,1.08908,1.08964,4553,78107
2024.01.22,18:00,1.08964,1.08964,1.08838,1.08902,5007,73096
2024.01.22,19:00,1.08901,1.08909,1.08803,1.08848,4575,68521
2024.01.22,20:00,1.08849,1.08855,1.08803,1.08842,4210,64311
2024.01.22,21:00,1.08841,1.0885,1.08816,1.08823,1884,62427
2024.01.22,22:00,1.08833,1.08844,1.08795,1.0882,1486,60941
2024.01.22,23:00,1.08819,1.08821,1.08769,1.08774,1460,59481
2024.01.23,00:00,1.08775,1.0884,1.08757,1.08832,2041,61526
2024.01.23,01:00,1.0883,1.08885,1.08766,1.08883,3079,64605
2024.01.23,02:00,1.08884,1.08939,1.08849,1.08873,4534,69139
2024.01.23,03:00,1.08875,1.0895,1.08853,1.08929,4708,73847
2024.01.23,04:00,1.08928,1.08988,1.08916,1.08985,2352,76199
2024.01.23,05:00,1.08986,1.09079,1.08968,1.09068,2774,78973
2024.01.23,06:00,1.09071,1.09141,1.09015,1.09139,5239,84212
2024.01.23,07:00,1.09137,1.09162,1.09037,1.09083,7398,76810
2024.01.23,08:00,1.09084,1.09106,1.08923,1.08951,6999,69811
2024.01.23,09:00,1.0895,1.08951,1.08837,1.08875,6216,63595
2024.01.23,10:00,1.08873,1.08884,1.08674,1.08694,5849,57746
2024.01.23,11:00,1.08697,1.08721,1.08601,1.08664,5783,51963
2024.01.23,12:00,1.08662,1.08733,1.08604,1.08638,5744,46219
2024.01.23,13:00,1.0864,1.08759,1.0864,1.0874,6934,53157
2024.01.23,14:00,1.08739,1.0874,1.08485,1.08529,9935,43218
2024.01.23,15:00,1.08527,1.08583,1.08216,1.08309,11167,32051
2024.01.23,16:00,1.08312,1.08396,1.08257,1.08281,8055,23996
2024.01.23,17:00,1.08282,1.08356,1.08245,1.08314,5606,29606
2024.01.23,18:00,1.08314,1.08394,1.08303,1.08371,5169,34775
2024.01.23,19:00,1.08371,1.08476,1.08358,1.08451,4133,38908
2024.01.23,20:00,1.08452,1.08502,1.08436,1.08497,3360,42268
2024.01.23,21:00,1.08497,1.0856,1.08482,1.08538,2239,44503
2024.01.23,22:00,1.08462,1.08548,1.08456,1.08533,1208,45715
2024.01.23,23:00,1.08531,1.08594,1.0853,1.08573,993,46708
2024.01.24,00:00,1.08575,1.08598,1.08553,1.0856,2485,44219
2024.01.24,01:00,1.0856,1.08595,1.08513,1.0858,4137,48360
2024.01.24,02:00,1.08581,1.08584,1.08533,1.0857,3075,51435
2024.01.24,03:00,1.08571,1.08614,1.08565,1.0859,2635,54070
2024.01.24,04:00,1.08592,1.08661,1.08584,1.08647,2122,56192
2024.01.24,05:00,1.08646,1.08646,1.08593,1.0862,2306,53882
2024.01.24,06:00,1.0862,1.08666,1.08606,1.08632,2997,56883
2024.01.24,07:00,1.0863,1.08795,1.08603,1.08734,6465,63348
2024.01.24,08:00,1.08733,1.08799,1.08626,1.08698,9246,54098
2024.01.24,09:00,1.08707,1.09076,1.08695,1.09027,8799,62901
2024.01.24,10:00,1.09028,1.09048,1.08933,1.08976,6391,56506
2024.01.24,11:00,1.08976,1.09015,1.08907,1.08926,5490,51016
2024.01.24,12:00,1.08926,1.08993,1.08874,1.08947,5997,57017
2024.01.24,13:00,1.08946,1.09271,1.08935,1.0925,9813,66830
2024.01.24,14:00,1.09249,1.09324,1.09014,1.09032,12687,54139
2024.01.24,15:00,1.09033,1.09075,1.08932,1.09009,13607,40532
2024.01.24,16:00,1.09008,1.09052,1.08905,1.09005,10433,30099
2024.01.24,17:00,1.09002,1.09086,1.08953,1.09051,6227,36330
2024.01.24,18:00,1.09052,1.09059,1.08902,1.08927,7859,28467
2024.01.24,19:00,1.08926,1.08932,1.08813,1.08884,5901,22566
2024.01.24,20:00,1.08884,1.08905,1.08791,1.08799,5323,17243
2024.01.24,21:00,1.08797,1.08852,1.08775,1.08846,2249,19496
2024.01.24,22:00,1.08837,1.08863,1.08812,1.08848,1321,20817
2024.01.24,23:00,1.08846,1.08865,1.08809,1.0881,1241,19572
2024.01.25,00:00,1.08812,1.08812,1.08721,1.08742,3413,16159
2024.01.25,01:00,1.08742,1.08787,1.08703,1.08776,4481,20644
2024.01.25,02:00,1.08776,1.088,1.0875,1.08773,3510,24154
2024.01.25,03:00,1.08772,1.08819,1.08772,1.08779,2581,26735
2024.01.25,04:00,1.08775,1.08814,1.08745,1.08757,2050,24681
2024.01.25,05:00,1.08756,1.08789,1.08748,1.08783,2144,26829
2024.01.25,06:00,1.08783,1.08866,1.08756,1.08862,3062,29891
2024.01.25,07:00,1.08862,1.08913,1.08841,1.08879,4679,34570
2024.01.25,08:00,1.08878,1.08996,1.0883,1.08988,7570,42140
2024.01.25,09:00,1.08992,1.08997,1.08916,1.08958,6496,35640
2024.01.25,10:00,1.08959,1.08987,1.08918,1.08929,5513,30127
2024.01.25,11:00,1.0893,1.08953,1.08866,1.08948,4563,34694
2024.01.25,12:00,1.08951,1.08958,1.08857,1.08881,4967,29723
2024.01.25,13:00,1.08883,1.09016,1.08668,1.08788,15642,14081
2024.01.25,14:00,1.0879,1.0879,1.0853,1.08604,17102,-3021
2024.01.25,15:00,1.08602,1.08613,1.08292,1.08317,13502,-16523
2024.01.25,16:00,1.08315,1.08397,1.08241,1.08363,8605,-7914
2024.01.25,17:00,1.08363,1.08518,1.08312,1.08374,7986,72
2024.01.25,18:00,1.08375,1.08465,1.08299,1.083,7631,-7563
2024.01.25,19:00,1.08299,1.08377,1.08216,1.0836,6234,-1325
2024.01.25,20:00,1.08358,1.08404,1.08333,1.08396,4357,3032
2024.01.25,21:00,1.08397,1.0848,1.08391,1.0846,1916,4944
2024.01.25,22:00,1.0842,1.08472,1.08406,1.08465,1460,6408
2024.01.25,23:00,1.08469,1.08476,1.08428,1.08455,1795,8203
2024.01.26,00:00,1.08454,1.08459,1.08375,1.08398,2533,5666
2024.01.26,01:00,1.08399,1.08467,1.0839,1.08446,3683,9353
2024.01.26,02:00,1.08445,1.08489,1.08439,1.08442,2699,12052
2024.01.26,03:00,1.08442,1.08476,1.08439,1.08451,2109,14161
2024.01.26,04:00,1.0845,1.08451,1.08379,1.08397,1880,12277
2024.01.26,05:00,1.08395,1.08438,1.08385,1.08425,2464,14745
2024.01.26,06:00,1.08425,1.08426,1.08285,1.08292,3703,11038
2024.01.26,07:00,1.08289,1.08304,1.08127,1.08194,7013,4025
2024.01.26,08:00,1.08194,1.0842,1.08173,1.084,8494,12523
2024.01.26,09:00,1.08401,1.08505,1.0834,1.08442,8267,20790
2024.01.26,10:00,1.08442,1.08663,1.08442,1.08647,5777,26567
2024.01.26,11:00,1.08647,1.08761,1.08644,1.08745,6335,32902
2024.01.26,12:00,1.08745,1.08758,1.08656,1.08673,4915,27983
2024.01.26,13:00,1.08674,1.08852,1.08562,1.0872,12141,40128
2024.01.26,14:00,1.08719,1.08803,1.08609,1.08739,11665,51793
2024.01.26,15:00,1.08732,1.08732,1.08551,1.0864,10721,41068
2024.01.26,16:00,1.0864,1.08694,1.08589,1.0865,6879,34189
2024.01.26,17:00,1.08648,1.08705,1.08592,1.08637,5432,28757
2024.01.26,18:00,1.08636,1.0866,1.08537,1.08558,4645,24112
2024.01.26,19:00,1.08557,1.08617,1.08552,1.08582,3835,27951
2024.01.26,20:00,1.08584,1.08622,1.08532,1.08543,3319,24628
2024.01.26,21:00,1.08543,1.08567,1.08519,1.08545,1631,22997
2024.01.28,22:00,1.08428,1.08466,1.08411,1.08429,1590,21411
2024.01.28,23:00,1.08443,1.08491,1.08417,1.08423,2643,18764
2024.01.29,00:00,1.08423,1.08451,1.08413,1.08449,2286,21054
2024.01.29,01:00,1.08448,1.08489,1.08434,1.0844,2400,23454
2024.01.29,02:00,1.0844,1.08451,1.08394,1.08435,2377,25831
2024.01.29,03:00,1.08437,1.08467,1.08425,1.08451,2060,27891
2024.01.29,04:00,1.08453,1.08476,1.08438,1.08446,1454,29345
2024.01.29,05:00,1.08448,1.08451,1.08397,1.08399,1983,27358
2024.01.29,06:00,1.084,1.08473,1.08393,1.08466,2865,30227
2024.01.29,07:00,1.08465,1.08502,1.08349,1.08371,5462,24761
2024.01.29,08:00,1.08371,1.08419,1.0833,1.08347,6112,18649
2024.01.29,09:00,1.08346,1.08355,1.0823,1.08252,5776,12873
2024.01.29,10:00,1.08251,1.08253,1.08139,1.0819,5059,7814
2024.01.29,11:00,1.0819,1.08271,1.08163,1.08229,4457,12275
2024.01.29,12:00,1.0823,1.08369,1.08203,1.0822,4970,17245
2024.01.29,13:00,1.08221,1.08245,1.08138,1.08203,7554,9687
2024.01.29,14:00,1.08204,1.08226,1.08043,1.08069,7960,1727
2024.01.29,15:00,1.08071,1.08106,1.0796,1.07974,7920,-6193
2024.01.29,16:00,1.07973,1.08088,1.07959,1.0806,5845,-344
2024.01.29,17:00,1.08059,1.08163,1.08056,1.08117,4458,4114
2024.01.29,18:00,1.08118,1.08133,1.08092,1.08115,3321,7435
2024.01.29,19:00,1.08115,1.08199,1.081,1.08188,3237,10672
2024.01.29,20:00,1.08189,1.08403,1.08189,1.08312,7762,18434
2024.01.29,21:00,1.08311,1.08349,1.08264,1.08334,2293,20723
2024.01.29,22:00,1.08317,1.08336,1.08289,1.08335,1483,22210
2024.01.29,23:00,1.0834,1.08369,1.08329,1.08336,1055,23265
2024.01.30,00:00,1.08336,1.0842,1.08336,1.0841,3045,26310
2024.01.30,01:00,1.08408,1.08408,1.08325,1.08349,3963,22343
2024.01.30,02:00,1.08349,1.08361,1.08298,1.0834,2944,19399
2024.01.30,03:00,1.08339,1.08345,1.08303,1.08307,1762,17637
2024.01.30,04:00,1.08306,1.08336,1.08241,1.08253,2191,15446
2024.01.30,05:00,1.08254,1.08291,1.0822,1.08224,2397,13049
2024.01.30,06:00,1.08225,1.08259,1.08138,1.08148,3445,9604
2024.01.30,07:00,1.08148,1.08243,1.08119,1.08228,5684,15292
2024.01.30,08:00,1.08228,1.0832,1.08163,1.08218,8712,24004
2024.01.30,09:00,1.08217,1.08293,1.08176,1.08268,5958,29962
2024.01.30,10:00,1.08268,1.08405,1.0823,1.08382,5567,35529
2024.01.30,11:00,1.08383,1.08481,1.08369,1.08419,4479,40008
2024.01.30,12:00,1.08418,1.08498,1.08366,1.08477,4755,44763
2024.01.30,13:00,1.08476,1.08485,1.08339,1.08345,8437,36322
2024.01.30,14:00,1.08346,1.08572,1.08296,1.08499,9446,45772
2024.01.30,15:00,1.08497,1.08558,1.0828,1.0837,13741,32027
2024.01.30,16:00,1.08371,1.08442,1.08343,1.08431,7997,40028
2024.01.30,17:00,1.08431,1.08473,1.08367,1.08389,5100,34924
2024.01.30,18:00,1.08388,1.08388,1.08315,1.08358,4388,30536
2024.01.30,19:00,1.08358,1.08471,1.08355,1.0846,3923,34463
2024.01.30,20:00,1.0846,1.08486,1.08408,1.08447,4216,30243
2024.01.30,21:00,1.08446,1.08469,1.08424,1.08458,2606,32849
2024.01.30,22:00,1.08387,1.08443,1.0837,1.08437,1783,31066
2024.01.30,23:00,1.08429,1.0845,1.08426,1.08429,1368,29698
2024.01.31,00:00,1.08431,1.08482,1.08413,1.08428,3709,25989
2024.01.31,01:00,1.08429,1.08436,1.08312,1.08312,5024,20965
2024.01.31,02:00,1.0831,1.08312,1.08161,1.08182,4923,16042
2024.01.31,03:00,1.08181,1.0819,1.0816,1.08187,2290,13752
2024.01.31,04:00,1.08186,1.08222,1.08182,1.08206,2040,15796
2024.01.31,05:00,1.08206,1.0822,1.08176,1.08206,2280,18076
2024.01.31,06:00,1.08204,1.0822,1.0815,1.08157,2913,15159
2024.01.31,07:00,1.08153,1.08215,1.08059,1.08159,6364,8795
2024.01.31,08:00,1.08161,1.08261,1.08093,1.08187,8753,17552
2024.01.31,09:00,1.08188,1.08368,1.08161,1.08223,10260,27812
2024.01.31,10:00,1.08223,1.08313,1.08212,1.08253,6571,34383
2024.01.31,11:00,1.08255,1.08404,1.08253,1.0839,5081,39464
2024.01.31,12:00,1.08391,1.08429,1.08336,1.08368,5976,33484
2024.01.31,13:00,1.08367,1.08629,1.08344,1.08576,13297,46785
2024.01.31,14:00,1.08575,1.08865,1.08521,1.08799,14771,61556
2024.01.31,15:00,1.08801,1.08873,1.0854,1.08611,16248,45304
2024.01.31,16:00,1.08612,1.08676,1.08447,1.08545,12984,32320
2024.01.31,17:00,1.08545,1.08546,1.08417,1.08497,7298,25022
2024.01.31,18:00,1.08496,1.08525,1.08438,1.0845,6723,18299
2024.01.31,19:00,1.08449,1.08641,1.08157,1.08404,24190,-5891
2024.01.31,20:00,1.08402,1.08416,1.07945,1.08074,19463,-25354
2024.01.31,21:00,1.08076,1.08196,1.08054,1.08174,5069,-20281
2024.01.31,22:00,1.08166,1.08197,1.08078,1.0813,803,-21088
2024.01.31,23:00,1.08129,1.08159,1.08031,1.08039,1919,-23007
2024.02.01,00:00,1.08038,1.08143,1.08018,1.08082,4297,-18706
2024.02.01,01:00,1.08084,1.08125,1.08044,1.0809,5334,-13372
2024.02.01,02:00,1.08087,1.08218,1.08085,1.08193,5284,-8088
2024.02.01,03:00,1.08192,1.08208,1.08109,1.08118,3469,-11561
2024.02.01,04:00,1.08119,1.08136,1.08052,1.08077,3181,-14742
2024.02.01,05:00,1.08076,1.08076,1.08028,1.08028,3731,-18473
2024.02.01,06:00,1.08025,1.0805,1.07938,1.07959,3979,-22452
2024.02.01,07:00,1.07957,1.07972,1.07838,1.07933,7881,-30333
2024.02.01,08:00,1.07932,1.0794,1.07799,1.07917,9776,-40109
2024.02.01,09:00,1.07916,1.08015,1.07865,1.07983,8144,-31961
2024.02.01,10:00,1.07982,1.08026,1.07914,1.07931,7508,-39473
2024.02.01,11:00,1.07933,1.08131,1.07925,1.08083,6894,-32575
2024.02.01,12:00,1.08083,1.08197,1.08057,1.08151,9623,-22952
2024.02.01,13:00,1.08152,1.08272,1.08086,1.08138,11671,-34627
2024.02.01,14:00,1.08139,1.08297,1.08115,1.08268,11378,-23249
2024.02.01,15:00,1.08093,1.08318,1.0803,1.08265,16999,-6246
2024.02.01,16:00,1.08265,1.08658,1.08264,1.08643,13769,7523
2024.02.01,17:00,1.08648,1.08747,1.08606,1.08728,11527,19050
2024.02.01,18:00,1.08727,1.08733,1.08627,1.08696,9933,9113
2024.02.01,19:00,1.08697,1.08748,1.08678,1.08718,8129,17246
2024.02.01,20:00,1.08719,1.08747,1.08681,1.08716,5264,22510
2024.02.01,21:00,1.08713,1.08731,1.08681,1.08723,3241,25751
2024.02.01,22:00,1.08719,1.08739,1.08638,1.08726,1117,26868
2024.02.01,23:00,1.0873,1.08763,1.0872,1.08744,1022,27890
2024.02.02,00:00,1.08743,1.08798,1.08715,1.08727,2703,25183
2024.02.02,01:00,1.08729,1.08758,1.087,1.08715,4188,20995
2024.02.02,02:00,1.08716,1.08787,1.08713,1.08784,3480,24479
2024.02.02,03:00,1.08784,1.08788,1.08734,1.08768,2714,21761
2024.02.02,04:00,1.08767,1.08773,1.08719,1.08731,2138,19623
2024.02.02,05:00,1.08731,1.08826,1.08724,1.08775,3159,22786
2024.02.02,06:00,1.08775,1.08811,1.08738,1.08758,3890,18892
2024.02.02,07:00,1.08748,1.08871,1.08742,1.08808,5851,24747
2024.02.02,08:00,1.08808,1.08902,1.08735,1.08793,7417,17326
2024.02.02,09:00,1.08794,1.08975,1.08794,1.08908,5605,22935
2024.02.02,10:00,1.08906,1.0895,1.08807,1.08845,5397,17534
2024.02.02,11:00,1.08845,1.08864,1.08781,1.08836,5235,12299
2024.02.02,12:00,1.08837,1.08851,1.08776,1.08803,6481,5818
2024.02.02,13:00,1.08804,1.0886,1.08036,1.08072,16389,-10571
2024.02.02,14:00,1.08071,1.08168,1.07916,1.0809,15705,5138
2024.02.02,15:00,1.08086,1.08115,1.07831,1.08024,14894,-9760
2024.02.02,16:00,1.08025,1.08037,1.07823,1.07861,9982,-19742
2024.02.02,17:00,1.07862,1.07925,1.07808,1.07834,8835,-28577
2024.02.02,18:00,1.07833,1.0791,1.07803,1.07882,8080,-20493
2024.02.02,19:00,1.07882,1.07955,1.0786,1.07925,6973,-13520
2024.02.02,20:00,1.07924,1.07974,1.07918,1.07929,5808,-7712
2024.02.02,21:00,1.07928,1.07941,1.07874,1.07876,2039,-9755
2024.02.04,22:00,1.07824,1.07871,1.07792,1.07806,1220,-10975
2024.02.04,23:00,1.07803,1.0783,1.07699,1.07798,3290,-14265
2024.02.05,00:00,1.07799,1.07831,1.07673,1.07725,7855,-22120
2024.02.05,01:00,1.07726,1.07788,1.07687,1.07783,5519,-16597
2024.02.05,02:00,1.07783,1.07813,1.07756,1.07788,3774,-12823
2024.02.05,03:00,1.07788,1.07809,1.07745,1.0779,3106,-9717
2024.02.05,04:00,1.07791,1.078,1.07755,1.0779,2057,-7660
2024.02.05,05:00,1.0779,1.07822,1.07733,1.0782,4021,-3639
2024.02.05,06:00,1.07821,1.07848,1.07773,1.07779,4151,-7794
2024.02.05,07:00,1.0778,1.07833,1.07726,1.07802,6250,-1540
2024.02.05,08:00,1.07804,1.07861,1.07634,1.07666,8454,-9998
2024.02.05,09:00,1.07665,1.07728,1.07518,1.07537,6836,-16834
2024.02.05,10:00,1.07536,1.0756,1.07475,1.07494,6537,-23371
2024.02.05,11:00,1.07495,1.07586,1.0747,1.0755,5851,-17516
2024.02.05,12:00,1.07548,1.07577,1.07493,1.07497,6382,-23902
2024.02.05,13:00,1.07497,1.07505,1.07362,1.07374,8069,-31971
2024.02.05,14:00,1.07374,1.0745,1.07349,1.07421,9002,-22965
2024.02.05,15:00,1.07419,1.07419,1.07231,1.07253,14459,-37428
2024.02.05,16:00,1.07254,1.0736,1.07247,1.07353,7633,-29791
2024.02.05,17:00,1.07355,1.0743,1.0734,1.07393,5661,-24130
2024.02.05,18:00,1.07394,1.07466,1.07374,1.0744,4860,-19270
2024.02.05,19:00,1.0744,1.07464,1.07421,1.0743,4135,-15135
2024.02.05,20:00,1.07431,1.07442,1.07367,1.07424,4752,-10383
2024.02.05,21:00,1.07425,1.07428,1.07393,1.07427,2011,-8372
2024.02.05,22:00,1.07424,1.07438,1.07373,1.07427,763,-7609
2024.02.05,23:00,1.07429,1.07434,1.07409,1.07411,933,-8546
2024.02.06,00:00,1.07412,1.07453,1.07412,1.07439,2615,-5927
2024.02.06,01:00,1.07439,1.07472,1.07415,1.07452,4843,-1084
2024.02.06,02:00,1.07453,1.07491,1.07437,1.0746,3435,2351
2024.02.06,03:00,1.0746,1.07486,1.07434,1.07439,3000,-653
2024.02.06,04:00,1.07439,1.07504,1.07434,1.07489,3038,2389
2024.02.06,05:00,1.07492,1.07542,1.07488,1.07536,3857,6246
2024.02.06,06:00,1.07535,1.07535,1.07481,1.07509,3746,2496
2024.02.06,07:00,1.0751,1.07624,1.07507,1.07519,7166,-4670
2024.02.06,08:00,1.07519,1.07601,1.07451,1.07463,9159,-13829
2024.02.06,09:00,1.07466,1.07473,1.07254,1.0729,7295,-21124
2024.02.06,10:00,1.07291,1.07365,1.07276,1.07292,5253,-26377
2024.02.06,11:00,1.07292,1.0743,1.07243,1.07386,4825,-21548
2024.02.06,12:00,1.07386,1.07392,1.07225,1.07358,5450,-27002
2024.02.06,13:00,1.07358,1.07438,1.0728,1.07305,9505,-36507
2024.02.06,14:00,1.07305,1.07437,1.0729,1.07404,11207,-25296
2024.02.06,15:00,1.07404,1.07485,1.07368,1.07433,11358,-13938
2024.02.06,16:00,1.07434,1.07534,1.0739,1.07505,8780,-5158
2024.02.06,17:00,1.07497,1.07551,1.07477,1.0751,7943,2785
2024.02.06,18:00,1.0751,1.07554,1.07433,1.0754,7368,10153
2024.02.06,19:00,1.07538,1.07546,1.07466,1.07493,7049,3100
2024.02.06,20:00,1.07494,1.07573,1.07493,1.07567,5013,8117
2024.02.06,21:00,1.07563,1.07563,1.07524,1.07542,2124,5989
2024.02.06,22:00,1.0753,1.07544,1.07489,1.07525,1232,4757
2024.02.06,23:00,1.07529,1.0757,1.07525,1.07567,977,5738
2024.02.07,00:00,1.07568,1.07595,1.07559,1.0759,2484,8222
2024.02.07,01:00,1.07589,1.0765,1.07589,1.07637,4481,12703
2024.02.07,02:00,1.07636,1.07656,1.07617,1.07637,3511,16214
2024.02.07,03:00,1.07636,1.07665,1.07585,1.07589,2678,13532
2024.02.07,04:00,1.07588,1.07602,1.07566,1.07591,2502,11030
2024.02.07,05:00,1.07592,1.07646,1.07581,1.07628,3314,14348
2024.02.07,06:00,1.07628,1.07655,1.07567,1.07611,3890,10454
2024.02.07,07:00,1.07611,1.07729,1.07609,1.07724,6773,17231
2024.02.07,08:00,1.07725,1.07735,1.07602,1.07627,7669,9558
2024.02.07,09:00,1.07627,1.07709,1.07578,1.07694,6524,16086
2024.02.07,10:00,1.07694,1.07709,1.07627,1.07642,7396,8686
2024.02.07,11:00,1.07642,1.0774,1.07623,1.0771,6131,14821
2024.02.07,12:00,1.0771,1.07753,1.0766,1.07738,6892,21713
2024.02.07,13:00,1.07738,1.07839,1.07669,1.07703,8040,13669
2024.02.07,14:00,1.07702,1.0778,1.07655,1.07713,12429,1240
2024.02.07,15:00,1.07713,1.07799,1.07557,1.07571,13579,-12339
2024.02.07,16:00,1.07578,1.07711,1.07562,1.07676,9515,-2820
2024.02.07,17:00,1.07676,1.07679,1.07592,1.07647,7121,-9945
2024.02.07,18:00,1.07646,1.07737,1.07644,1.07711,7365,-2576
2024.02.07,19:00,1.07712,1.07754,1.07698,1.0772,5007,2431
2024.02.07,20:00,1.07719,1.07743,1.0771,1.07728,4180,6611
2024.02.07,21:00,1.07727,1.07747,1.07716,1.0773,2212,8819
2024.02.07,22:00,1.07711,1.07739,1.07679,1.07718,1171,7648
2024.02.07,23:00,1.07727,1.07769,1.07707,1.07756,1193,8845
2024.02.08,00:00,1.07755,1.07795,1.07744,1.07779,2356,11201
2024.02.08,01:00,1.07779,1.07797,1.0775,1.07786,4235,15436
2024.02.08,02:00,1.07787,1.07834,1.07784,1.07829,3432,18868
2024.02.08,03:00,1.07829,1.0785,1.07815,1.07823,1995,20863
2024.02.08,04:00,1.07823,1.07883,1.07795,1.07799,2323,18536
2024.02.08,05:00,1.07798,1.07841,1.07785,1.07827,2915,21455
2024.02.08,06:00,1.07828,1.07864,1.07812,1.0784,3827,25282
2024.02.08,07:00,1.07839,1.07888,1.07768,1.07801,6991,18287
2024.02.08,08:00,1.07802,1.0784,1.07685,1.07774,8730,9557
2024.02.08,09:00,1.07773,1.07843,1.07735,1.0783,7541,17102
2024.02.08,10:00,1.07831,1.07856,1.0771,1.07716,5632,11466
2024.02.08,11:00,1.07716,1.07731,1.0761,1.0763,5653,5813
2024.02.08,12:00,1.0763,1.07636,1.07498,1.07568,7190,-1377
2024.02.08,13:00,1.07571,1.07621,1.07414,1.07439,10684,-12061
2024.02.08,14:00,1.07436,1.07675,1.07435,1.07648,9785,-2272
2024.02.08,15:00,1.07648,1.07676,1.07514,1.07613,11380,-13656
2024.02.08,16:00,1.07613,1.07741,1.07602,1.07734,7266,-6386
2024.02.08,17:00,1.07733,1.07766,1.07712,1.07735,5799,-587
2024.02.08,18:00,1.07736,1.07828,1.07733,1.07765,7628,7041
2024.02.08,19:00,1.07766,1.07786,1.07726,1.07749,6650,387
2024.02.08,20:00,1.0775,1.07799,1.07749,1.07778,4696,5087
2024.02.08,21:00,1.07779,1.07785,1.07759,1.07779,1443,6530
2024.02.08,22:00,1.07777,1.07789,1.07743,1.07764,1215,5311
2024.02.08,23:00,1.07759,1.0778,1.07738,1.07776,1253,6568
2024.02.09,00:00,1.07778,1.07786,1.07722,1.0773,2843,3721
2024.02.09,01:00,1.07731,1.07786,1.07731,1.07744,3716,7441
2024.02.09,02:00,1.07743,1.07783,1.07731,1.07762,3113,10554
2024.02.09,03:00,1.07763,1.07775,1.077,1.07708,2160,8390
2024.02.09,04:00,1.07709,1.07727,1.07694,1.07712,1859,6531
2024.02.09,05:00,1.07711,1.07739,1.07696,1.07711,1485,5046
2024.02.09,06:00,1.07713,1.07753,1.07699,1.07744,2230,7280
2024.02.09,07:00,1.07746,1.07827,1.07743,1.07802,5907,13187
2024.02.09,08:00,1.07802,1.07848,1.07722,1.07728,8289,4894
2024.02.09,09:00,1.07728,1.07769,1.0766,1.07671,8085,-3191
2024.02.09,10:00,1.07669,1.07702,1.07619,1.07666,5690,-8881
2024.02.09,11:00,1.07667,1.07734,1.07635,1.07718,6036,-2841
2024.02.09,12:00,1.07717,1.07764,1.07628,1.07672,6847,-9692
2024.02.09,13:00,1.07672,1.07946,1.07654,1.0783,14179,4491
2024.02.09,14:00,1.07827,1.07947,1.0775,1.07817,13390,-8903
2024.02.09,15:00,1.07817,1.07898,1.07799,1.07862,10907,2008
2024.02.09,16:00,1.07863,1.0788,1.07798,1.07816,7883,-5879
2024.02.09,17:00,1.07816,1.07865,1.07792,1.07854,5894,19
2024.02.09,18:00,1.07855,1.07909,1.07854,1.07866,4083,4102
2024.02.09,19:00,1.07866,1.0788,1.07814,1.07825,3647,451
2024.02.09,20:00,1.07826,1.0788,1.07795,1.07863,3849,4304
2024.02.09,21:00,1.07863,1.07886,1.07838,1.07851,1848,2452
2024.02.11,22:00,1.07818,1.07863,1.07786,1.07827,590,1866
2024.02.11,23:00,1.07838,1.07983,1.07837,1.07979,3667,5533
2024.02.12,00:00,1.07978,1.07998,1.07966,1.07986,3795,9328
2024.02.12,01:00,1.07986,1.07986,1.07935,1.07954,2221,7103
2024.02.12,02:00,1.07956,1.07978,1.07929,1.07949,1257,5846
2024.02.12,03:00,1.07948,1.0797,1.07909,1.07918,1878,3968
2024.02.12,04:00,1.07917,1.0794,1.07894,1.07905,1300,2668
2024.02.12,05:00,1.07906,1.07945,1.07899,1.07916,1406,4078
2024.02.12,06:00,1.07914,1.07932,1.07901,1.07914,1814,5892
2024.02.12,07:00,1.07914,1.08057,1.07893,1.08031,5492,11384
2024.02.12,08:00,1.0803,1.08033,1.07744,1.07754,8063,3317
2024.02.12,09:00,1.07753,1.0778,1.07668,1.07691,5902,-2585
2024.02.12,10:00,1.07691,1.07788,1.07672,1.07766,5383,2802
2024.02.12,11:00,1.07768,1.07777,1.07629,1.07694,5553,-2755
2024.02.12,12:00,1.07695,1.07736,1.0765,1.07698,5504,-8259
2024.02.12,13:00,1.07698,1.07737,1.07611,1.07639,8051,-16310
2024.02.12,14:00,1.07638,1.07741,1.07631,1.07722,7897,-8409
2024.02.12,15:00,1.07723,1.07725,1.07559,1.07675,7056,-15469
2024.02.12,16:00,1.07674,1.07774,1.07653,1.07732,6890,-8575
2024.02.12,17:00,1.07731,1.07825,1.07729,1.07824,6053,-2522
2024.02.12,18:00,1.07825,1.07861,1.07805,1.07814,5682,3160
2024.02.12,19:00,1.07814,1.0783,1.07678,1.07693,5094,-1938
2024.02.12,20:00,1.07694,1.0775,1.07694,1.07742,4361,2427
2024.02.12,21:00,1.07741,1.07751,1.077,1.07716,1811,612
2024.02.12,22:00,1.0772,1.07743,1.07689,1.07724,1255,-643
2024.02.12,23:00,1.07719,1.07729,1.07692,1.07717,1255,-1898
2024.02.13,00:00,1.0772,1.07731,1.0767,1.07729,2383,489
2024.02.13,01:00,1.0773,1.07746,1.07657,1.07668,2103,-1618
2024.02.13,02:00,1.07669,1.07669,1.07621,1.07643,2228,-3846
2024.02.13,03:00,1.07642,1.07648,1.07606,1.07617,2241,-6087
2024.02.13,04:00,1.07617,1.07642,1.07613,1.07637,1376,-4707
2024.02.13,05:00,1.07634,1.07679,1.07634,1.07669,1541,-3166
2024.02.13,06:00,1.07668,1.07724,1.07661,1.07705,2440,-726
2024.02.13,07:00,1.07707,1.07776,1.07656,1.07712,7086,6360
2024.02.13,08:00,1.07712,1.07746,1.07623,1.07676,7471,-1115
2024.02.13,09:00,1.07677,1.07695,1.07567,1.07665,6300,-7415
2024.02.13,10:00,1.07667,1.07762,1.07661,1.07722,5897,-1514
2024.02.13,11:00,1.07722,1.07818,1.0772,1.07779,5212,3698
2024.02.13,12:00,1.07777,1.07865,1.07762,1.07856,6198,9896
2024.02.13,13:00,1.07855,1.07959,1.07029,1.07083,15948,-6056
2024.02.13,14:00,1.07084,1.07235,1.07004,1.07178,15687,9635
2024.02.13,15:00,1.0718,1.07268,1.07059,1.07168,13843,23478
2024.02.13,16:00,1.07169,1.07221,1.07127,1.07192,9185,32663
2024.02.13,17:00,1.07191,1.07201,1.07122,1.07154,7194,25465
2024.02.13,18:00,1.07154,1.07202,1.07075,1.07083,5425,20040
2024.02.13,19:00,1.0708,1.07083,1.07005,1.07013,6666,13374
2024.02.13,20:00,1.07012,1.071,1.07006,1.07071,5554,18932
2024.02.13,21:00,1.07069,1.07101,1.07069,1.07091,1839,20771
2024.02.13,22:00,1.07084,1.07122,1.0707,1.07103,1303,22074
2024.02.13,23:00,1.07105,1.07109,1.07077,1.07085,1300,20770
2024.02.14,00:00,1.07085,1.07144,1.07059,1.07079,3027,17743
2024.02.14,01:00,1.0708,1.07123,1.07034,1.07117,4603,22350
2024.02.14,02:00,1.07116,1.07139,1.07087,1.07097,3526,18820
2024.02.14,03:00,1.07098,1.07139,1.07081,1.07125,3161,21985
2024.02.14,04:00,1.07125,1.07145,1.07093,1.07143,2757,24742
2024.02.14,05:00,1.07144,1.07152,1.07116,1.07141,2766,27508
2024.02.14,06:00,1.07142,1.07188,1.0714,1.07161,2851,30359
2024.02.14,07:00,1.0716,1.07172,1.07051,1.07076,7380,22975
2024.02.14,08:00,1.07076,1.07083,1.06947,1.07023,8789,14186
2024.02.14,09:00,1.07021,1.07058,1.06961,1.07002,6885,7301
2024.02.14,10:00,1.07001,1.07044,1.06963,1.07037,5332,12637
2024.02.14,11:00,1.07037,1.07102,1.06971,1.07079,5749,18386
2024.02.14,12:00,1.07079,1.07103,1.07009,1.07056,5641,12741
2024.02.14,13:00,1.07059,1.07167,1.07059,1.07087,10155,22900
2024.02.14,14:00,1.07088,1.0723,1.07065,1.07162,11917,34817
2024.02.14,15:00,1.07161,1.07251,1.07133,1.07212,10673,45490
2024.02.14,16:00,1.07213,1.07344,1.07192,1.07339,9015,54505
2024.02.14,17:00,1.0734,1.0734,1.07277,1.07307,7100,47401
2024.02.14,18:00,1.07308,1.07338,1.07259,1.07269,5468,41933
2024.02.14,19:00,1.07269,1.07294,1.07256,1.07282,5249,47186
2024.02.14,20:00,1.07282,1.07288,1.0726,1.07277,5380,52566
2024.02.14,21:00,1.07275,1.07285,1.07256,1.07271,2013,54579
2024.02.14,22:00,1.07269,1.07287,1.07254,1.07267,1149,55728
2024.02.14,23:00,1.07273,1.07324,1.07266,1.07321,1295,57023
2024.02.15,00:00,1.07323,1.07356,1.07292,1.07343,2640,59663
2024.02.15,01:00,1.07341,1.07352,1.07263,1.07284,3414,56245
2024.02.15,02:00,1.07283,1.07315,1.07258,1.07294,2612,53633
2024.02.15,03:00,1.07295,1.07305,1.07251,1.07257,2488,51145
2024.02.15,04:00,1.07256,1.07268,1.07247,1.0726,2084,49061
2024.02.15,05:00,1.07261,1.07323,1.0726,1.07291,2471,51536
2024.02.15,06:00,1.07291,1.07339,1.07271,1.07308,3112,54648
2024.02.15,07:00,1.07307,1.07412,1.07274,1.0733,6704,61352
2024.02.15,08:00,1.0733,1.07374,1.07296,1.07309,7802,53546
2024.02.15,09:00,1.07308,1.07369,1.07279,1.0733,6038,59588
2024.02.15,10:00,1.07331,1.07369,1.07306,1.07347,5341,64929
2024.02.15,11:00,1.07347,1.074,1.07337,1.07352,4369,69298
2024.02.15,12:00,1.07352,1.07486,1.07352,1.07447,4841,74139
2024.02.15,13:00,1.07448,1.07725,1.07427,1.07664,13901,88040
2024.02.15,14:00,1.07664,1.07829,1.07591,1.07761,13851,101891
2024.02.15,15:00,1.07763,1.07848,1.07584,1.07611,10951,90936
2024.02.15,16:00,1.07612,1.07631,1.07552,1.07595,9209,81727
2024.02.15,17:00,1.07596,1.07629,1.07564,1.07625,6245,87976
2024.02.15,18:00,1.07625,1.07675,1.07605,1.0767,5275,93251
2024.02.15,19:00,1.07669,1.07723,1.07665,1.07688,5385,98636
2024.02.15,20:00,1.07687,1.07719,1.07679,1.07715,4558,103194
2024.02.15,21:00,1.07714,1.0774,1.07701,1.07724,1683,104873
2024.02.15,22:00,1.07686,1.07722,1.07679,1.07722,534,105411
2024.02.15,23:00,1.07721,1.07768,1.07707,1.07726,1287,106698
2024.02.16,00:00,1.07728,1.07737,1.07611,1.07648,3357,103337
2024.02.16,01:00,1.07648,1.07662,1.07611,1.07649,4162,99175
2024.02.16,02:00,1.07649,1.07651,1.07599,1.07605,2988,96187
2024.02.16,03:00,1.07605,1.07632,1.07592,1.07601,2864,93323
2024.02.16,04:00,1.076,1.07612,1.07574,1.07593,2552,90771
2024.02.16,05:00,1.07593,1.07618,1.07585,1.07601,3392,87379
2024.02.16,06:00,1.07602,1.07627,1.07585,1.07626,3013,90396
2024.02.16,07:00,1.07627,1.07678,1.07601,1.07606,7005,83387
2024.02.16,08:00,1.07607,1.07713,1.07595,1.07699,7239,90630
2024.02.16,09:00,1.07699,1.07717,1.07639,1.07659,6393,84233
2024.02.16,10:00,1.07661,1.07707,1.07625,1.07681,4439,88676
2024.02.16,11:00,1.0768,1.078,1.07669,1.07775,4645,93321
2024.02.16,12:00,1.07773,1.07779,1.07674,1.07681,5865,87452
2024.02.16,13:00,1.07681,1.0771,1.07321,1.0746,12433,75019
2024.02.16,14:00,1.07462,1.07569,1.07409,1.07505,13530,88549
2024.02.16,15:00,1.07478,1.07769,1.07478,1.07709,12617,101170
2024.02.16,16:00,1.07712,1.07754,1.07656,1.07684,8379,92787
2024.02.16,17:00,1.07683,1.0778,1.07625,1.07778,6016,98807
2024.02.16,18:00,1.07779,1.07859,1.07739,1.07851,5774,104581
2024.02.16,19:00,1.07852,1.07875,1.07754,1.0777,5551,99026
2024.02.16,20:00,1.07771,1.07775,1.07728,1.07762,5181,93845
2024.02.16,21:00,1.07763,1.07778,1.07749,1.07768,1860,91985
2024.02.18,22:00,1.0773,1.07764,1.07707,1.07733,1369,90616
2024.02.18,23:00,1.0773,1.07851,1.0773,1.07839,1717,92337
2024.02.19,00:00,1.07838,1.0789,1.07836,1.0787,3078,95415
2024.02.19,01:00,1.07871,1.0788,1.07784,1.07804,4633,90778
2024.02.19,02:00,1.07803,1.07819,1.0778,1.07812,2980,87798
2024.02.19,03:00,1.07813,1.07833,1.07749,1.07756,2155,85643
2024.02.19,04:00,1.07755,1.07811,1.07749,1.07778,2253,87900
2024.02.19,05:00,1.07779,1.07829,1.07771,1.07819,2588,90488
2024.02.19,06:00,1.07816,1.07867,1.078,1.07862,2757,93245
2024.02.19,07:00,1.07864,1.07894,1.07812,1.07827,4581,88660
2024.02.19,08:00,1.07827,1.07874,1.07761,1.07781,6278,82382
2024.02.19,09:00,1.07782,1.07833,1.07721,1.07747,5866,76516
2024.02.19,10:00,1.07748,1.07788,1.07723,1.07754,4425,72091
2024.02.19,11:00,1.07753,1.07818,1.07734,1.0777,4197,76292
2024.02.19,12:00,1.0777,1.07796,1.07694,1.07703,3705,72583
2024.02.19,13:00,1.07704,1.07789,1.07676,1.07702,5132,67451
2024.02.19,14:00,1.07702,1.07706,1.07631,1.07665,5112,62339
2024.02.19,15:00,1.07666,1.07686,1.07621,1.07674,5334,57005
2024.02.19,16:00,1.07673,1.07708,1.07626,1.07699,2735,59744
2024.02.19,17:00,1.07699,1.07765,1.07695,1.07762,1586,61330
2024.02.19,18:00,1.0776,1.07835,1.0776,1.07791,971,62301
2024.02.19,19:00,1.07793,1.07821,1.0778,1.07784,812,63113
2024.02.19,20:00,1.07785,1.07798,1.07775,1.07792,628,63741
2024.02.19,21:00,1.07791,1.07823,1.07788,1.07791,529,64266
2024.02.19,22:00,1.07779,1.07797,1.07712,1.07783,1316,65586
2024.02.19,23:00,1.07786,1.07792,1.07737,1.07754,1816,63766
2024.02.20,00:00,1.07755,1.07768,1.07675,1.07697,3584,60182
2024.02.20,01:00,1.07697,1.07715,1.0765,1.07659,5624,54558
2024.02.20,02:00,1.07658,1.0767,1.07616,1.07669,4609,49949
2024.02.20,03:00,1.07669,1.07686,1.07645,1.07679,3271,46678
2024.02.20,04:00,1.0768,1.0771,1.07674,1.0769,2533,49215
2024.02.20,05:00,1.07691,1.07701,1.07652,1.0768,3155,52370
2024.02.20,06:00,1.07679,1.07729,1.07672,1.07709,3937,56307
2024.02.20,07:00,1.07708,1.07749,1.07673,1.07696,6443,49860
2024.02.20,08:00,1.07696,1.07777,1.07686,1.07758,8636,58500
2024.02.20,09:00,1.07758,1.07989,1.07739,1.07977,6890,65390
2024.02.20,10:00,1.07978,1.08094,1.07954,1.08039,7058,72448
2024.02.20,11:00,1.08039,1.08044,1.07935,1.07982,7690,64754
2024.02.20,12:00,1.07982,1.08056,1.07954,1.07979,7554,57200
2024.02.20,13:00,1.0798,1.08249,1.07969,1.0823,10650,67854
2024.02.20,14:00,1.08231,1.08388,1.08183,1.08291,10855,78709
2024.02.20,15:00,1.08292,1.08296,1.08129,1.08227,10461,68244
2024.02.20,16:00,1.08227,1.08249,1.08124,1.0813,7545,60699
2024.02.20,17:00,1.0813,1.08148,1.08091,1.08118,6162,54537
2024.02.20,18:00,1.08117,1.0813,1.08069,1.08098,4847,49690
2024.02.20,19:00,1.08098,1.08113,1.08063,1.08063,6008,43682
2024.02.20,20:00,1.08065,1.08127,1.08043,1.08104,5127,48813
2024.02.20,21:00,1.08104,1.08106,1.08067,1.08076,1638,47171
2024.02.20,22:00,1.08068,1.08093,1.08043,1.08089,871,48046
2024.02.20,23:00,1.08095,1.08111,1.08078,1.08098,1359,49405
2024.02.21,00:00,1.08099,1.08112,1.08061,1.08102,3703,53108
2024.02.21,01:00,1.08102,1.08127,1.08054,1.0812,4498,57606
2024.02.21,02:00,1.08121,1.08172,1.0812,1.08151,4209,61815
2024.02.21,03:00,1.08152,1.08188,1.08136,1.0818,3664,65479
2024.02.21,04:00,1.08181,1.0819,1.08136,1.08142,2696,62779
2024.02.21,05:00,1.08142,1.08166,1.08125,1.08152,2978,59801
2024.02.21,06:00,1.08152,1.08153,1.08074,1.08116,3751,56050
2024.02.21,07:00,1.08115,1.08142,1.08063,1.08108,5565,50485
2024.02.21,08:00,1.08106,1.08147,1.07972,1.07988,6950,43535
2024.02.21,09:00,1.07986,1.08004,1.07898,1.07999,6568,50107
2024.02.21,10:00,1.07998,1.08032,1.07961,1.08012,6008,56115
2024.02.21,11:00,1.08011,1.08022,1.07941,1.0799,4551,51560
2024.02.21,12:00,1.07989,1.08031,1.07963,1.08031,6326,57890
2024.02.21,13:00,1.08031,1.08115,1.08031,1.08101,8627,66517
2024.02.21,14:00,1.08102,1.08163,1.08063,1.0813,9146,75663
2024.02.21,15:00,1.08131,1.082,1.08044,1.08053,9961,65698
2024.02.21,16:00,1.08052,1.08191,1.08008,1.0817,8667,74369
2024.02.21,17:00,1.08171,1.08174,1.08067,1.08074,6634,67731
2024.02.21,18:00,1.08076,1.08137,1.07998,1.08117,7910,75645
2024.02.21,19:00,1.08108,1.08241,1.08047,1.08166,11405,87050
2024.02.21,20:00,1.08165,1.08207,1.08124,1.08172,7672,94722
2024.02.21,21:00,1.08173,1.08201,1.08129,1.08196,3488,98206
2024.02.21,22:00,1.08175,1.08209,1.08128,1.08193,1022,99232
2024.02.21,23:00,1.08191,1.08227,1.08181,1.08201,1338,100570
2024.02.22,00:00,1.08202,1.08317,1.082,1.083,3682,104252
2024.02.22,01:00,1.08301,1.08305,1.08264,1.08265,4159,100089
2024.02.22,02:00,1.08266,1.08271,1.08189,1.0826,3740,96349
2024.02.22,03:00,1.08261,1.08272,1.08231,1.08258,2510,93839
2024.02.22,04:00,1.08258,1.0831,1.08252,1.08303,2063,95906
2024.02.22,05:00,1.08303,1.0838,1.08297,1.08333,2555,98461
2024.02.22,06:00,1.08332,1.08403,1.0833,1.08385,3555,102016
2024.02.22,07:00,1.08388,1.08537,1.08375,1.08532,7754,109770
2024.02.22,08:00,1.08532,1.08883,1.08527,1.08712,12483,122253
2024.02.22,09:00,1.08712,1.08718,1.08479,1.08528,9902,112347
2024.02.22,10:00,1.08527,1.08589,1.08503,1.08567,6618,118969
2024.02.22,11:00,1.08568,1.08573,1.08448,1.08573,7219,126188
2024.02.22,12:00,1.08574,1.08586,1.08423,1.08439,7621,118563
2024.02.22,13:00,1.08438,1.08482,1.08211,1.08229,11277,107286
2024.02.22,14:00,1.08231,1.08245,1.08026,1.08181,12815,94471
2024.02.22,15:00,1.08179,1.08195,1.08037,1.08103,13104,81367
2024.02.22,16:00,1.08104,1.08185,1.08087,1.08142,8345,89716
2024.02.22,17:00,1.08142,1.08242,1.08118,1.08201,5785,95501
2024.02.22,18:00,1.08202,1.08262,1.08143,1.08248,5847,101348
2024.02.22,19:00,1.08245,1.08252,1.08191,1.08224,4773,96571
2024.02.22,20:00,1.08223,1.08232,1.08183,1.08218,5291,91280
2024.02.22,21:00,1.08217,1.08235,1.08208,1.08226,1684,89596
2024.02.22,22:00,1.08221,1.08239,1.08165,1.08222,1344,88252
2024.02.22,23:00,1.08206,1.08259,1.08205,1.08254,1327,89583
2024.02.23,00:00,1.08254,1.0828,1.08147,1.08219,4242,85337
2024.02.23,01:00,1.0822,1.08319,1.08216,1.08271,4511,89852
2024.02.23,02:00,1.08273,1.08305,1.08248,1.08254,3679,86169
2024.02.23,03:00,1.08255,1.0826,1.08227,1.08254,3423,82746
2024.02.23,04:00,1.08254,1.08285,1.08249,1.08254,2535,80211
2024.02.23,05:00,1.08255,1.0827,1.08212,1.08228,3316,76895
2024.02.23,06:00,1.08228,1.08275,1.08217,1.08254,3962,80861
2024.02.23,07:00,1.08255,1.08318,1.08237,1.08293,5788,86649
2024.02.23,08:00,1.08296,1.08325,1.08209,1.08251,7338,79307
2024.02.23,09:00,1.0825,1.08257,1.08139,1.08174,6375,72932
2024.02.23,10:00,1.08174,1.08249,1.08171,1.08239,5499,78435
2024.02.23,11:00,1.0824,1.08314,1.08222,1.08269,6121,84556
2024.02.23,12:00,1.08271,1.08396,1.08245,1.08361,7353,91909
2024.02.23,13:00,1.08363,1.08367,1.08267,1.08319,9227,82678
2024.02.23,14:00,1.08318,1.08369,1.08243,1.08254,10251,72427
2024.02.23,15:00,1.08255,1.08256,1.08117,1.08207,10857,61570
2024.02.23,16:00,1.08206,1.08286,1.0815,1.08274,10434,72008
2024.02.23,17:00,1.08273,1.08288,1.0821,1.08247,7071,64933
2024.02.23,18:00,1.08248,1.08295,1.08228,1.08266,6019,70956
2024.02.23,19:00,1.08265,1.08265,1.08201,1.08229,5448,65504
2024.02.23,20:00,1.08229,1.08244,1.08177,1.08223,4516,60988
2024.02.23,21:00,1.08221,1.0823,1.082,1.08205,1995,58997
2024.02.25,22:00,1.08293,1.08294,1.08178,1.08226,1002,59999
2024.02.25,23:00,1.08221,1.08227,1.08189,1.0819,1663,58332
2024.02.26,00:00,1.08188,1.08201,1.08159,1.08167,3707,54625
2024.02.26,01:00,1.08166,1.08197,1.08127,1.08165,4323,50302
2024.02.26,02:00,1.08164,1.08176,1.08142,1.08172,2795,47507
2024.02.26,03:00,1.08171,1.08194,1.0816,1.08186,2153,49664
2024.02.26,04:00,1.08185,1.08227,1.08174,1.08212,1983,51647
2024.02.26,05:00,1.08211,1.08242,1.08189,1.08232,2681,54328
2024.02.26,06:00,1.08232,1.08254,1.0822,1.0824,2883,57211
2024.02.26,07:00,1.08242,1.08367,1.08227,1.0832,6965,64176
2024.02.26,08:00,1.08323,1.08357,1.08271,1.08321,8162,72338
2024.02.26,09:00,1.08321,1.08404,1.08305,1.084,6351,78689
2024.02.26,10:00,1.084,1.08488,1.08384,1.08478,5617,84306
2024.02.26,11:00,1.08476,1.0854,1.08451,1.0852,5374,89680
2024.02.26,12:00,1.0852,1.08596,1.08487,1.08496,5760,83916
2024.02.26,13:00,1.08496,1.08589,1.08482,1.0858,6814,90734
2024.02.26,14:00,1.0858,1.08588,1.08442,1.08458,8090,82640
2024.02.26,15:00,1.08457,1.08543,1.08387,1.08509,7898,90542
2024.02.26,16:00,1.08508,1.08556,1.08471,1.08541,6972,97514
2024.02.26,17:00,1.08543,1.0855,1.08435,1.08453,5271,92239
2024.02.26,18:00,1.08453,1.08458,1.08396,1.08444,5197,87042
2024.02.26,19:00,1.08445,1.08474,1.08439,1.08463,4459,91505
2024.02.26,20:00,1.08463,1.08526,1.08461,1.08507,5350,96855
2024.02.26,21:00,1.08507,1.08515,1.08497,1.08512,1293,98144
2024.02.26,22:00,1.08469,1.08503,1.08467,1.08493,549,97595
2024.02.26,23:00,1.08501,1.08513,1.08484,1.08503,1143,96452
2024.02.27,00:00,1.08504,1.08508,1.08466,1.08474,3453,92999
2024.02.27,01:00,1.08473,1.08509,1.08453,1.08501,3981,96984
2024.02.27,02:00,1.08501,1.08535,1.08482,1.08515,3927,100911
2024.02.27,03:00,1.08515,1.0853,1.08484,1.08528,3612,104523
2024.02.27,04:00,1.08529,1.08554,1.08524,1.08535,3082,107605
2024.02.27,05:00,1.08535,1.08542,1.08486,1.08519,2790,104811
2024.02.27,06:00,1.0852,1.08528,1.08471,1.08502,3922,100889
2024.02.27,07:00,1.08502,1.08627,1.08497,1.0856,5135,106028
2024.02.27,08:00,1.08561,1.08659,1.0853,1.08575,6154,112182
2024.02.27,09:00,1.08574,1.08594,1.08517,1.08529,6115,106063
2024.02.27,10:00,1.0853,1.08532,1.08418,1.08517,5208,100855
2024.02.27,11:00,1.08516,1.0859,1.0848,1.08577,4707,105566
2024.02.27,12:00,1.08576,1.08632,1.08557,1.08567,4907,110473
2024.02.27,13:00,1.08568,1.08578,1.08449,1.0848,8864,101605
2024.02.27,14:00,1.08481,1.08509,1.0836,1.08398,8084,93521
2024.02.27,15:00,1.08399,1.08512,1.0833,1.08471,10141,103666
2024.02.27,16:00,1.0847,1.08579,1.08448,1.08562,8920,112586
2024.02.27,17:00,1.08563,1.08566,1.08488,1.08508,6701,105881
2024.02.27,18:00,1.08509,1.08566,1.08488,1.08494,7488,98393
2024.02.27,19:00,1.08496,1.08496,1.08407,1.08442,5547,92846
2024.02.27,20:00,1.08442,1.08477,1.08418,1.08442,4496,88350
2024.02.27,21:00,1.08441,1.08461,1.08436,1.08445,1394,86956
2024.02.27,22:00,1.0843,1.08466,1.0843,1.08445,1823,85133
2024.02.27,23:00,1.08442,1.08452,1.0841,1.08411,1321,83812
2024.02.28,00:00,1.08412,1.08458,1.08403,1.08446,2488,86304
2024.02.28,01:00,1.08447,1.08448,1.08378,1.08395,4407,81893
2024.02.28,02:00,1.08394,1.08403,1.08369,1.08375,3325,78568
2024.02.28,03:00,1.08376,1.08381,1.08326,1.08343,2879,75689
2024.02.28,04:00,1.08344,1.08357,1.08319,1.08323,2125,73564
2024.02.28,05:00,1.08321,1.08332,1.08254,1.08267,2547,71017
2024.02.28,06:00,1.08266,1.08295,1.0822,1.08225,2807,68210
2024.02.28,07:00,1.08224,1.08248,1.08164,1.08233,6935,61275
2024.02.28,08:00,1.08234,1.08241,1.08082,1.0809,7776,53499
2024.02.28,09:00,1.0809,1.08124,1.07966,1.07999,8616,44883
2024.02.28,10:00,1.07998,1.08176,1.07993,1.08155,7869,52756
2024.02.28,11:00,1.08156,1.0818,1.0811,1.08155,5880,58636
2024.02.28,12:00,1.08154,1.08208,1.08072,1.08088,5911,52721
2024.02.28,13:00,1.08086,1.08307,1.08067,1.08276,9657,62382
2024.02.28,14:00,1.08275,1.08338,1.08214,1.08299,10363,72745
2024.02.28,15:00,1.083,1.08379,1.08261,1.08343,8132,80877
2024.02.28,16:00,1.08344,1.08423,1.08313,1.08421,7028,87905
2024.02.28,17:00,1.08418,1.08459,1.08338,1.08383,5621,82280
2024.02.28,18:00,1.08384,1.08405,1.08327,1.08344,4335,77945
2024.02.28,19:00,1.08343,1.08373,1.08325,1.08336,4900,73045
2024.02.28,20:00,1.08338,1.08398,1.08329,1.08381,3552,76601
2024.02.28,21:00,1.0838,1.08395,1.08362,1.08382,1206,77803
2024.02.28,22:00,1.08348,1.08401,1.08344,1.08374,1672,79479
2024.02.28,23:00,1.08375,1.084,1.0837,1.08384,1548,81027
2024.02.29,00:00,1.08384,1.08401,1.08346,1.08362,3811,77212
2024.02.29,01:00,1.08363,1.08401,1.08277,1.08289,6423,70789
2024.02.29,02:00,1.08289,1.08366,1.08286,1.08365,5793,76586
2024.02.29,03:00,1.08365,1.08379,1.08336,1.08369,4154,80740
2024.02.29,04:00,1.08369,1.08376,1.0834,1.08362,3644,84384
2024.02.29,05:00,1.08363,1.08374,1.08317,1.08354,5001,89385
2024.02.29,06:00,1.08354,1.08381,1.08322,1.0833,5141,84240
2024.02.29,07:00,1.08328,1.08393,1.08258,1.08284,7066,77174
2024.02.29,08:00,1.08286,1.08473,1.08284,1.08374,9236,86414
2024.02.29,09:00,1.08379,1.08521,1.08374,1.08504,8330,94744
2024.02.29,10:00,1.08505,1.08543,1.08376,1.08378,6936,87804
2024.02.29,11:00,1.08377,1.0843,1.08289,1.08343,6187,81617
2024.02.29,12:00,1.08344,1.08357,1.08265,1.0829,6767,74850
2024.02.29,13:00,1.0829,1.08467,1.08219,1.08378,13348,88202
2024.02.29,14:00,1.08376,1.08502,1.08362,1.08467,11465,99667
2024.02.29,15:00,1.08486,1.08558,1.08191,1.08224,13176,86487
2024.02.29,16:00,1.08223,1.0825,1.08045,1.08063,10661,75826
2024.02.29,17:00,1.08064,1.08074,1.07958,1.07998,8314,67512
2024.02.29,18:00,1.07998,1.08102,1.07984,1.08092,6687,74203
2024.02.29,19:00,1.08092,1.08112,1.08009,1.08024,6377,67822
2024.02.29,20:00,1.08026,1.08095,1.08026,1.08084,5647,73473
2024.02.29,21:00,1.08083,1.08087,1.08038,1.08047,2972,70497
2024.02.29,22:00,1.08009,1.0806,1.08,1.08051,5245,65252
2024.02.29,23:00,1.08049,1.08057,1.08021,1.08056,1477,63775
2024.03.01,00:00,1.08057,1.08125,1.0805,1.08114,2610,66389
2024.03.01,01:00,1.08115,1.08213,1.08109,1.08211,4274,70663
2024.03.01,02:00,1.0821,1.08219,1.08165,1.08182,3148,67511
2024.03.01,03:00,1.08183,1.08212,1.08166,1.08169,2526,64985
2024.03.01,04:00,1.0817,1.0817,1.0812,1.08136,1653,63332
2024.03.01,05:00,1.08137,1.08142,1.08111,1.08121,2306,61026
2024.03.01,06:00,1.08121,1.0814,1.08083,1.08093,2708,58318
2024.03.01,07:00,1.0809,1.08176,1.08087,1.08125,6326,64648
2024.03.01,08:00,1.08126,1.08199,1.0809,1.08114,8962,55682
2024.03.01,09:00,1.08114,1.08176,1.08086,1.0815,8039,63725
2024.03.01,10:00,1.08156,1.08225,1.07984,1.08105,9971,53750
2024.03.01,11:00,1.08107,1.0819,1.08103,1.08188,6529,60283
2024.03.01,12:00,1.08187,1.08248,1.0812,1.08129,6457,53822
2024.03.01,13:00,1.0813,1.08153,1.08077,1.08127,8959,44863
2024.03.01,14:00,1.08129,1.08207,1.0798,1.07997,9261,35606
2024.03.01,15:00,1.08177,1.08417,1.08072,1.0835,15467,51073
2024.03.01,16:00,1.08353,1.08369,1.08234,1.0831,7836,43233
2024.03.01,17:00,1.0831,1.08398,1.08287,1.08377,5523,48760
2024.03.01,18:00,1.08375,1.08426,1.08314,1.08398,5824,54584
2024.03.01,19:00,1.08399,1.08431,1.0838,1.08411,5004,59588
2024.03.01,20:00,1.0841,1.08412,1.08348,1.08373,3578,56006
2024.03.01,21:00,1.08373,1.08404,1.08333,1.08393,2420,58426
2024.03.03,22:00,1.08376,1.08423,1.08362,1.08382,1708,56718
2024.03.03,23:00,1.08385,1.08441,1.08385,1.08416,2177,58899
2024.03.04,00:00,1.08418,1.08479,1.08407,1.08458,4384,63283
2024.03.04,01:00,1.08457,1.08458,1.08385,1.08401,3913,59366
2024.03.04,02:00,1.08401,1.08459,1.08384,1.08454,3574,62944
2024.03.04,03:00,1.08453,1.08458,1.08422,1.0844,2239,60701
2024.03.04,04:00,1.08441,1.08457,1.08433,1.08437,1813,58888
2024.03.04,05:00,1.08437,1.08468,1.08428,1.08444,2105,56783
2024.03.04,06:00,1.08444,1.08479,1.08429,1.08469,3604,60391
2024.03.04,07:00,1.08472,1.0854,1.0845,1.08538,5632,66023
2024.03.04,08:00,1.08538,1.08578,1.08376,1.08447,8200,57819
2024.03.04,09:00,1.08447,1.08521,1.08421,1.08491,6432,64255
2024.03.04,10:00,1.0849,1.08549,1.08459,1.08536,5253,69508
2024.03.04,11:00,1.08537,1.08569,1.08516,1.08562,4547,74055
2024.03.04,12:00,1.08563,1.08576,1.08415,1.08426,5275,68776
2024.03.04,13:00,1.08426,1.08501,1.084,1.08487,8224,77004
2024.03.04,14:00,1.08489,1.08617,1.08448,1.08598,9455,86459
2024.03.04,15:00,1.08597,1.08637,1.08553,1.0863,8723,95182
2024.03.04,16:00,1.08631,1.08668,1.08567,1.08615,7742,87436
2024.03.04,17:00,1.08614,1.08623,1.08553,1.0858,6172,81264
2024.03.04,18:00,1.08579,1.08607,1.08556,1.08564,3906,77358
2024.03.04,19:00,1.08565,1.08584,1.08552,1.08566,4453,72905
2024.03.04,20:00,1.08565,1.08595,1.08554,1.08558,3617,69288
2024.03.04,21:00,1.08558,1.0857,1.08548,1.08549,1305,67983
2024.03.04,22:00,1.08533,1.08562,1.08513,1.08526,6213,61774
2024.03.04,23:00,1.08541,1.0858,1.08536,1.0854,824,62598
2024.03.05,00:00,1.08538,1.08553,1.08514,1.0853,2083,64681
2024.03.05,01:00,1.08526,1.08547,1.08475,1.08495,3616,61061
2024.03.05,02:00,1.08494,1.08519,1.08483,1.08501,2802,58259
2024.03.05,03:00,1.08501,1.08548,1.08495,1.08543,1593,59856
2024.03.05,04:00,1.08544,1.08544,1.08499,1.08506,1992,57860
2024.03.05,05:00,1.08506,1.08541,1.08492,1.0853,2401,60265
2024.03.05,06:00,1.08531,1.08532,1.08446,1.08467,3311,56950
2024.03.05,07:00,1.08468,1.08512,1.08415,1.08464,5859,51091
2024.03.05,08:00,1.08463,1.08518,1.08428,1.08471,7705,43386
2024.03.05,09:00,1.0847,1.08558,1.0847,1.08513,6531,49921
2024.03.05,10:00,1.08507,1.0855,1.08493,1.08502,4713,45204
2024.03.05,11:00,1.08501,1.08536,1.08477,1.08499,5066,40138
2024.03.05,12:00,1.08499,1.08505,1.08456,1.08473,5239,34899
2024.03.05,13:00,1.08472,1.08516,1.08419,1.08462,7797,27102
2024.03.05,14:00,1.08465,1.08544,1.08399,1.08446,9145,17957
2024.03.05,15:00,1.08453,1.0876,1.08453,1.08714,12038,29999
2024.03.05,16:00,1.08713,1.08719,1.08581,1.08611,8287,21708
2024.03.05,17:00,1.08609,1.08645,1.08578,1.08598,5495,16213
2024.03.05,18:00,1.08599,1.086,1.08513,1.08527,4473,11740
2024.03.05,19:00,1.08526,1.08577,1.08511,1.08529,5692,6048
2024.03.05,20:00,1.08528,1.08586,1.08489,1.08576,4884,10936
2024.03.05,21:00,1.08577,1.08591,1.08557,1.08565,1474,9458
2024.03.05,22:00,1.08539,1.08573,1.08535,1.08568,2162,7296
2024.03.05,23:00,1.08571,1.08587,1.08554,1.08554,1229,6067
2024.03.06,00:00,1.08556,1.08556,1.08491,1.08498,3915,2152
2024.03.06,01:00,1.08499,1.08502,1.0842,1.08439,5267,-3115
2024.03.06,02:00,1.0844,1.08533,1.08438,1.08524,4231,1120
2024.03.06,03:00,1.08525,1.08532,1.08503,1.08506,3104,-1988
2024.03.06,04:00,1.08508,1.08524,1.08494,1.08518,3033,1049
2024.03.06,05:00,1.08518,1.08569,1.08517,1.08551,3183,4232
2024.03.06,06:00,1.0855,1.08606,1.08549,1.08595,4176,8408
2024.03.06,07:00,1.08596,1.08664,1.08585,1.08619,6495,14903
2024.03.06,08:00,1.08618,1.08741,1.08591,1.08731,7053,21956
2024.03.06,09:00,1.08731,1.08777,1.08695,1.08764,5356,27312
2024.03.06,10:00,1.08765,1.08795,1.08734,1.08774,4142,31454
2024.03.06,11:00,1.08773,1.08784,1.08715,1.08757,3988,27462
2024.03.06,12:00,1.08758,1.08786,1.08674,1.08687,5008,22454
2024.03.06,13:00,1.08689,1.08851,1.08683,1.08848,11820,34278
2024.03.06,14:00,1.08849,1.08892,1.08829,1.08867,9852,44126
2024.03.06,15:00,1.08855,1.09087,1.08813,1.09051,12309,56439
2024.03.06,16:00,1.0905,1.09149,1.08995,1.09122,10231,66670
2024.03.06,17:00,1.09122,1.09154,1.08993,1.09023,9582,57084
2024.03.06,18:00,1.09024,1.09078,1.09004,1.0903,7959,49125
2024.03.06,19:00,1.09027,1.09027,1.08932,1.08967,9725,39400
2024.03.06,20:00,1.08966,1.08995,1.08929,1.0899,6156,45560
2024.03.06,21:00,1.08991,1.08996,1.08953,1.08988,1826,47382
2024.03.06,22:00,1.08927,1.09006,1.08927,1.0898,1961,49347
2024.03.06,23:00,1.08972,1.09015,1.08966,1.08994,1114,50461
2024.03.07,00:00,1.08993,1.09072,1.08993,1.09029,4006,54467
2024.03.07,01:00,1.09032,1.09041,1.08963,1.08978,5516,48947
2024.03.07,02:00,1.08978,1.08989,1.08934,1.08984,4016,44931
2024.03.07,03:00,1.08984,1.09015,1.08952,1.09005,2679,47614
2024.03.07,04:00,1.09005,1.09056,1.09003,1.09036,3191,50805
2024.03.07,05:00,1.09036,1.09056,1.08997,1.09004,2787,48014
2024.03.07,06:00,1.09002,1.0903,1.08986,1.09017,3601,51619
2024.03.07,07:00,1.0902,1.09043,1.08911,1.08936,7374,44241
2024.03.07,08:00,1.08938,1.0898,1.08876,1.08979,8159,52404
2024.03.07,09:00,1.08977,1.09028,1.08927,1.09016,5703,58107
2024.03.07,10:00,1.09016,1.09018,1.08896,1.08964,6284,51819
2024.03.07,11:00,1.08964,1.08991,1.08924,1.0894,5735,46084
2024.03.07,12:00,1.08941,1.09002,1.08921,1.08942,5851,40233
2024.03.07,13:00,1.08943,1.08968,1.08677,1.08722,12766,27467
2024.03.07,14:00,1.08722,1.09195,1.0869,1.09156,14150,41621
2024.03.07,15:00,1.09157,1.09308,1.09081,1.09299,10364,51985
2024.03.07,16:00,1.09299,1.09421,1.09246,1.09403,9709,61694
2024.03.07,17:00,1.09401,1.09415,1.09311,1.0937,6433,55257
2024.03.07,18:00,1.09369,1.09447,1.09364,1.09422,4549,59810
2024.03.07,19:00,1.09421,1.09487,1.09406,1.09468,4356,64166
2024.03.07,20:00,1.09467,1.09492,1.09424,1.09469,4206,68372
2024.03.07,21:00,1.0947,1.09489,1.09457,1.09481,2113,70481
2024.03.07,22:00,1.09442,1.09474,1.09432,1.09467,3396,67085
2024.03.07,23:00,1.09468,1.09513,1.09458,1.0951,975,68064
2024.03.08,00:00,1.0951,1.09557,1.09502,1.09513,3314,71378
2024.03.08,01:00,1.09514,1.09528,1.09464,1.0948,4075,67299
2024.03.08,02:00,1.09479,1.09507,1.09448,1.09457,3542,63757
2024.03.08,03:00,1.09456,1.09479,1.0944,1.09473,2561,66322
2024.03.08,04:00,1.09473,1.09491,1.09445,1.09456,2242,64076
2024.03.08,05:00,1.09456,1.09485,1.09448,1.09465,2596,61480
2024.03.08,06:00,1.09464,1.09491,1.09442,1.09482,3682,65166
2024.03.08,07:00,1.09479,1.09511,1.09315,1.09337,8170,56992
2024.03.08,08:00,1.09338,1.0939,1.0929,1.09359,7438,64434
2024.03.08,09:00,1.09359,1.09374,1.0926,1.09353,8537,72971
2024.03.08,10:00,1.09352,1.09371,1.09263,1.09335,6901,66066
2024.03.08,11:00,1.09336,1.0939,1.09295,1.09347,5961,72031
2024.03.08,12:00,1.09346,1.09351,1.09279,1.09319,5923,66104
2024.03.08,13:00,1.09323,1.09811,1.09175,1.09581,14119,80227
2024.03.08,14:00,1.09583,1.09664,1.09446,1.09579,14585,94812
2024.03.08,15:00,1.09578,1.09618,1.09434,1.09609,11020,105832
2024.03.08,16:00,1.09609,1.09613,1.09374,1.09404,10495,95333
2024.03.08,17:00,1.09402,1.09457,1.09367,1.09393,10174,85159
2024.03.08,18:00,1.09394,1.09401,1.09333,1.09371,7421,77738
2024.03.08,19:00,1.09372,1.09422,1.09343,1.09417,6289,84031
2024.03.08,20:00,1.09418,1.09438,1.09344,1.09363,4537,79490
2024.03.08,21:00,1.09363,1.09405,1.09352,1.09376,2085,81579
2024.03.10,21:00,1.09397,1.09401,1.09357,1.09379,757,82336
2024.03.10,22:00,1.09391,1.09405,1.09358,1.09377,1051,83387
2024.03.10,23:00,1.09376,1.09437,1.09375,1.09426,3403,86790
2024.03.11,00:00,1.09425,1.09465,1.09382,1.09423,4688,91478
2024.03.11,01:00,1.09421,1.09456,1.09389,1.09406,6366,85108
2024.03.11,02:00,1.09405,1.0942,1.09372,1.09389,3836,81272
2024.03.11,03:00,1.09388,1.09444,1.0938,1.09413,2877,84153
2024.03.11,04:00,1.09413,1.09417,1.0937,1.09386,2678,81471
2024.03.11,05:00,1.09388,1.09421,1.09387,1.09412,3326,84801
2024.03.11,06:00,1.09413,1.09436,1.09353,1.09421,4048,88849
2024.03.11,07:00,1.09421,1.09474,1.09371,1.09419,5826,94675
2024.03.11,08:00,1.09417,1.09479,1.09384,1.09445,7883,102558
2024.03.11,09:00,1.09445,1.0945,1.09339,1.09345,5922,96632
2024.03.11,10:00,1.09346,1.09434,1.09329,1.09417,4360,100996
2024.03.11,11:00,1.09416,1.09435,1.09376,1.09429,4079,105075
2024.03.11,12:00,1.09428,1.09434,1.09293,1.09295,7521,97550
2024.03.11,13:00,1.09294,1.09317,1.09177,1.09197,7673,89877
2024.03.11,14:00,1.09196,1.09249,1.09157,1.09245,8113,97994
2024.03.11,15:00,1.09244,1.09288,1.09144,1.09273,8244,106238
2024.03.11,16:00,1.0927,1.0928,1.09228,1.09272,6254,112492
2024.03.11,17:00,1.09273,1.09303,1.09244,1.09253,6751,105737
2024.03.11,18:00,1.09253,1.09262,1.09183,1.09241,5579,100158
2024.03.11,19:00,1.09242,1.09265,1.09218,1.09262,4574,104736
2024.03.11,20:00,1.09262,1.09274,1.09251,1.09253,1605,106337
2024.03.11,21:00,1.09204,1.09264,1.09188,1.09257,5894,112235
2024.03.11,22:00,1.09258,1.09272,1.09244,1.09252,1085,113320
2024.03.11,23:00,1.09251,1.09311,1.09251,1.09307,1368,114688
2024.03.12,00:00,1.09307,1.09322,1.09283,1.09287,3162,111522
2024.03.12,01:00,1.09286,1.09343,1.09268,1.09336,3188,114714
2024.03.12,02:00,1.09338,1.09365,1.09301,1.09363,3641,118355
2024.03.12,03:00,1.09362,1.09381,1.09341,1.09363,2192,120547
2024.03.12,04:00,1.09363,1.09381,1.09346,1.09369,1822,122369
2024.03.12,05:00,1.09369,1.09392,1.09367,1.09384,2761,125130
2024.03.12,06:00,1.09383,1.09391,1.09343,1.09379,3324,128454
2024.03.12,07:00,1.09379,1.09394,1.09315,1.09319,6440,122010
2024.03.12,08:00,1.09317,1.09334,1.09211,1.09248,6733,115277
2024.03.12,09:00,1.09248,1.09334,1.09232,1.09304,5397,120678
2024.03.12,10:00,1.09303,1.09344,1.09266,1.0934,6699,127377
2024.03.12,11:00,1.09342,1.09355,1.09318,1.09336,6228,133605
2024.03.12,12:00,1.09335,1.09437,1.09026,1.09201,15200,118401
2024.03.12,13:00,1.09202,1.09231,1.09023,1.09107,16409,101992
2024.03.12,14:00,1.09113,1.09197,1.09063,1.0917,11396,113392
2024.03.12,15:00,1.0917,1.09185,1.09075,1.09177,8343,121735
2024.03.12,16:00,1.09178,1.09191,1.09135,1.09176,6622,128357
2024.03.12,17:00,1.09175,1.09208,1.09126,1.09193,7982,136339
2024.03.12,18:00,1.09193,1.09246,1.09183,1.09242,5871,142210
2024.03.12,19:00,1.09241,1.09259,1.09211,1.09257,4996,147206
2024.03.12,20:00,1.09257,1.09275,1.0925,1.0926,2353,149555
2024.03.12,21:00,1.09246,1.0927,1.09244,1.09264,5056,154615
2024.03.12,22:00,1.09267,1.09287,1.09262,1.09275,1943,156558
2024.03.12,23:00,1.09276,1.0929,1.09264,1.09266,3302,159860
2024.03.13,00:00,1.09268,1.09297,1.09257,1.09268,4960,164820
2024.03.13,01:00,1.09269,1.09289,1.09233,1.09238,4986,159830
2024.03.13,02:00,1.09237,1.09276,1.09232,1.09269,5371,165205
2024.03.13,03:00,1.09269,1.09307,1.09251,1.09278,3894,169099
2024.03.13,04:00,1.09278,1.09283,1.09221,1.09234,3551,165544
2024.03.13,05:00,1.09236,1.0929,1.09228,1.09287,3828,169376
2024.03.13,06:00,1.09288,1.09292,1.09251,1.09278,4727,174103
2024.03.13,07:00,1.09279,1.09319,1.09209,1.09267,5298,168801
2024.03.13,08:00,1.09269,1.09329,1.0926,1.09277,6552,162249
2024.03.13,09:00,1.09278,1.09281,1.09201,1.09233,6756,155493
2024.03.13,10:00,1.0923,1.09334,1.09222,1.09306,5498,160995
2024.03.13,11:00,1.09306,1.09457,1.093,1.09422,5122,166117
2024.03.13,12:00,1.09421,1.09472,1.09336,1.09366,7731,158382
2024.03.13,13:00,1.09367,1.0942,1.09359,1.09372,8253,150129
2024.03.13,14:00,1.09373,1.09444,1.09314,1.0942,8723,158856
2024.03.13,15:00,1.0942,1.09473,1.0938,1.09436,7977,166833
2024.03.13,16:00,1.09433,1.09494,1.094,1.09491,7469,174302
2024.03.13,17:00,1.09491,1.09636,1.09486,1.09571,7757,182059
2024.03.13,18:00,1.0957,1.09583,1.09501,1.09508,4926,177129
2024.03.13,19:00,1.09509,1.09518,1.09456,1.09473,4982,172147
2024.03.13,20:00,1.09473,1.09492,1.09471,1.0948,1853,170298
2024.03.13,21:00,1.09501,1.09512,1.09454,1.09487,3430,166864
2024.03.13,22:00,1.09495,1.09516,1.09487,1.09488,1469,165395
2024.03.13,23:00,1.09489,1.09532,1.09489,1.09532,1339,166738
2024.03.14,00:00,1.09533,1.09548,1.09458,1.09487,3043,163691
2024.03.14,01:00,1.09488,1.09528,1.0945,1.09489,3501,160190
2024.03.14,02:00,1.09489,1.09497,1.0943,1.09438,2098,158092
2024.03.14,03:00,1.09439,1.09453,1.09413,1.09423,2803,155289
2024.03.14,04:00,1.09424,1.09429,1.0939,1.09425,2066,153223
2024.03.14,05:00,1.09425,1.09432,1.09392,1.09396,2360,150863
2024.03.14,06:00,1.09397,1.09419,1.0937,1.09378,3009,147854
2024.03.14,07:00,1.09376,1.09428,1.09317,1.09353,6332,141522
2024.03.14,08:00,1.09354,1.09441,1.09352,1.09376,7521,149047
2024.03.14,09:00,1.09376,1.09444,1.09369,1.09414,5621,154668
2024.03.14,10:00,1.09414,1.09454,1.09378,1.09396,5082,149582
2024.03.14,11:00,1.09396,1.09436,1.09376,1.09415,5136,154722
2024.03.14,12:00,1.09415,1.09447,1.0924,1.09299,12272,142446
2024.03.14,13:00,1.093,1.09313,1.09088,1.0912,12992,129454
2024.03.14,14:00,1.09119,1.09142,1.0896,1.08978,11739,117715
2024.03.14,15:00,1.08978,1.08995,1.0883,1.08876,9986,107729
2024.03.14,16:00,1.08875,1.08926,1.08846,1.08871,7911,99818
2024.03.14,17:00,1.0887,1.08891,1.08809,1.08864,5239,94579
2024.03.14,18:00,1.08865,1.08899,1.08837,1.08851,5105,89474
2024.03.14,19:00,1.0885,1.08912,1.08806,1.08912,4824,94302
2024.03.14,20:00,1.08911,1.08919,1.08828,1.08833,2353,91945
2024.03.14,21:00,1.08834,1.08855,1.08819,1.08854,3610,95559
2024.03.14,22:00,1.08856,1.08861,1.08831,1.0884,832,94723
2024.03.14,23:00,1.08839,1.08852,1.08824,1.08827,2482,92241
2024.03.15,00:00,1.08827,1.08844,1.08761,1.08778,4168,88073
2024.03.15,01:00,1.08779,1.08802,1.08754,1.0877,3911,84162
2024.03.15,02:00,1.08771,1.08771,1.08728,1.08733,3299,80863
2024.03.15,03:00,1.08733,1.08782,1.08733,1.08769,3110,83977
2024.03.15,04:00,1.08769,1.08774,1.08748,1.08765,2507,86484
2024.03.15,05:00,1.08765,1.08774,1.08733,1.0877,2296,88780
2024.03.15,06:00,1.0877,1.08807,1.08755,1.08798,3469,92249
2024.03.15,07:00,1.08799,1.08849,1.08786,1.08809,5277,97526
2024.03.15,08:00,1.08809,1.08869,1.0878,1.08829,6808,104334
2024.03.15,09:00,1.08828,1.08996,1.08826,1.08982,5824,110158
2024.03.15,10:00,1.08981,1.08997,1.08892,1.08911,5182,104972
2024.03.15,11:00,1.08911,1.08964,1.08869,1.08936,4018,108994
2024.03.15,12:00,1.08937,1.08942,1.08843,1.08872,8729,100261
2024.03.15,13:00,1.08872,1.08949,1.08831,1.0886,9974,90287
2024.03.15,14:00,1.08859,1.08944,1.08843,1.08879,10448,100739
2024.03.15,15:00,1.08883,1.0889,1.08813,1.08876,7754,108493
2024.03.15,16:00,1.08875,1.08899,1.08835,1.08858,6925,101564
2024.03.15,17:00,1.08858,1.08878,1.08833,1.08837,5906,95658
2024.03.15,18:00,1.08839,1.08911,1.08837,1.08903,5245,100907
2024.03.15,19:00,1.08903,1.08914,1.08869,1.08893,3760,104667
2024.03.15,20:00,1.08893,1.08898,1.08868,1.0887,1525,103142
2024.03.17,21:00,1.08897,1.08907,1.08827,1.08869,494,102648
2024.03.17,22:00,1.08883,1.08912,1.08861,1.08864,1535,101109
2024.03.17,23:00,1.08864,1.08866,1.08817,1.08836,3257,97852
2024.03.18,00:00,1.08837,1.08881,1.08805,1.08853,2209,100065
2024.03.18,01:00,1.08852,1.08901,1.08827,1.08892,2839,102904
2024.03.18,02:00,1.08892,1.08916,1.08875,1.0889,2612,105516
2024.03.18,03:00,1.08891,1.08906,1.08853,1.08854,1687,103825
2024.03.18,04:00,1.08855,1.08882,1.08854,1.08876,1878,105707
2024.03.18,05:00,1.08876,1.08888,1.08852,1.08871,1766,107473
2024.03.18,06:00,1.08872,1.08894,1.08864,1.08891,2234,109707
2024.03.18,07:00,1.08891,1.08965,1.08888,1.08924,4396,114103
2024.03.18,08:00,1.08923,1.08978,1.08908,1.08936,6979,121082
2024.03.18,09:00,1.08937,1.09005,1.08926,1.08995,4717,125799
2024.03.18,10:00,1.08994,1.0902,1.08963,1.08998,4983,130782
2024.03.18,11:00,1.08998,1.09062,1.08988,1.09025,4741,135523
2024.03.18,12:00,1.09024,1.0905,1.08898,1.08922,5940,129579
2024.03.18,13:00,1.08922,1.08935,1.08856,1.08892,6537,123042
2024.03.18,14:00,1.08891,1.08933,1.08843,1.08857,6497,116545
2024.03.18,15:00,1.08857,1.0889,1.0881,1.08853,6505,110040
2024.03.18,16:00,1.08853,1.08853,1.08693,1.08724,6822,103218
2024.03.18,17:00,1.08724,1.08751,1.08659,1.08686,4857,98361
2024.03.18,18:00,1.08691,1.08711,1.08672,1.08711,3670,102035
2024.03.18,19:00,1.0871,1.08733,1.08677,1.08693,2750,99281
2024.03.18,20:00,1.08692,1.08724,1.08691,1.08722,1511,100796
2024.03.18,21:00,1.08724,1.08741,1.08715,1.08728,1704,102500
2024.03.18,22:00,1.08726,1.08741,1.08712,1.0872,1071,103571
2024.03.18,23:00,1.08719,1.08736,1.08712,1.08733,1576,105147
2024.03.19,00:00,1.08734,1.08746,1.08692,1.08694,3563,101580
2024.03.19,01:00,1.08694,1.08718,1.08666,1.08682,4335,97245
2024.03.19,02:00,1.08683,1.08747,1.08682,1.08734,3683,100932
2024.03.19,03:00,1.08734,1.08765,1.08699,1.08738,6102,107034
2024.03.19,04:00,1.08739,1.08766,1.08674,1.08705,4392,102638
2024.03.19,05:00,1.08706,1.08722,1.08629,1.08642,4285,98353
2024.03.19,06:00,1.08642,1.08686,1.0862,1.08676,5655,104012
2024.03.19,07:00,1.08675,1.08676,1.08516,1.08548,6184,97824
2024.03.19,08:00,1.08547,1.08561,1.08423,1.08474,8265,89559
2024.03.19,09:00,1.08476,1.08502,1.08347,1.08366,6857,82702
2024.03.19,10:00,1.08366,1.08459,1.08366,1.08444,6936,89642
2024.03.19,11:00,1.08442,1.08518,1.0843,1.08504,5072,94714
2024.03.19,12:00,1.08504,1.08561,1.08456,1.08516,8680,103394
2024.03.19,13:00,1.08517,1.08571,1.08493,1.08542,7655,111049
2024.03.19,14:00,1.08542,1.08653,1.08537,1.08624,7639,118688
2024.03.19,15:00,1.08624,1.08624,1.08533,1.08583,6085,112599
2024.03.19,16:00,1.08584,1.08639,1.08545,1.08634,6305,118908
2024.03.19,17:00,1.08634,1.08676,1.08597,1.08635,5334,124242
2024.03.19,18:00,1.08635,1.08652,1.08614,1.08625,3554,127796
2024.03.19,19:00,1.08626,1.08657,1.08609,1.08648,4032,131828
2024.03.19,20:00,1.08645,1.08664,1.0864,1.08657,1531,133359
2024.03.19,21:00,1.08654,1.08668,1.08622,1.08656,2886,136245
2024.03.19,22:00,1.08653,1.08665,1.08646,1.08655,662,136907
2024.03.19,23:00,1.08656,1.08665,1.08615,1.08617,1909,134994
2024.03.20,00:00,1.08617,1.0865,1.08582,1.08644,2339,137337
2024.03.20,01:00,1.08645,1.08657,1.08621,1.08644,2536,139873
2024.03.20,02:00,1.08643,1.08693,1.08628,1.08688,1802,141675
2024.03.20,03:00,1.0869,1.08711,1.08678,1.087,1929,143604
2024.03.20,04:00,1.08699,1.08705,1.08662,1.08667,1952,141648
2024.03.20,05:00,1.08666,1.08684,1.08653,1.08658,2249,139399
2024.03.20,06:00,1.08658,1.08707,1.08651,1.08702,2337,141740
2024.03.20,07:00,1.08703,1.08722,1.08649,1.08654,6623,135113
2024.03.20,08:00,1.08651,1.08654,1.08501,1.08522,5952,129161
2024.03.20,09:00,1.08522,1.08523,1.08364,1.08391,7247,121914
2024.03.20,10:00,1.08392,1.0843,1.08364,1.08397,5743,116171
2024.03.20,11:00,1.08396,1.08437,1.08371,1.08426,4947,121122
2024.03.20,12:00,1.08427,1.0845,1.08379,1.08422,5585,126707
2024.03.20,13:00,1.08422,1.08455,1.08372,1.08447,6076,132783
2024.03.20,14:00,1.08448,1.08513,1.08437,1.08497,5738,138521
2024.03.20,15:00,1.08498,1.08562,1.08488,1.08547,5247,143768
2024.03.20,16:00,1.08547,1.08611,1.08535,1.08607,3925,147693
2024.03.20,17:00,1.08608,1.08669,1.08586,1.08641,4503,152196
2024.03.20,18:00,1.08634,1.09176,1.08613,1.0914,20761,172957
2024.03.20,19:00,1.09142,1.09228,1.09018,1.09209,12575,185532
2024.03.20,20:00,1.09208,1.09228,1.09188,1.09218,3069,188597
2024.03.20,21:00,1.092,1.09231,1.09167,1.09212,2128,190725
2024.03.20,22:00,1.09197,1.09323,1.09196,1.09322,2409,193138
2024.03.20,23:00,1.09322,1.09375,1.09292,1.09374,3287,196425
2024.03.21,00:00,1.09374,1.09374,1.09306,1.09334,5960,190461
2024.03.21,01:00,1.09334,1.0939,1.09332,1.09352,5634,196099
2024.03.21,02:00,1.09351,1.09373,1.09326,1.09354,2898,198997
2024.03.21,03:00,1.09353,1.0937,1.09336,1.0935,2840,201837
2024.03.21,04:00,1.0935,1.09354,1.09328,1.09331,1935,199898
2024.03.21,05:00,1.09332,1.09368,1.09317,1.09317,3431,196467
2024.03.21,06:00,1.09317,1.09382,1.09316,1.09377,3506,199977
2024.03.21,07:00,1.09374,1.09426,1.09254,1.09288,6017,193956
2024.03.21,08:00,1.09285,1.09285,1.08872,1.08914,11874,182082
2024.03.21,09:00,1.08915,1.09148,1.0889,1.09129,8992,191078
2024.03.21,10:00,1.09128,1.09236,1.09123,1.09194,6578,197656
2024.03.21,11:00,1.09192,1.09204,1.0905,1.09095,5816,191836
2024.03.21,12:00,1.09097,1.09169,1.09035,1.09115,10903,202743
2024.03.21,13:00,1.09115,1.09118,1.08842,1.08856,11109,191630
2024.03.21,14:00,1.08856,1.0886,1.08705,1.08788,11587,180043
2024.03.21,15:00,1.08787,1.08792,1.08558,1.08604,9918,170125
2024.03.21,16:00,1.08605,1.08648,1.08581,1.08608,8643,161482
2024.03.21,17:00,1.08608,1.08663,1.0856,1.08579,5850,155632
2024.03.21,18:00,1.08581,1.08631,1.08571,1.08625,4506,160142
2024.03.21,19:00,1.08624,1.08628,1.08554,1.08568,3768,156370
2024.03.21,20:00,1.08569,1.08605,1.08567,1.08597,1723,158093
2024.03.21,21:00,1.08586,1.08616,1.08582,1.08606,3694,161791
2024.03.21,22:00,1.08618,1.08623,1.08603,1.08619,717,162508
2024.03.21,23:00,1.08616,1.0863,1.08607,1.0862,1289,163797
2024.03.22,00:00,1.08622,1.0868,1.08622,1.08652,2447,166244
2024.03.22,01:00,1.08651,1.08658,1.085,1.08505,4905,161335
2024.03.22,02:00,1.08504,1.08523,1.08389,1.0839,5083,156252
2024.03.22,03:00,1.08389,1.08413,1.08359,1.08379,3479,152773
2024.03.22,04:00,1.0838,1.0838,1.08312,1.08333,2584,150189
2024.03.22,05:00,1.08333,1.0842,1.08333,1.08416,3522,153715
2024.03.22,06:00,1.08407,1.08407,1.0827,1.08305,4087,149624
2024.03.22,07:00,1.08303,1.08345,1.08209,1.08247,7883,141741
2024.03.22,08:00,1.08248,1.08296,1.0808,1.08116,8274,133467
2024.03.22,09:00,1.08114,1.08233,1.08114,1.08163,7767,141238
2024.03.22,10:00,1.08163,1.08216,1.08145,1.08164,5989,147227
2024.03.22,11:00,1.08165,1.08223,1.08115,1.08162,5804,153031
2024.03.22,12:00,1.08163,1.08311,1.08144,1.08264,8813,161844
2024.03.22,13:00,1.08264,1.08298,1.08184,1.08295,7577,169421
2024.03.22,14:00,1.08299,1.08319,1.08146,1.0815,6860,162557
2024.03.22,15:00,1.08149,1.08218,1.08105,1.08158,6469,156088
2024.03.22,16:00,1.08158,1.08168,1.08057,1.08058,5151,150937
2024.03.22,17:00,1.08057,1.08107,1.08048,1.08059,3830,147107
2024.03.22,18:00,1.08058,1.08076,1.0804,1.08041,2653,144454
2024.03.22,19:00,1.0804,1.08068,1.08017,1.08058,2455,146913
2024.03.22,20:00,1.08055,1.08098,1.0805,1.08083,2242,149151
2024.03.24,21:00,1.0807,1.08102,1.08058,1.08072,227,148924
2024.03.24,22:00,1.08082,1.08088,1.08047,1.08086,866,149794
2024.03.24,23:00,1.08085,1.08099,1.08068,1.08072,1969,147821
2024.03.25,00:00,1.08073,1.08098,1.08025,1.08035,3690,144131
2024.03.25,01:00,1.08036,1.08197,1.0802,1.08168,6274,150409
2024.03.25,02:00,1.08169,1.08221,1.08156,1.08217,4464,154873
2024.03.25,03:00,1.08216,1.08218,1.08116,1.08136,3348,151521
2024.03.25,04:00,1.08135,1.08141,1.08106,1.08131,2174,149347
2024.03.25,05:00,1.08132,1.08223,1.08124,1.08222,2614,151965
2024.03.25,06:00,1.08219,1.08219,1.08165,1.08174,3035,148926
2024.03.25,07:00,1.08174,1.0823,1.08136,1.08137,4542,144384
2024.03.25,08:00,1.08138,1.08237,1.0807,1.08137,5603,138781
2024.03.25,09:00,1.08138,1.08216,1.08116,1.08176,4170,142955
2024.03.25,10:00,1.08174,1.08219,1.08164,1.08179,4233,147188
2024.03.25,11:00,1.08177,1.08296,1.08164,1.08285,4177,151365
2024.03.25,12:00,1.08285,1.08341,1.0828,1.08307,6078,157443
2024.03.25,13:00,1.08306,1.08379,1.08291,1.08352,6364,163807
2024.03.25,14:00,1.08349,1.08425,1.08338,1.08391,6642,170449
2024.03.25,15:00,1.08391,1.08391,1.08315,1.08367,5186,165259
2024.03.25,16:00,1.08365,1.08381,1.08331,1.08366,4443,160816
2024.03.25,17:00,1.08366,1.08379,1.08331,1.08364,3638,157178
2024.03.25,18:00,1.08365,1.08371,1.08349,1.08359,2473,154705
2024.03.25,19:00,1.0836,1.084,1.08355,1.08392,3223,157932
2024.03.25,20:00,1.08392,1.08408,1.08357,1.08374,1697,156231
2024.03.25,21:00,1.08376,1.08376,1.08327,1.08361,4519,151712
2024.03.25,22:00,1.08362,1.08384,1.08362,1.08371,767,150945
2024.03.25,23:00,1.0837,1.08385,1.08363,1.0837,1153,149792
2024.03.26,00:00,1.08371,1.08429,1.08361,1.08427,2217,152013
2024.03.26,01:00,1.08427,1.08457,1.08387,1.08405,4147,147862
2024.03.26,02:00,1.08406,1.08443,1.08398,1.08427,2659,150525
2024.03.26,03:00,1.08428,1.08443,1.08358,1.08369,2154,148367
2024.03.26,04:00,1.0837,1.08413,1.08365,1.08402,1652,150023
2024.03.26,05:00,1.08401,1.08482,1.08398,1.08472,2152,152175
2024.03.26,06:00,1.08471,1.0852,1.08462,1.08507,3080,155255
2024.03.26,07:00,1.08506,1.08529,1.08397,1.08423,5995,149256
2024.03.26,08:00,1.08423,1.08517,1.08385,1.08495,7447,156707
2024.03.26,09:00,1.08494,1.08559,1.08455,1.08536,7299,164006
2024.03.26,10:00,1.08537,1.08643,1.08528,1.08553,6797,170803
2024.03.26,11:00,1.08551,1.08599,1.08532,1.08569,6730,177533
2024.03.26,12:00,1.0857,1.08594,1.08486,1.0852,7903,169626
2024.03.26,13:00,1.08519,1.08585,1.08467,1.08529,7733,161893
2024.03.26,14:00,1.08528,1.08548,1.08378,1.08411,7824,154069
2024.03.26,15:00,1.08412,1.08443,1.08253,1.08281,7514,146555
2024.03.26,16:00,1.08283,1.08323,1.08241,1.08282,5558,140997
2024.03.26,17:00,1.08282,1.08358,1.08267,1.08304,3598,144599
2024.03.26,18:00,1.08305,1.08348,1.08297,1.08328,3236,147835
2024.03.26,19:00,1.08329,1.08349,1.08286,1.08286,3198,144633
2024.03.26,20:00,1.08286,1.08319,1.08283,1.08309,1802,146439
2024.03.26,21:00,1.08312,1.08324,1.08308,1.08316,1596,148035
2024.03.26,22:00,1.08324,1.08332,1.08317,1.08327,824,148859
2024.03.26,23:00,1.08326,1.08332,1.08302,1.08325,1337,150196
2024.03.27,00:00,1.08324,1.08328,1.08273,1.08294,3321,146871
2024.03.27,01:00,1.08295,1.08308,1.08204,1.08234,4638,142233
2024.03.27,02:00,1.08233,1.08279,1.08233,1.0826,3661,145898
2024.03.27,03:00,1.08259,1.0828,1.08241,1.08263,4023,149921
2024.03.27,04:00,1.08263,1.08304,1.08263,1.08299,1993,151914
2024.03.27,05:00,1.08298,1.08298,1.08254,1.08263,2594,149316
2024.03.27,06:00,1.08259,1.08326,1.08248,1.08321,3570,152890
2024.03.27,07:00,1.08322,1.08338,1.0823,1.08262,5564,147322
2024.03.27,08:00,1.08263,1.08304,1.08213,1.08286,5768,153094
2024.03.27,09:00,1.08285,1.08391,1.08266,1.08277,7334,160428
2024.03.27,10:00,1.08279,1.08349,1.08261,1.0833,5748,166176
2024.03.27,11:00,1.08327,1.0835,1.08179,1.0821,5336,160836
2024.03.27,12:00,1.08209,1.08216,1.0815,1.08188,6103,154733
2024.03.27,13:00,1.08188,1.08194,1.08108,1.08168,7077,147656
2024.03.27,14:00,1.08169,1.08214,1.08138,1.08146,8040,139616
2024.03.27,15:00,1.08145,1.08226,1.08138,1.08205,6962,146582
2024.03.27,16:00,1.08203,1.08258,1.08186,1.08231,6180,152762
2024.03.27,17:00,1.08231,1.08248,1.08173,1.08192,5404,147354
2024.03.27,18:00,1.08193,1.08232,1.08183,1.08223,4333,151691
2024.03.27,19:00,1.08223,1.08275,1.08204,1.08271,4343,156034
2024.03.27,20:00,1.0827,1.08291,1.08262,1.08278,1616,157646
2024.03.27,21:00,1.08235,1.08273,1.08228,1.08259,2674,154972
2024.03.27,22:00,1.08267,1.08267,1.08102,1.08135,2245,152727
2024.03.27,23:00,1.08137,1.0815,1.08112,1.08126,2370,150357
2024.03.28,00:00,1.0813,1.08201,1.08079,1.08176,3910,154271
2024.03.28,01:00,1.08175,1.08192,1.08148,1.08179,3626,157897
2024.03.28,02:00,1.08179,1.0826,1.08176,1.08221,3492,161389
2024.03.28,03:00,1.08222,1.08242,1.08212,1.08216,2012,163401
2024.03.28,04:00,1.08216,1.08243,1.08204,1.08235,1562,164963
2024.03.28,05:00,1.08235,1.08267,1.0822,1.08238,2579,167542
2024.03.28,06:00,1.08238,1.0824,1.08151,1.0818,3091,164447
2024.03.28,07:00,1.08185,1.08186,1.08002,1.08007,6140,158307
2024.03.28,08:00,1.08007,1.08019,1.07898,1.07919,6788,151519
2024.03.28,09:00,1.07919,1.07921,1.07751,1.07754,7027,144492
2024.03.28,10:00,1.07754,1.07929,1.07751,1.07893,6776,151272
2024.03.28,11:00,1.07892,1.07948,1.07827,1.07839,5449,145819
2024.03.28,12:00,1.07839,1.08089,1.07836,1.08082,7465,153288
2024.03.28,13:00,1.0808,1.08179,1.08028,1.0812,8867,162155
2024.03.28,14:00,1.0814,1.08185,1.07977,1.08003,9228,152923
2024.03.28,15:00,1.08003,1.08073,1.07939,1.08013,8617,144306
2024.03.28,16:00,1.08012,1.08053,1.07928,1.07993,7161,137145
2024.03.28,17:00,1.07993,1.08019,1.0795,1.07962,4571,132574
2024.03.28,18:00,1.07963,1.07984,1.07859,1.07873,3903,128671
2024.03.28,19:00,1.07873,1.07894,1.07847,1.07882,3955,124716
2024.03.28,20:00,1.0788,1.0789,1.0785,1.07877,2014,122702
2024.03.28,21:00,1.07873,1.07904,1.07864,1.07889,4713,127419
2024.03.28,22:00,1.07891,1.07938,1.07877,1.07882,3526,130945
2024.03.28,23:00,1.07883,1.07923,1.07856,1.07906,2736,133681
2024.03.29,00:00,1.07907,1.07909,1.07836,1.07836,2973,130704
2024.03.29,01:00,1.07836,1.07845,1.0776,1.07761,1858,128846
2024.03.29,02:00,1.07761,1.07791,1.07737,1.07789,2928,131778
2024.03.29,03:00,1.07789,1.07793,1.07745,1.07747,1631,130143
2024.03.29,04:00,1.07746,1.0777,1.07743,1.07767,1551,131698
2024.03.29,05:00,1.07768,1.07777,1.0774,1.07754,1347,130347
2024.03.29,06:00,1.07753,1.07768,1.07745,1.07757,1345,129002
2024.03.29,07:00,1.07756,1.07813,1.07675,1.07685,2240,126762
2024.03.29,08:00,1.07685,1.07787,1.07683,1.07786,2447,129213
2024.03.29,09:00,1.07786,1.07823,1.07727,1.07823,2711,131924
2024.03.29,10:00,1.07822,1.07884,1.07809,1.07848,3099,135023
2024.03.29,11:00,1.07849,1.07915,1.07837,1.07869,3837,138860
2024.03.29,12:00,1.07871,1.08051,1.07802,1.07984,3538,142398
2024.03.29,13:00,1.07985,1.08034,1.07939,1.07982,3448,145846
2024.03.29,14:00,1.07982,1.07997,1.07942,1.07959,3022,142820
2024.03.29,15:00,1.07957,1.0796,1.07878,1.0792,4191,138629
2024.03.29,16:00,1.07922,1.0793,1.07868,1.07878,1045,137584
2024.03.29,17:00,1.07877,1.07893,1.07875,1.07882,1427,136157
2024.03.29,18:00,1.07879,1.07903,1.07876,1.07896,1569,137730
2024.03.29,19:00,1.07893,1.07934,1.07879,1.07902,2116,139846
2024.03.29,20:00,1.07901,1.07961,1.07884,1.07924,2857,142699
2024.03.31,21:00,1.0789,1.07939,1.07879,1.07891,694,142005
2024.03.31,22:00,1.07865,1.0797,1.07849,1.07867,2530,139475
2024.03.31,23:00,1.07868,1.07945,1.07856,1.07931,3006,142485
2024.04.01,00:00,1.07932,1.07989,1.07902,1.07913,5337,137144
2024.04.01,01:00,1.07913,1.07946,1.07856,1.07866,3959,133185
2024.04.01,02:00,1.07866,1.07897,1.07849,1.07878,2564,135753
2024.04.01,03:00,1.0788,1.07914,1.07847,1.07904,2031,137784
2024.04.01,04:00,1.07903,1.07912,1.07841,1.07868,2501,135279
2024.04.01,05:00,1.07867,1.07872,1.07828,1.07853,1980,133299
2024.04.01,06:00,1.07849,1.07905,1.07843,1.07866,3030,136333
2024.04.01,07:00,1.07867,1.07922,1.0783,1.07861,3531,139864
2024.04.01,08:00,1.0786,1.07916,1.07831,1.07898,3450,143314
2024.04.01,09:00,1.07897,1.07909,1.07857,1.0786,2721,140589
2024.04.01,10:00,1.07859,1.07868,1.07797,1.07813,3165,137424
2024.04.01,11:00,1.07814,1.07877,1.07799,1.07841,2935,140363
2024.04.01,12:00,1.07842,1.07859,1.0777,1.07817,6219,134140
2024.04.01,13:00,1.07817,1.07831,1.07716,1.07736,8042,126098
2024.04.01,14:00,1.076,1.07653,1.07396,1.07445,11069,115029
2024.04.01,15:00,1.07444,1.07455,1.0731,1.07327,7758,107271
2024.04.01,16:00,1.07327,1.0737,1.07311,1.07365,4990,112265
2024.04.01,17:00,1.07369,1.0744,1.07368,1.07418,3313,115578
2024.04.01,18:00,1.07417,1.07428,1.07368,1.07375,3790,111784
2024.04.01,19:00,1.07377,1.07427,1.07374,1.07417,3450,115238
2024.04.01,20:00,1.07418,1.0743,1.07414,1.07427,1828,117062
2024.04.01,21:00,1.07398,1.07443,1.07378,1.07428,1706,118772
2024.04.01,22:00,1.07428,1.0744,1.07398,1.07401,973,117795
2024.04.01,23:00,1.074,1.074,1.07357,1.07374,2272,115523
2024.04.02,00:00,1.07373,1.07388,1.0731,1.07371,4021,111502
2024.04.02,01:00,1.07371,1.07382,1.07301,1.07341,3675,107827
2024.04.02,02:00,1.0734,1.07353,1.07298,1.07349,2379,105448
2024.04.02,03:00,1.0735,1.07363,1.07297,1.073,1957,103491
2024.04.02,04:00,1.07302,1.07341,1.07293,1.07333,1848,105343
2024.04.02,05:00,1.07332,1.0735,1.07258,1.07268,2492,102847
2024.04.02,06:00,1.07267,1.07321,1.07244,1.07287,6806,109657
2024.04.02,07:00,1.07288,1.07429,1.07259,1.07419,6388,116045
2024.04.02,08:00,1.07418,1.07418,1.07263,1.07314,7912,108129
2024.04.02,09:00,1.07314,1.07431,1.07311,1.07421,5754,113887
2024.04.02,10:00,1.07418,1.07459,1.07386,1.07452,5371,119258
2024.04.02,11:00,1.07451,1.07534,1.07428,1.07516,6303,125561
2024.04.02,12:00,1.07514,1.0756,1.07455,1.0749,7109,118448
2024.04.02,13:00,1.07491,1.07682,1.07479,1.07645,8835,127287
2024.04.02,14:00,1.07643,1.0779,1.07578,1.07658,11650,138937
2024.04.02,15:00,1.07659,1.07718,1.07643,1.07689,7560,146497
2024.04.02,16:00,1.07689,1.07704,1.07647,1.07683,4211,150708
2024.04.02,17:00,1.07682,1.07689,1.07645,1.07673,3175,153883
2024.04.02,18:00,1.07674,1.07686,1.07623,1.07634,2549,151330
2024.04.02,19:00,1.07636,1.07681,1.07602,1.07679,2982,154316
2024.04.02,20:00,1.07678,1.07693,1.07659,1.07692,1690,156006
2024.04.02,21:00,1.07699,1.07736,1.07691,1.07733,1353,157359
2024.04.02,22:00,1.07738,1.07738,1.07679,1.07682,1099,156256
2024.04.02,23:00,1.07681,1.07689,1.07666,1.07681,1747,154509
2024.04.03,00:00,1.0768,1.07716,1.07658,1.07686,3535,150974
2024.04.03,01:00,1.07686,1.07737,1.07657,1.07721,3982,154960
2024.04.03,02:00,1.07722,1.07749,1.07717,1.07743,2264,157224
2024.04.03,03:00,1.07744,1.07794,1.07741,1.07773,2542,159766
2024.04.03,04:00,1.07773,1.07781,1.07746,1.07747,1946,157816
2024.04.03,05:00,1.07747,1.07774,1.07741,1.07753,2305,155511
2024.04.03,06:00,1.07754,1.07759,1.0767,1.07692,4414,151097
2024.04.03,07:00,1.07694,1.07724,1.07639,1.07706,6204,157305
2024.04.03,08:00,1.07705,1.07774,1.07698,1.07711,4016,161321
2024.04.03,09:00,1.07714,1.07748,1.0765,1.07677,5253,156064
2024.04.03,10:00,1.07679,1.07768,1.07662,1.07755,4230,160298
2024.04.03,11:00,1.07757,1.0785,1.07757,1.07839,4432,164730
2024.04.03,12:00,1.07838,1.07864,1.07729,1.07778,8673,156053
2024.04.03,13:00,1.07782,1.07925,1.07778,1.07893,9479,165536
2024.04.03,14:00,1.07992,1.08241,1.07963,1.08228,14045,179581
2024.04.03,15:00,1.0823,1.08305,1.08194,1.08267,8309,187890
2024.04.03,16:00,1.08269,1.08362,1.08201,1.08306,8752,196642
2024.04.03,17:00,1.08307,1.08343,1.08255,1.08322,5620,202262
2024.04.03,18:00,1.08322,1.08369,1.08316,1.08347,4405,206667
2024.04.03,19:00,1.08348,1.08349,1.08291,1.08335,4488,202175
2024.04.03,20:00,1.08335,1.08367,1.08325,1.0836,1669,203844
2024.04.03,21:00,1.08337,1.08356,1.08325,1.08335,874,202970
2024.04.03,22:00,1.08337,1.08383,1.08337,1.08376,938,203912
2024.04.03,23:00,1.08377,1.08407,1.08361,1.08381,2057,205969
2024.04.04,00:00,1.0838,1.08433,1.08347,1.08431,3056,209025
2024.04.04,01:00,1.08429,1.0844,1.08401,1.08409,2211,206810
2024.04.04,02:00,1.08408,1.08445,1.08382,1.08429,2385,209199
2024.04.04,03:00,1.0843,1.08434,1.08401,1.08426,1915,211114
2024.04.04,04:00,1.08427,1.08448,1.08426,1.08428,1577,212691
2024.04.04,05:00,1.08428,1.08465,1.08411,1.08419,2051,214742
2024.04.04,06:00,1.08417,1.08462,1.08389,1.08399,5635,209103
2024.04.04,07:00,1.08399,1.08583,1.08391,1.08572,8085,217192
2024.04.04,08:00,1.08572,1.08627,1.08508,1.0862,6397,223589
2024.04.04,09:00,1.08619,1.08655,1.08554,1.08586,5056,218529
2024.04.04,10:00,1.08587,1.08616,1.08557,1.08597,4448,222981
2024.04.04,11:00,1.08597,1.08623,1.08518,1.08527,5160,217817
2024.04.04,12:00,1.08528,1.08703,1.08506,1.08697,6390,224211
2024.04.04,13:00,1.08697,1.08765,1.08642,1.08699,7919,232130
2024.04.04,14:00,1.08698,1.08761,1.08666,1.08676,7489,224637
2024.04.04,15:00,1.08673,1.08689,1.08623,1.08649,4886,219751
2024.04.04,16:00,1.0865,1.0867,1.0858,1.08588,3249,216502
2024.04.04,17:00,1.08587,1.08619,1.08581,1.086,2667,219173
2024.04.04,18:00,1.08599,1.086,1.08465,1.08501,8834,210335
2024.04.04,19:00,1.085,1.08508,1.08332,1.08336,10069,200266
2024.04.04,20:00,1.08336,1.08388,1.08318,1.08372,2695,202965
2024.04.04,21:00,1.08391,1.08398,1.08343,1.08369,5099,208064
2024.04.04,22:00,1.08368,1.08401,1.08356,1.08365,1647,209711
2024.04.04,23:00,1.08367,1.08402,1.08359,1.08365,2783,212494
2024.04.05,00:00,1.08364,1.08439,1.08349,1.08417,5451,217945
2024.04.05,01:00,1.08416,1.0843,1.0825,1.08268,6263,211678
2024.04.05,02:00,1.08267,1.08284,1.08232,1.08252,3279,208399
2024.04.05,03:00,1.08253,1.0828,1.08247,1.08269,2550,210953
2024.04.05,04:00,1.08268,1.08279,1.08249,1.08263,2661,213614
2024.04.05,05:00,1.08264,1.0828,1.08252,1.08274,2503,216117
2024.04.05,06:00,1.08275,1.08331,1.08225,1.08305,4895,221012
2024.04.05,07:00,1.08305,1.0841,1.08302,1.08391,6574,227586
2024.04.05,08:00,1.08387,1.08463,1.08361,1.08374,4987,222595
2024.04.05,09:00,1.08373,1.08422,1.08348,1.08388,4565,227164
2024.04.05,10:00,1.08388,1.08392,1.08326,1.08344,4141,223019
2024.04.05,11:00,1.08345,1.08417,1.08305,1.0835,4476,218543
2024.04.05,12:00,1.0835,1.0848,1.08001,1.08093,11924,206619
2024.04.05,13:00,1.08093,1.08138,1.07914,1.08011,13939,192680
2024.04.05,14:00,1.0801,1.08263,1.0797,1.08187,12155,204839
2024.04.05,15:00,1.08187,1.08434,1.08161,1.08402,9800,214639
2024.04.05,16:00,1.08403,1.08445,1.0833,1.08356,5466,209169
2024.04.05,17:00,1.08358,1.08389,1.08313,1.08327,4375,204794
2024.04.05,18:00,1.08327,1.0838,1.08305,1.08348,5758,210556
2024.04.05,19:00,1.08349,1.08369,1.08319,1.08355,3989,214545
2024.04.05,20:00,1.08351,1.08376,1.08337,1.08367,2302,216843
2024.04.07,21:00,1.08356,1.08377,1.08338,1.08356,464,216379
2024.04.07,22:00,1.08364,1.08373,1.08272,1.08279,1460,214919
2024.04.07,23:00,1.08279,1.0833,1.08277,1.08297,1572,216495
2024.04.08,00:00,1.08299,1.083,1.0823,1.08269,3915,212576
2024.04.08,01:00,1.08269,1.08364,1.08268,1.08354,5051,217631
2024.04.08,02:00,1.08355,1.08433,1.08349,1.08406,3869,221500
2024.04.08,03:00,1.08407,1.08417,1.08321,1.08334,2789,218707
2024.04.08,04:00,1.08335,1.08354,1.08311,1.08322,2022,216685
2024.04.08,05:00,1.08322,1.08373,1.08322,1.08345,3646,220335
2024.04.08,06:00,1.08345,1.08375,1.08297,1.08339,6219,226554
2024.04.08,07:00,1.08341,1.08378,1.08282,1.08323,6588,219962
2024.04.08,08:00,1.08324,1.08353,1.08221,1.08234,7562,212400
2024.04.08,09:00,1.08234,1.08299,1.08206,1.08279,5825,218229
2024.04.08,10:00,1.08277,1.08341,1.08259,1.08324,4474,222703
2024.04.08,11:00,1.08322,1.08333,1.08231,1.08238,4616,218083
2024.04.08,12:00,1.08239,1.08356,1.08216,1.08343,6251,224338
2024.04.08,13:00,1.08342,1.08535,1.08342,1.08517,8044,232382
2024.04.08,14:00,1.08517,1.08564,1.08434,1.08533,8782,241164
2024.04.08,15:00,1.08534,1.08589,1.08494,1.08527,6489,247653
2024.04.08,16:00,1.08527,1.08529,1.08467,1.08501,4582,243067
2024.04.08,17:00,1.08502,1.08592,1.08495,1.08579,4046,247117
2024.04.08,18:00,1.08578,1.08622,1.08555,1.08573,3116,250233
2024.04.08,19:00,1.08572,1.08588,1.08559,1.08568,3828,254061
2024.04.08,20:00,1.08567,1.08598,1.08563,1.08592,1394,255451
2024.04.08,21:00,1.08569,1.08624,1.08549,1.08589,3475,258930
2024.04.08,22:00,1.08594,1.08611,1.0859,1.08604,710,259640
2024.04.08,23:00,1.08606,1.08635,1.08606,1.08621,1465,261105
2024.04.09,00:00,1.08621,1.08635,1.08577,1.08587,2644,258457
2024.04.09,01:00,1.08588,1.0862,1.08568,1.08597,3944,262405
2024.04.09,02:00,1.08596,1.08622,1.08557,1.0857,3139,259262
2024.04.09,03:00,1.0857,1.08575,1.0854,1.08554,2358,256904
2024.04.09,04:00,1.08554,1.08584,1.08554,1.08565,1478,258386
2024.04.09,05:00,1.08566,1.08586,1.0856,1.08579,1842,260228
2024.04.09,06:00,1.08579,1.08627,1.0851,1.08521,4164,256060
2024.04.09,07:00,1.08521,1.08601,1.08513,1.08533,5538,261602
2024.04.09,08:00,1.08537,1.08587,1.0849,1.08576,4711,266313
2024.04.09,09:00,1.08575,1.08658,1.08565,1.08651,5150,271463
2024.04.09,10:00,1.08652,1.08707,1.08652,1.0869,3935,275398
2024.04.09,11:00,1.08691,1.08728,1.08593,1.08612,4759,270635
2024.04.09,12:00,1.08614,1.0884,1.08603,1.08806,7758,278397
2024.04.09,13:00,1.08805,1.08851,1.0876,1.08787,8745,269648
2024.04.09,14:00,1.08788,1.08822,1.0853,1.08573,9530,260118
2024.04.09,15:00,1.08572,1.08591,1.08522,1.08556,8056,252062
2024.04.09,16:00,1.08557,1.08601,1.08534,1.08546,5763,246299
2024.04.09,17:00,1.08544,1.08554,1.0851,1.08513,4801,241498
2024.04.09,18:00,1.08513,1.08547,1.085,1.08529,3388,244890
2024.04.09,19:00,1.08529,1.08573,1.08475,1.08565,4759,249649
2024.04.09,20:00,1.08566,1.08591,1.08556,1.08567,1538,251187
2024.04.09,21:00,1.08565,1.08588,1.08526,1.08573,4734,255921
2024.04.09,22:00,1.08577,1.08588,1.08571,1.08588,733,256654
2024.04.09,23:00,1.08587,1.08598,1.08578,1.08589,849,257503
2024.04.10,00:00,1.08589,1.08589,1.08552,1.08572,2371,255128
2024.04.10,01:00,1.08571,1.08589,1.08513,1.08543,3142,251986
2024.04.10,02:00,1.08544,1.08555,1.08507,1.08533,3754,248232
2024.04.10,03:00,1.08533,1.08544,1.0852,1.08531,2031,246201
2024.04.10,04:00,1.0853,1.08535,1.08504,1.08524,1882,244319
2024.04.10,05:00,1.08525,1.08557,1.08513,1.08518,2337,241982
2024.04.10,06:00,1.08518,1.08548,1.08477,1.08531,5056,247042
2024.04.10,07:00,1.0853,1.08571,1.08509,1.08554,5862,252904
2024.04.10,08:00,1.08554,1.08606,1.08513,1.08605,4860,257764
2024.04.10,09:00,1.08604,1.08656,1.08568,1.08616,4520,262284
2024.04.10,10:00,1.08613,1.08658,1.08603,1.08645,4661,266945
2024.04.10,11:00,1.08642,1.08664,1.0855,1.08556,4437,262504
2024.04.10,12:00,1.08556,1.08647,1.07784,1.07808,12232,250272
2024.04.10,13:00,1.07807,1.07812,1.07498,1.07509,15823,234449
2024.04.10,14:00,1.07511,1.07671,1.07456,1.07534,12077,246530
2024.04.10,15:00,1.07533,1.07547,1.07335,1.07367,8395,238131
2024.04.10,16:00,1.07368,1.07373,1.07287,1.07359,6732,231399
2024.04.10,17:00,1.07359,1.07542,1.07289,1.07506,11982,243385
2024.04.10,18:00,1.07503,1.07542,1.07351,1.07364,9551,233830
2024.04.10,19:00,1.07362,1.07456,1.07356,1.07439,7115,240949
2024.04.10,20:00,1.07437,1.07458,1.07414,1.07422,1967,238978
2024.04.10,21:00,1.07428,1.0745,1.07387,1.07422,2234,236744
2024.04.10,22:00,1.0743,1.07436,1.074,1.07433,1134,237882
2024.04.10,23:00,1.07432,1.07448,1.07392,1.07412,2285,235593
2024.04.11,00:00,1.07412,1.07459,1.07381,1.07425,4951,240548
2024.04.11,01:00,1.07426,1.0747,1.07412,1.07462,5174,245722
2024.04.11,02:00,1.07461,1.07469,1.07444,1.07456,2915,248637
2024.04.11,03:00,1.07455,1.07489,1.07445,1.07448,2094,250731
2024.04.11,04:00,1.07447,1.07466,1.07439,1.07462,1617,252348
2024.04.11,05:00,1.07463,1.07472,1.07428,1.07428,2587,249757
2024.04.11,06:00,1.07429,1.07429,1.07265,1.07282,6123,243634
2024.04.11,07:00,1.07283,1.07448,1.07278,1.0743,8227,251865
2024.04.11,08:00,1.07431,1.07498,1.07382,1.07404,7117,244744
2024.04.11,09:00,1.07404,1.07407,1.07288,1.0731,6679,238065
2024.04.11,10:00,1.07309,1.07338,1.07262,1.07298,5565,232500
2024.04.11,11:00,1.07297,1.07342,1.07254,1.07284,5737,226763
2024.04.11,12:00,1.07284,1.07469,1.07147,1.07413,14983,241750
2024.04.11,13:00,1.07416,1.07566,1.07282,1.07347,15144,226602
2024.04.11,14:00,1.07347,1.07347,1.06992,1.07051,12623,213979
2024.04.11,15:00,1.07053,1.07214,1.0702,1.07211,9592,223575
2024.04.11,16:00,1.07212,1.07234,1.07134,1.07175,6801,216770
2024.04.11,17:00,1.07175,1.07295,1.07152,1.07277,7222,223996
2024.04.11,18:00,1.07278,1.07344,1.07249,1.07255,5682,218310
2024.04.11,19:00,1.07256,1.07321,1.07253,1.07289,4487,222801
2024.04.11,20:00,1.07289,1.07291,1.07255,1.0726,1603,221198
2024.04.11,21:00,1.07272,1.07279,1.07254,1.07266,528,220666
2024.04.11,22:00,1.07267,1.07293,1.07258,1.07281,925,221595
2024.04.11,23:00,1.07281,1.07283,1.07237,1.07261,1045,220546
2024.04.12,00:00,1.0726,1.07275,1.07225,1.0726,2981,217565
2024.04.12,01:00,1.07259,1.07282,1.07229,1.07245,4040,213525
2024.04.12,02:00,1.07244,1.07275,1.07233,1.07267,2736,216265
2024.04.12,03:00,1.07266,1.07268,1.07153,1.0717,2420,213841
2024.04.12,04:00,1.07171,1.07174,1.07109,1.07114,1723,212118
2024.04.12,05:00,1.07111,1.07142,1.07105,1.07114,2251,209867
2024.04.12,06:00,1.07109,1.0712,1.06809,1.06831,7191,202676
2024.04.12,07:00,1.06835,1.06874,1.06746,1.06843,9046,211726
2024.04.12,08:00,1.06844,1.0685,1.06709,1.06711,6189,205533
2024.04.12,09:00,1.06712,1.06749,1.0655,1.06604,7025,198508
2024.04.12,10:00,1.06605,1.06608,1.0644,1.0647,6763,191745
2024.04.12,11:00,1.06468,1.06591,1.0646,1.06508,7088,198837
2024.04.12,12:00,1.0651,1.06555,1.06312,1.06383,9351,189482
2024.04.12,13:00,1.06383,1.06437,1.06308,1.06424,11467,200953
2024.04.12,14:00,1.06425,1.06462,1.06226,1.06299,11962,188987
2024.04.12,15:00,1.06294,1.06509,1.06293,1.06467,9035,198026
2024.04.12,16:00,1.06467,1.06469,1.06375,1.06417,8012,190010
2024.04.12,17:00,1.06418,1.06497,1.06404,1.0647,7420,197434
2024.04.12,18:00,1.0647,1.06505,1.06389,1.0639,6200,191230
2024.04.12,19:00,1.06391,1.06427,1.06372,1.06381,3798,187432
2024.04.12,20:00,1.06381,1.06443,1.06371,1.06401,2196,189628
2024.04.14,21:00,1.06342,1.0636,1.06304,1.06334,1462,188170
2024.04.14,22:00,1.0636,1.06515,1.06337,1.06497,3807,191977
2024.04.14,23:00,1.06497,1.06499,1.06433,1.0646,3428,188545
2024.04.15,00:00,1.06462,1.06497,1.06433,1.06455,5126,183419
2024.04.15,01:00,1.06454,1.06507,1.06393,1.06496,5599,189022
2024.04.15,02:00,1.06497,1.06549,1.0649,1.06505,3939,192961
2024.04.15,03:00,1.06505,1.06538,1.06475,1.0652,2836,195797
2024.04.15,04:00,1.06521,1.06541,1.0647,1.06526,3002,198799
2024.04.15,05:00,1.06525,1.06591,1.06505,1.0658,3574,202373
2024.04.15,06:00,1.06571,1.06648,1.06515,1.06545,7467,194902
2024.04.15,07:00,1.06544,1.0661,1.06498,1.06581,9063,203969
2024.04.15,08:00,1.06581,1.06618,1.06538,1.06563,6762,197203
2024.04.15,09:00,1.06564,1.06625,1.06536,1.06551,5896,191307
2024.04.15,10:00,1.0655,1.06599,1.06516,1.06576,4578,195889
2024.04.15,11:00,1.06577,1.0665,1.06515,1.06545,5921,189964
2024.04.15,12:00,1.06546,1.06575,1.06308,1.06471,11303,178661
2024.04.15,13:00,1.06473,1.06608,1.0634,1.06369,11575,167086
2024.04.15,14:00,1.06369,1.06376,1.06218,1.06267,13760,153326
2024.04.15,15:00,1.06268,1.06451,1.06226,1.06436,8845,162175
2024.04.15,16:00,1.06434,1.06473,1.06344,1.06361,7023,155148
2024.04.15,17:00,1.06361,1.06395,1.06229,1.06288,8454,146694
2024.04.15,18:00,1.06287,1.06316,1.06234,1.0625,7215,139479
2024.04.15,19:00,1.0625,1.06273,1.06202,1.06265,6405,145888
2024.04.15,20:00,1.06264,1.0627,1.06209,1.06243,1819,144065
2024.04.15,21:00,1.06234,1.06251,1.06222,1.06238,1383,142682
2024.04.15,22:00,1.06246,1.06279,1.06242,1.0627,1239,143925
2024.04.15,23:00,1.0627,1.06284,1.06241,1.06246,2054,141867
2024.04.16,00:00,1.06244,1.06254,1.06178,1.06183,3931,137936
2024.04.16,01:00,1.06184,1.06193,1.06068,1.06157,5839,132097
2024.04.16,02:00,1.06158,1.06175,1.0606,1.06099,4622,127475
2024.04.16,03:00,1.061,1.06125,1.06071,1.06114,2337,129816
2024.04.16,04:00,1.06114,1.06142,1.061,1.06139,2205,132021
2024.04.16,05:00,1.06139,1.06205,1.06136,1.06186,3490,135511
2024.04.16,06:00,1.06184,1.06198,1.06023,1.06102,7856,127651
2024.04.16,07:00,1.06102,1.06227,1.06101,1.06179,10300,137955
2024.04.16,08:00,1.0618,1.06246,1.06124,1.06162,7577,130374
2024.04.16,09:00,1.06159,1.06349,1.06159,1.06292,8213,138591
2024.04.16,10:00,1.06293,1.06325,1.0623,1.06263,6532,132055
2024.04.16,11:00,1.06262,1.06472,1.06257,1.06422,6169,138228
2024.04.16,12:00,1.06424,1.06536,1.06358,1.06389,9245,128979
2024.04.16,13:00,1.06389,1.06438,1.06276,1.06295,12566,116413
2024.04.16,14:00,1.06296,1.06448,1.06275,1.06315,9870,126287
2024.04.16,15:00,1.06318,1.06395,1.06217,1.0628,5704,120579
2024.04.16,16:00,1.0628,1.06283,1.06187,1.0625,5210,115369
2024.04.16,17:00,1.06251,1.06255,1.06011,1.06209,6761,108608
2024.04.16,18:00,1.0621,1.06349,1.06159,1.0631,6793,115405
2024.04.16,19:00,1.06309,1.06318,1.06177,1.06219,4143,111258
2024.04.16,20:00,1.06218,1.06229,1.06166,1.06188,1693,109565
2024.04.16,21:00,1.06166,1.06199,1.06128,1.0617,2928,106637
2024.04.16,22:00,1.06169,1.06198,1.06125,1.06197,1404,108045
2024.04.16,23:00,1.06198,1.0625,1.06193,1.0621,1802,109847
2024.04.17,00:00,1.0621,1.06238,1.0617,1.06223,2786,112633
2024.04.17,01:00,1.06223,1.06296,1.06201,1.06281,3156,115789
2024.04.17,02:00,1.06281,1.06355,1.06271,1.06341,2590,118379
2024.04.17,03:00,1.06341,1.06345,1.0627,1.06271,2395,115980
2024.04.17,04:00,1.06271,1.06313,1.06244,1.06249,1499,114481
2024.04.17,05:00,1.06249,1.06249,1.06098,1.06117,2570,111911
2024.04.17,06:00,1.06112,1.06377,1.0606,1.06346,5373,117288
2024.04.17,07:00,1.06347,1.06347,1.06241,1.06253,5490,111794
2024.04.17,08:00,1.06253,1.06489,1.06239,1.06403,4672,116470
2024.04.17,09:00,1.06405,1.06487,1.06353,1.06411,4387,120857
2024.04.17,10:00,1.0641,1.06468,1.06381,1.06394,3170,117683
2024.04.17,11:00,1.06392,1.06491,1.0632,1.06355,3823,113860
2024.04.17,12:00,1.06356,1.06427,1.06314,1.06349,4929,108931
2024.04.17,13:00,1.06348,1.06528,1.06345,1.06441,5640,114575
2024.04.17,14:00,1.0644,1.06445,1.063,1.06355,5720,108851
2024.04.17,15:00,1.06356,1.06462,1.06356,1.06431,5356,114211
2024.04.17,16:00,1.0643,1.06562,1.0636,1.06498,5678,119889
2024.04.17,17:00,1.06496,1.06687,1.06479,1.06682,5469,125358
2024.04.17,18:00,1.06682,1.06792,1.06671,1.06705,4746,130104
2024.04.17,19:00,1.06704,1.06719,1.06643,1.06712,4289,134393
2024.04.17,20:00,1.06713,1.06737,1.06695,1.06728,1339,135728
2024.04.17,21:00,1.06708,1.06729,1.06685,1.06712,1815,133913
2024.04.17,22:00,1.06716,1.06754,1.06713,1.06726,1174,135091
2024.04.17,23:00,1.06728,1.06739,1.06678,1.0669,1329,133758
2024.04.18,00:00,1.06691,1.06704,1.06641,1.06696,2442,131316
2024.04.18,01:00,1.06698,1.0674,1.06644,1.06702,3139,128177
2024.04.18,02:00,1.06703,1.06789,1.06689,1.06779,3081,131262
2024.04.18,03:00,1.0678,1.06803,1.06754,1.06799,1902,133164
2024.04.18,04:00,1.068,1.06802,1.06757,1.06784,1644,131516
2024.04.18,05:00,1.06783,1.0684,1.06749,1.0681,2414,133934
2024.04.18,06:00,1.06815,1.069,1.0679,1.06854,3809,137743
2024.04.18,07:00,1.0685,1.06879,1.06783,1.06811,4842,132897
2024.04.18,08:00,1.06807,1.06839,1.06748,1.06784,4130,128767
2024.04.18,09:00,1.06785,1.06813,1.067,1.06705,3238,125529
2024.04.18,10:00,1.06702,1.06771,1.067,1.06759,2924,128457
2024.04.18,11:00,1.06758,1.0679,1.06699,1.06771,3351,131808
2024.04.18,12:00,1.06773,1.06796,1.066,1.06627,5804,126000
2024.04.18,13:00,1.06626,1.06684,1.06463,1.06506,6800,119200
2024.04.18,14:00,1.06507,1.06633,1.06497,1.0654,6008,125212
2024.04.18,15:00,1.06539,1.06647,1.06538,1.06599,4590,129802
2024.04.18,16:00,1.06597,1.06617,1.06516,1.06533,3835,125963
2024.04.18,17:00,1.06531,1.06547,1.06429,1.06485,4414,121549
2024.04.18,18:00,1.06481,1.06493,1.0642,1.0645,3887,117662
2024.04.18,19:00,1.06451,1.06482,1.06426,1.06436,3089,114573
2024.04.18,20:00,1.06436,1.06458,1.06413,1.06437,1225,113348
2024.04.18,21:00,1.06436,1.06443,1.06423,1.06424,1250,112098
2024.04.18,22:00,1.06425,1.06442,1.06403,1.06404,676,111422
2024.04.18,23:00,1.06405,1.06439,1.064,1.06424,1351,112777
2024.04.19,00:00,1.06423,1.06444,1.0636,1.06385,3640,109133
2024.04.19,01:00,1.06384,1.064,1.06138,1.06187,6723,102410
2024.04.19,02:00,1.06188,1.06238,1.06105,1.0618,6918,95492
2024.04.19,03:00,1.06181,1.06404,1.06154,1.06373,6143,101639
2024.04.19,04:00,1.06373,1.06432,1.06336,1.06348,3466,98169
2024.04.19,05:00,1.06346,1.06409,1.06295,1.06307,3600,94569
2024.04.19,06:00,1.06304,1.06492,1.06268,1.06449,6145,100718
2024.04.19,07:00,1.06452,1.06593,1.06438,1.06554,6686,107404
2024.04.19,08:00,1.06554,1.06554,1.0643,1.06456,4959,102441
2024.04.19,09:00,1.06457,1.06621,1.06453,1.0659,4408,106853
2024.04.19,10:00,1.06589,1.06591,1.06469,1.06474,4180,102669
2024.04.19,11:00,1.06473,1.06552,1.06431,1.06515,4375,107048
2024.04.19,12:00,1.0652,1.06736,1.06495,1.06654,5249,112297
2024.04.19,13:00,1.06654,1.06754,1.06587,1.06658,6183,118480
2024.04.19,14:00,1.06654,1.06776,1.06637,1.06695,6170,124650
2024.04.19,15:00,1.0669,1.06718,1.06537,1.06549,4741,119905
2024.04.19,16:00,1.06549,1.06596,1.06401,1.06535,4847,115058
2024.04.19,17:00,1.06535,1.06584,1.06509,1.06557,4063,119125
2024.04.19,18:00,1.06555,1.06556,1.06466,1.06507,4609,114512
2024.04.19,19:00,1.06507,1.06553,1.06497,1.06547,3392,117908
2024.04.19,20:00,1.06547,1.06578,1.06531,1.06563,1313,119217
2024.04.21,21:00,1.06511,1.06604,1.06505,1.06528,642,118579
2024.04.21,22:00,1.06545,1.06614,1.06542,1.06589,1052,119631
2024.04.21,23:00,1.06594,1.06611,1.06574,1.06574,1412,118215
2024.04.22,00:00,1.06575,1.06649,1.06527,1.06533,3842,114373
2024.04.22,01:00,1.06533,1.06698,1.06533,1.06682,3809,118186
2024.04.22,02:00,1.06681,1.06706,1.06639,1.06641,2157,116025
2024.04.22,03:00,1.0664,1.06646,1.06604,1.06618,1666,114359
2024.04.22,04:00,1.06618,1.06686,1.06614,1.06654,1577,115940
2024.04.22,05:00,1.06654,1.0666,1.06619,1.06636,2117,113819
2024.04.22,06:00,1.06637,1.06691,1.06604,1.0664,3947,109872
2024.04.22,07:00,1.06639,1.06677,1.06524,1.06584,4506,105366
2024.04.22,08:00,1.06585,1.06623,1.06473,1.0657,4283,101083
2024.04.22,09:00,1.06569,1.06619,1.06489,1.06514,3610,97473
2024.04.22,10:00,1.06514,1.06551,1.06475,1.06506,3413,94060
2024.04.22,11:00,1.06505,1.06508,1.06329,1.06351,3760,90300
2024.04.22,12:00,1.06351,1.06439,1.06307,1.06398,4335,94639
2024.04.22,13:00,1.06397,1.0641,1.06238,1.06333,4966,89669
2024.04.22,14:00,1.06332,1.06478,1.06328,1.0645,5002,94675
2024.04.22,15:00,1.06451,1.0648,1.06406,1.06471,3467,98142
2024.04.22,16:00,1.06472,1.06509,1.06461,1.06488,2845,100987
2024.04.22,17:00,1.06488,1.06576,1.06482,1.06573,2465,103452
2024.04.22,18:00,1.06573,1.06607,1.0654,1.06585,2426,105878
2024.04.22,19:00,1.06585,1.06585,1.06505,1.06519,2737,103137
2024.04.22,20:00,1.06516,1.06553,1.06505,1.06538,1133,104274
2024.04.22,21:00,1.06532,1.06547,1.06494,1.06513,939,103331
2024.04.22,22:00,1.0652,1.06547,1.0652,1.06545,886,104221
2024.04.22,23:00,1.06543,1.06557,1.06524,1.06538,1185,105406
2024.04.23,00:00,1.06539,1.06592,1.06538,1.06586,2052,107458
2024.04.23,01:00,1.06586,1.06605,1.06535,1.06542,3054,104400
2024.04.23,02:00,1.06541,1.06606,1.06538,1.06584,2023,106427
2024.04.23,03:00,1.06584,1.0659,1.06547,1.06562,2080,104343
2024.04.23,04:00,1.06563,1.06583,1.06541,1.06551,1497,102846
2024.04.23,05:00,1.06551,1.06551,1.06497,1.06509,2133,100713
2024.04.23,06:00,1.06509,1.06509,1.06385,1.06452,3388,97325
2024.04.23,07:00,1.06449,1.06948,1.06436,1.06795,6183,103512
2024.04.23,08:00,1.06792,1.0683,1.06695,1.06708,4985,98523
2024.04.23,09:00,1.06706,1.06706,1.06561,1.06595,3969,94554
2024.04.23,10:00,1.06594,1.06628,1.06532,1.0655,3523,91031
2024.04.23,11:00,1.0655,1.06779,1.06548,1.06745,4229,95264
2024.04.23,12:00,1.06745,1.06768,1.0664,1.06722,4416,90844
2024.04.23,13:00,1.0672,1.071,1.06601,1.0701,5566,96414
2024.04.23,14:00,1.07013,1.07113,1.06905,1.06984,7499,88911
2024.04.23,15:00,1.06984,1.07034,1.069,1.06946,4821,84090
2024.04.23,16:00,1.06945,1.07023,1.06922,1.06999,3549,87643
2024.04.23,17:00,1.06998,1.07076,1.06993,1.07048,3097,90740
2024.04.23,18:00,1.07047,1.07074,1.07018,1.07038,2526,93266
2024.04.23,19:00,1.07038,1.07055,1.07018,1.07028,2493,90769
2024.04.23,20:00,1.07027,1.07031,1.07002,1.07023,1118,89651
2024.04.23,21:00,1.07028,1.07028,1.06991,1.07025,1033,88618
2024.04.23,22:00,1.07032,1.07045,1.07008,1.07031,724,87894
2024.04.23,23:00,1.07034,1.07034,1.06994,1.07023,1203,86691
2024.04.24,00:00,1.07026,1.07106,1.07002,1.07094,2235,88930
2024.04.24,01:00,1.07095,1.07142,1.07076,1.07098,3236,92166
2024.04.24,02:00,1.07099,1.07131,1.07077,1.07101,2016,94182
2024.04.24,03:00,1.07102,1.07109,1.07043,1.07062,1856,92322
2024.04.24,04:00,1.0706,1.07089,1.07052,1.07053,1272,91050
2024.04.24,05:00,1.07052,1.07056,1.07002,1.07011,1798,89252
2024.04.24,06:00,1.07014,1.07053,1.06921,1.06945,3341,85911
2024.04.24,07:00,1.06943,1.0696,1.06848,1.06883,4201,81710
2024.04.24,08:00,1.06882,1.06924,1.06806,1.06833,3575,78135
2024.04.24,09:00,1.06833,1.06909,1.06833,1.06844,2991,81130
2024.04.24,10:00,1.06838,1.06919,1.06836,1.06883,2480,83610
2024.04.24,11:00,1.06876,1.06899,1.06831,1.06891,3142,86752
2024.04.24,12:00,1.06893,1.0693,1.06779,1.06868,5342,81406
2024.04.24,13:00,1.06866,1.06993,1.06839,1.06934,5240,86650
2024.04.24,14:00,1.06933,1.07025,1.06856,1.06881,5078,81568
2024.04.24,15:00,1.0688,1.06912,1.0681,1.06864,4505,77063
2024.04.24,16:00,1.06863,1.06911,1.06831,1.06905,3678,80745
2024.04.24,17:00,1.06905,1.06975,1.06899,1.0696,3273,84018
2024.04.24,18:00,1.06961,1.06967,1.06871,1.06933,3397,80617
2024.04.24,19:00,1.06933,1.07064,1.06921,1.07007,2913,83534
2024.04.24,20:00,1.07006,1.07007,1.06968,1.06991,1530,82000
2024.04.24,21:00,1.06936,1.06977,1.06933,1.06967,1446,80554
2024.04.24,22:00,1.06974,1.07001,1.06943,1.06974,859,79695
2024.04.24,23:00,1.06973,1.07,1.06966,1.06999,992,80691
2024.04.25,00:00,1.07002,1.07046,1.06991,1.07034,2110,82801
2024.04.25,01:00,1.07034,1.07088,1.06968,1.0707,2618,85419
2024.04.25,02:00,1.0707,1.07088,1.07041,1.07074,2167,87586
2024.04.25,03:00,1.07073,1.07082,1.07035,1.0706,1816,85766
2024.04.25,04:00,1.0706,1.07099,1.07052,1.07091,934,86704
2024.04.25,05:00,1.07092,1.07131,1.07077,1.0712,1753,88457
2024.04.25,06:00,1.07123,1.07276,1.07112,1.07204,3914,92371
2024.04.25,07:00,1.07205,1.07236,1.07114,1.07209,4461,96832
2024.04.25,08:00,1.0721,1.07287,1.072,1.07257,3698,100530
2024.04.25,09:00,1.07255,1.07285,1.07212,1.07268,3219,103749
2024.04.25,10:00,1.07267,1.07297,1.07223,1.07247,2957,100788
2024.04.25,11:00,1.07248,1.07296,1.0717,1.07201,2718,98070
2024.04.25,12:00,1.07201,1.074,1.06855,1.0692,6491,91579
2024.04.25,13:00,1.06927,1.07036,1.06784,1.07005,7770,99353
2024.04.25,14:00,1.07004,1.07207,1.06926,1.07118,6470,105823
2024.04.25,15:00,1.07118,1.07214,1.07077,1.07204,4819,110642
2024.04.25,16:00,1.07202,1.0735,1.07151,1.0731,4252,114894
2024.04.25,17:00,1.0731,1.07386,1.07293,1.073,4266,119160
2024.04.25,18:00,1.07298,1.07299,1.07229,1.07274,3912,115244
2024.04.25,19:00,1.07273,1.07347,1.0727,1.07294,2915,118163
2024.04.25,20:00,1.07291,1.07308,1.07286,1.07299,1241,119400
2024.04.25,21:00,1.07289,1.07294,1.0728,1.07282,360,119040
2024.04.25,22:00,1.07291,1.07302,1.07282,1.0729,694,118346
2024.04.25,23:00,1.07289,1.07302,1.07262,1.07267,1122,117224
2024.04.26,00:00,1.07266,1.07279,1.07227,1.07274,2011,115213
2024.04.26,01:00,1.07274,1.07293,1.07236,1.07272,2136,113077
2024.04.26,02:00,1.07271,1.07285,1.07184,1.07229,1875,111202
2024.04.26,03:00,1.07229,1.07254,1.07186,1.0723,2553,108649
2024.04.26,04:00,1.07231,1.07234,1.07211,1.07224,1684,106965
2024.04.26,05:00,1.07223,1.07274,1.07215,1.07261,1997,108966
2024.04.26,06:00,1.07259,1.07387,1.07256,1.07352,3648,112614
2024.04.26,07:00,1.07353,1.07363,1.07257,1.07296,4618,107992
2024.04.26,08:00,1.07293,1.07529,1.07283,1.07408,5433,113429
2024.04.26,09:00,1.07404,1.07433,1.07306,1.0736,4164,109261
2024.04.26,10:00,1.07361,1.0737,1.07263,1.07287,3462,105799
2024.04.26,11:00,1.07277,1.07342,1.07149,1.07158,3829,101970
2024.04.26,12:00,1.07158,1.07408,1.07103,1.07163,6522,95448
2024.04.26,13:00,1.07165,1.07238,1.07061,1.07071,6533,88915
2024.04.26,14:00,1.07071,1.07114,1.06763,1.068,6203,82712
2024.04.26,15:00,1.06799,1.06905,1.0674,1.06855,5315,88031
2024.04.26,16:00,1.0686,1.06964,1.06839,1.06945,3603,91634
2024.04.26,17:00,1.06946,1.0698,1.06929,1.06941,2519,94153
2024.04.26,18:00,1.06941,1.07056,1.06937,1.07056,2240,96393
2024.04.26,19:00,1.07056,1.07072,1.06966,1.06999,2145,94244
2024.04.26,20:00,1.06998,1.07018,1.06909,1.06926,1765,92479
2024.04.28,21:00,1.0692,1.06972,1.06906,1.06942,919,93402
2024.04.28,22:00,1.06945,1.07037,1.06944,1.07017,1005,94407
2024.04.28,23:00,1.07017,1.07071,1.07005,1.0707,1783,96190
2024.04.29,00:00,1.0707,1.0711,1.07061,1.07097,1987,98177
2024.04.29,01:00,1.07098,1.07156,1.07075,1.07144,3451,101628
2024.04.29,02:00,1.07144,1.07199,1.07128,1.07175,2381,104009
2024.04.29,03:00,1.07176,1.07181,1.07147,1.07162,1367,102638
2024.04.29,04:00,1.07162,1.07335,1.07144,1.0729,5352,107994
2024.04.29,05:00,1.07288,1.07337,1.07239,1.07256,4326,103664
2024.04.29,06:00,1.07254,1.07286,1.07147,1.07154,3973,99691
2024.04.29,07:00,1.0715,1.07253,1.0708,1.07176,6635,106330
2024.04.29,08:00,1.07176,1.07247,1.07011,1.07046,5154,101172
2024.04.29,09:00,1.07047,1.0719,1.06973,1.07147,4208,105384
2024.04.29,10:00,1.07148,1.07196,1.07122,1.07175,2904,108288
2024.04.29,11:00,1.07173,1.07271,1.0712,1.07142,3167,105117
2024.04.29,12:00,1.07143,1.07236,1.07021,1.07032,4224,100893
2024.04.29,13:00,1.07033,1.07069,1.06902,1.06989,4685,96208
2024.04.29,14:00,1.06992,1.07135,1.06989,1.07128,4468,100680
2024.04.29,15:00,1.0713,1.07209,1.07121,1.07167,3599,104279
2024.04.29,16:00,1.07161,1.07289,1.07159,1.07258,3663,107942
2024.04.29,17:00,1.07259,1.07296,1.07213,1.07216,2822,105116
2024.04.29,18:00,1.07217,1.07253,1.07179,1.07246,2667,107787
2024.04.29,19:00,1.07244,1.07244,1.0715,1.07211,3532,104251
2024.04.29,20:00,1.07211,1.0723,1.07195,1.07198,1295,102956
2024.04.29,21:00,1.07205,1.07224,1.0719,1.07201,551,102405
2024.04.29,22:00,1.07209,1.07223,1.0717,1.07174,1049,101356
2024.04.29,23:00,1.07173,1.07192,1.07142,1.07145,1296,100060
2024.04.30,00:00,1.07146,1.07175,1.07103,1.0715,2254,97806
2024.04.30,01:00,1.0715,1.07177,1.07068,1.0707,2254,95552
2024.04.30,02:00,1.07069,1.07076,1.07029,1.07066,1938,93614
2024.04.30,03:00,1.07067,1.07074,1.07026,1.07054,1422,92192
2024.04.30,04:00,1.07054,1.07059,1.07023,1.07057,940,91252
2024.04.30,05:00,1.07058,1.07068,1.06951,1.06994,1977,89275
2024.04.30,06:00,1.06993,1.07061,1.06899,1.07045,3752,93031
2024.04.30,07:00,1.07046,1.07098,1.07017,1.07051,3945,96976
2024.04.30,08:00,1.07052,1.07122,1.06928,1.07108,3178,100154
2024.04.30,09:00,1.07113,1.07345,1.07104,1.07268,4166,104320
2024.04.30,10:00,1.07268,1.07354,1.07227,1.07282,3439,107759
2024.04.30,11:00,1.07281,1.07281,1.07195,1.07202,3311,104444
2024.04.30,12:00,1.07201,1.07239,1.06892,1.06999,6131,98313
2024.04.30,13:00,1.07002,1.07147,1.06945,1.07054,6534,104851
2024.04.30,14:00,1.07056,1.07196,1.06872,1.06911,6881,97966
2024.04.30,15:00,1.06915,1.06989,1.06833,1.06838,5391,92575
2024.04.30,16:00,1.06835,1.06866,1.06759,1.06788,3964,88611
2024.04.30,17:00,1.06788,1.06828,1.06751,1.06802,2952,91567
2024.04.30,18:00,1.06803,1.06826,1.0676,1.0678,2543,89020
2024.04.30,19:00,1.06779,1.06807,1.06717,1.06727,2767,86253
2024.04.30,20:00,1.06723,1.06734,1.06647,1.06662,2119,84134
2024.04.30,21:00,1.06657,1.06727,1.06657,1.06684,773,84911
2024.04.30,22:00,1.06684,1.06697,1.06655,1.06674,1121,86032
2024.04.30,23:00,1.06676,1.06676,1.06653,1.06661,1392,84636
2024.05.01,00:00,1.0666,1.06671,1.0658,1.06616,2077,82559
2024.05.01,01:00,1.06617,1.06631,1.06591,1.06606,1639,80920
2024.05.01,02:00,1.06607,1.06607,1.06572,1.06588,1408,79512
2024.05.01,03:00,1.06588,1.06591,1.06557,1.06565,1150,78362
2024.05.01,04:00,1.06564,1.06569,1.06549,1.06558,1112,77250
2024.05.01,05:00,1.06557,1.06567,1.06541,1.06555,1324,75926
2024.05.01,06:00,1.06555,1.06583,1.06493,1.06516,2395,73531
2024.05.01,07:00,1.06517,1.06618,1.06516,1.06611,2643,76178
2024.05.01,08:00,1.0661,1.06705,1.0661,1.06694,2344,78522
2024.05.01,09:00,1.06694,1.06733,1.06678,1.06697,2679,81201
2024.05.01,10:00,1.06697,1.06733,1.06667,1.0669,2300,83501
2024.05.01,11:00,1.06689,1.06725,1.0667,1.06718,2311,85812
2024.05.01,12:00,1.06717,1.06848,1.06715,1.06843,4522,90334
2024.05.01,13:00,1.06843,1.06853,1.06747,1.06814,4078,86252
2024.05.01,14:00,1.06814,1.06917,1.06777,1.06832,5881,92137
2024.05.01,15:00,1.06834,1.06855,1.06772,1.06793,3304,88829
2024.05.01,16:00,1.06791,1.06791,1.06705,1.06716,2874,85955
2024.05.01,17:00,1.0672,1.06828,1.06707,1.06748,2695,88654
2024.05.01,18:00,1.06745,1.07327,1.06711,1.07281,9530,98184
2024.05.01,19:00,1.07283,1.073,1.06891,1.06895,7893,90287
2024.05.01,20:00,1.06892,1.07228,1.06867,1.07136,4941,95228
2024.05.01,21:00,1.07121,1.07161,1.07062,1.07121,2053,93175
2024.05.01,22:00,1.07119,1.07216,1.07119,1.07163,1918,95097
2024.05.01,23:00,1.07162,1.07181,1.07119,1.0717,2014,97111
2024.05.02,00:00,1.0717,1.07171,1.07095,1.07116,2926,94181
2024.05.02,01:00,1.07117,1.07157,1.07068,1.07153,2370,96555
2024.05.02,02:00,1.07154,1.07209,1.07154,1.07186,2429,98984
2024.05.02,03:00,1.07188,1.07188,1.07126,1.07146,1853,97127
2024.05.02,04:00,1.07147,1.07203,1.07142,1.07176,1615,98746
2024.05.02,05:00,1.07177,1.07204,1.07122,1.07161,2110,96632
2024.05.02,06:00,1.07166,1.07272,1.07135,1.07175,4363,100999
2024.05.02,07:00,1.07174,1.07282,1.07129,1.07154,5049,95946
2024.05.02,08:00,1.07155,1.0719,1.06999,1.07042,4438,91508
2024.05.02,09:00,1.07041,1.0709,1.06957,1.07032,3425,88083
2024.05.02,10:00,1.07036,1.0706,1.06967,1.07039,3201,84882
2024.05.02,11:00,1.07041,1.0706,1.06954,1.07022,3480,81402
2024.05.02,12:00,1.07022,1.07122,1.06935,1.07011,5478,75924
2024.05.02,13:00,1.0701,1.07032,1.06802,1.06867,6255,69669
2024.05.02,14:00,1.06866,1.06906,1.06743,1.06882,6418,76091
2024.05.02,15:00,1.06883,1.07082,1.06856,1.0705,4838,80929
2024.05.02,16:00,1.07054,1.07215,1.07019,1.07165,3656,84585
2024.05.02,17:00,1.07166,1.07228,1.07139,1.07194,3166,87751
2024.05.02,18:00,1.07193,1.07301,1.07181,1.07301,3384,91135
2024.05.02,19:00,1.07299,1.07299,1.07233,1.07271,3287,87844
2024.05.02,20:00,1.0727,1.07278,1.07239,1.07247,1471,86373
2024.05.02,21:00,1.07229,1.07262,1.07225,1.07242,1079,85294
2024.05.02,22:00,1.07243,1.07295,1.07243,1.07289,923,86221
2024.05.02,23:00,1.07287,1.07309,1.07278,1.07298,1532,87753
2024.05.03,00:00,1.07297,1.07315,1.07243,1.07312,2531,90284
2024.05.03,01:00,1.07313,1.07394,1.07308,1.07372,2806,93090
2024.05.03,02:00,1.07373,1.07376,1.07327,1.07333,1868,91218
2024.05.03,03:00,1.07332,1.07351,1.07314,1.07348,1492,92714
2024.05.03,04:00,1.07349,1.07361,1.07322,1.07323,1352,91358
2024.05.03,05:00,1.07322,1.0738,1.07318,1.07354,1998,93360
2024.05.03,06:00,1.07358,1.07359,1.07297,1.07298,3483,89873
2024.05.03,07:00,1.07297,1.07381,1.07244,1.07346,3835,93712
2024.05.03,08:00,1.07345,1.07442,1.07324,1.07425,3872,97584
2024.05.03,09:00,1.07426,1.07478,1.07404,1.07431,3217,100801
2024.05.03,10:00,1.0743,1.07455,1.07386,1.07432,3023,103824
2024.05.03,11:00,1.07432,1.07498,1.07424,1.07454,2980,106804
2024.05.03,12:00,1.07455,1.08122,1.07436,1.07938,7229,114033
2024.05.03,13:00,1.07937,1.07962,1.07712,1.07758,8296,105733
2024.05.03,14:00,1.07761,1.0798,1.07516,1.07656,8781,96952
2024.05.03,15:00,1.07659,1.078,1.07637,1.07691,5287,102243
2024.05.03,16:00,1.07692,1.07732,1.07615,1.07635,3783,98456
2024.05.03,17:00,1.07636,1.07677,1.07591,1.07649,2452,100912
2024.05.03,18:00,1.07648,1.07681,1.07636,1.07673,2372,103284
2024.05.03,19:00,1.07672,1.07693,1.07638,1.07641,2606,100674
2024.05.03,20:00,1.07642,1.07668,1.07631,1.07638,1364,99310
2024.05.05,21:00,1.07621,1.07631,1.07616,1.07621,489,98825
2024.05.05,22:00,1.07634,1.07645,1.07615,1.07624,692,98129
2024.05.05,23:00,1.07625,1.07647,1.07573,1.07583,1651,96478
2024.05.06,00:00,1.07582,1.07689,1.07552,1.07675,2350,98832
2024.05.06,01:00,1.07674,1.07709,1.07628,1.07701,3116,101948
2024.05.06,02:00,1.07702,1.07716,1.07648,1.07652,1925,100019
2024.05.06,03:00,1.07653,1.07669,1.07621,1.07647,1785,98234
2024.05.06,04:00,1.07647,1.07653,1.07622,1.07629,1338,96896
2024.05.06,05:00,1.07628,1.0765,1.07598,1.07608,1872,95024
2024.05.06,06:00,1.07609,1.07651,1.07593,1.07627,2846,97874
2024.05.06,07:00,1.07624,1.07694,1.07602,1.07614,3399,94471
2024.05.06,08:00,1.07616,1.07762,1.07576,1.07684,3565,98040
2024.05.06,09:00,1.07683,1.07721,1.07661,1.07695,2740,100780
2024.05.06,10:00,1.07697,1.07731,1.07661,1.07722,2924,103704
2024.05.06,11:00,1.07721,1.07741,1.07688,1.07726,2446,106150
2024.05.06,12:00,1.07725,1.07907,1.07722,1.07873,3495,109645
2024.05.06,13:00,1.07873,1.07889,1.0781,1.07866,3677,113322
2024.05.06,14:00,1.07866,1.07869,1.07785,1.07802,3505,109813
2024.05.06,15:00,1.07802,1.07802,1.07745,1.07788,2843,106970
2024.05.06,16:00,1.07787,1.07788,1.07712,1.07743,2524,104446
2024.05.06,17:00,1.07742,1.07765,1.07731,1.07741,1948,102498
2024.05.06,18:00,1.07741,1.07752,1.0772,1.07745,1844,100654
2024.05.06,19:00,1.07745,1.07749,1.07665,1.07673,2063,98591
2024.05.06,20:00,1.07676,1.07701,1.07662,1.07701,1026,99617
2024.05.06,21:00,1.0765,1.07707,1.0765,1.07687,666,98951
2024.05.06,22:00,1.07685,1.07708,1.07684,1.07686,658,98293
2024.05.06,23:00,1.07686,1.07689,1.07659,1.07673,826,97467
2024.05.07,00:00,1.0768,1.07761,1.07665,1.07751,2403,99874
2024.05.07,01:00,1.07752,1.07769,1.07641,1.07656,2579,97291
2024.05.07,02:00,1.07655,1.07666,1.07607,1.07637,2105,95186
2024.05.07,03:00,1.07636,1.0769,1.0763,1.07686,1549,96739
2024.05.07,04:00,1.07687,1.07694,1.0763,1.07658,1971,94764
2024.05.07,05:00,1.07658,1.07694,1.07572,1.0758,2209,92555
2024.05.07,06:00,1.07585,1.07644,1.07543,1.07635,3439,95998
2024.05.07,07:00,1.07636,1.07695,1.07608,1.07648,3957,99955
2024.05.07,08:00,1.07648,1.07652,1.07556,1.07637,3308,96643
2024.05.07,09:00,1.07638,1.0764,1.07552,1.07596,3096,93547
2024.05.07,10:00,1.07597,1.07695,1.07583,1.07689,2983,96534
2024.05.07,11:00,1.07691,1.07701,1.07626,1.07666,2811,93719
2024.05.07,12:00,1.07667,1.07791,1.07642,1.07753,3561,97284
2024.05.07,13:00,1.07756,1.07874,1.0774,1.07806,4276,101560
2024.05.07,14:00,1.07806,1.07824,1.07728,1.07777,3835,97721
2024.05.07,15:00,1.07776,1.07827,1.07662,1.07662,3915,93806
2024.05.07,16:00,1.07665,1.07743,1.07661,1.07703,2963,96773
2024.05.07,17:00,1.07704,1.07705,1.0756,1.07568,3024,93745
2024.05.07,18:00,1.07566,1.07567,1.07479,1.07513,2967,90778
2024.05.07,19:00,1.07513,1.07577,1.07512,1.07563,2300,93082
2024.05.07,20:00,1.07564,1.07565,1.07544,1.07549,1128,91950
2024.05.07,21:00,1.0753,1.0756,1.0753,1.07551,791,91159
2024.05.07,22:00,1.07558,1.07558,1.07505,1.07511,814,90345
2024.05.07,23:00,1.07512,1.07514,1.07473,1.07499,909,89436
2024.05.08,00:00,1.07499,1.07542,1.07469,1.07479,2193,87243
2024.05.08,01:00,1.07479,1.07487,1.07401,1.07403,2239,85004
2024.05.08,02:00,1.07402,1.07424,1.0738,1.07413,2043,82961
2024.05.08,03:00,1.07411,1.07438,1.07386,1.07411,1471,81490
2024.05.08,04:00,1.07413,1.07423,1.07389,1.07413,1377,80113
2024.05.08,05:00,1.07413,1.07419,1.07387,1.07407,1469,78644
2024.05.08,06:00,1.07407,1.07491,1.07406,1.07447,2531,81179
2024.05.08,07:00,1.07447,1.07462,1.07371,1.07386,3582,77593
2024.05.08,08:00,1.07381,1.07447,1.07349,1.07442,3307,80904
2024.05.08,09:00,1.07443,1.07524,1.07443,1.07512,3243,84147
2024.05.08,10:00,1.07513,1.07535,1.07485,1.07488,2702,81441
2024.05.08,11:00,1.07489,1.0754,1.07439,1.0746,2811,78630
2024.05.08,12:00,1.07461,1.0749,1.074,1.07488,3586,82220
2024.05.08,13:00,1.07489,1.07538,1.07461,1.07505,3786,86006
2024.05.08,14:00,1.07506,1.07547,1.07462,1.07491,3838,82164
2024.05.08,15:00,1.0749,1.07574,1.07443,1.07548,3389,85557
2024.05.08,16:00,1.07547,1.07548,1.07445,1.07458,2573,82980
2024.05.08,17:00,1.07459,1.07469,1.07408,1.07431,2332,80648
2024.05.08,18:00,1.0743,1.07469,1.07411,1.07451,1722,82374
2024.05.08,19:00,1.07452,1.07463,1.07431,1.07455,2043,84417
2024.05.08,20:00,1.07453,1.07485,1.07438,1.0748,1123,85536
2024.05.08,21:00,1.07459,1.0749,1.07459,1.0749,911,86451
2024.05.08,22:00,1.07492,1.07505,1.07487,1.07489,617,87068
2024.05.08,23:00,1.07494,1.07495,1.07461,1.07469,762,86302
2024.05.09,00:00,1.07469,1.07471,1.07423,1.07431,1988,84314
2024.05.09,01:00,1.07432,1.07487,1.07422,1.07476,2113,86431
2024.05.09,02:00,1.07476,1.07484,1.0745,1.07474,1600,88031
2024.05.09,03:00,1.07475,1.07516,1.07465,1.07476,1413,89444
2024.05.09,04:00,1.07476,1.07504,1.0745,1.07452,1376,88064
2024.05.09,05:00,1.07452,1.07464,1.07421,1.07438,1292,86772
2024.05.09,06:00,1.07442,1.07446,1.0736,1.07373,2350,84422
2024.05.09,07:00,1.07373,1.07413,1.07295,1.07346,3367,81055
2024.05.09,08:00,1.07347,1.07353,1.07261,1.07282,2822,78233
2024.05.09,09:00,1.07282,1.07315,1.07261,1.07304,2676,80913
2024.05.09,10:00,1.07304,1.07385,1.07302,1.07346,2506,83419
2024.05.09,11:00,1.07344,1.0736,1.07239,1.0727,4262,79153
2024.05.09,12:00,1.07272,1.07622,1.0727,1.07592,5337,84494
2024.05.09,13:00,1.07592,1.07675,1.07505,1.07637,5148,89642
2024.05.09,14:00,1.07635,1.07802,1.07626,1.07756,4702,94344
2024.05.09,15:00,1.07758,1.07816,1.07691,1.07703,3226,91114
2024.05.09,16:00,1.07704,1.07778,1.07703,1.07759,2248,93366
2024.05.09,17:00,1.07758,1.07803,1.07744,1.07774,2617,95983
2024.05.09,18:00,1.07774,1.07827,1.07755,1.07818,1972,97955
2024.05.09,19:00,1.07817,1.07843,1.07808,1.07823,2088,100043
2024.05.09,20:00,1.07819,1.07835,1.07811,1.07814,1007,101046
2024.05.09,21:00,1.07802,1.07829,1.07802,1.07809,675,101725
2024.05.09,22:00,1.07812,1.07859,1.07812,1.07845,801,102526
2024.05.09,23:00,1.07849,1.07854,1.07812,1.07816,921,101601
2024.05.10,00:00,1.07817,1.07821,1.07764,1.07792,1921,99680
2024.05.10,01:00,1.07793,1.07826,1.07759,1.07761,2581,97099
2024.05.10,02:00,1.07761,1.07776,1.07731,1.0774,1863,95236
2024.05.10,03:00,1.07739,1.07765,1.07738,1.07759,1277,96517
2024.05.10,04:00,1.0776,1.07769,1.07739,1.0774,896,95617
2024.05.10,05:00,1.07739,1.07768,1.07738,1.07756,1674,97295
2024.05.10,06:00,1.07754,1.07832,1.07715,1.07769,3251,100546
2024.05.10,07:00,1.07774,1.07839,1.07761,1.07812,4002,104548
2024.05.10,08:00,1.0781,1.07866,1.07773,1.07806,3659,108207
2024.05.10,09:00,1.0781,1.07861,1.07791,1.07796,3220,111427
2024.05.10,10:00,1.07796,1.07819,1.07754,1.07784,2752,108671
2024.05.10,11:00,1.07784,1.07806,1.07752,1.07793,2848,105823
2024.05.10,12:00,1.07791,1.07812,1.07661,1.07701,4073,101750
2024.05.10,13:00,1.077,1.07901,1.07696,1.07872,4219,105969
2024.05.10,14:00,1.07844,1.07888,1.07604,1.0764,5550,100419
2024.05.10,15:00,1.07639,1.07724,1.07625,1.0772,3663,104086
2024.05.10,16:00,1.07721,1.07794,1.07695,1.07759,2953,107039
2024.05.10,17:00,1.07759,1.07774,1.07732,1.07741,2145,104890
2024.05.10,18:00,1.07741,1.07741,1.07697,1.07736,2027,102863
2024.05.10,19:00,1.07735,1.07757,1.07716,1.07718,1873,100990
2024.05.10,20:00,1.07718,1.07723,1.07685,1.07693,1076,99914
2024.05.12,21:00,1.07693,1.07701,1.07654,1.07693,411,99507
2024.05.12,22:00,1.0771,1.0773,1.07707,1.0773,881,100388
2024.05.12,23:00,1.07731,1.07753,1.077,1.07703,1234,99150
2024.05.13,00:00,1.07703,1.07722,1.07682,1.07693,2286,96864
2024.05.13,01:00,1.07693,1.07732,1.07668,1.07689,2564,94300
2024.05.13,02:00,1.0769,1.07724,1.07658,1.07712,1916,96220
2024.05.13,03:00,1.07711,1.07723,1.0769,1.07716,1720,97940
2024.05.13,04:00,1.07714,1.07724,1.07691,1.07696,1238,96698
2024.05.13,05:00,1.07696,1.07747,1.07696,1.07731,1622,98324
2024.05.13,06:00,1.07731,1.07756,1.07688,1.077,2247,96073
2024.05.13,07:00,1.07701,1.07798,1.0769,1.07757,3774,99851
2024.05.13,08:00,1.07755,1.07845,1.07736,1.07837,3279,103130
2024.05.13,09:00,1.07842,1.07888,1.07815,1.07827,2920,106050
2024.05.13,10:00,1.07827,1.0785,1.07772,1.07816,2723,103323
2024.05.13,11:00,1.07816,1.07945,1.07812,1.07892,2898,106225
2024.05.13,12:00,1.07893,1.07996,1.07889,1.07981,3621,109846
2024.05.13,13:00,1.07982,1.08068,1.07968,1.08042,3921,113767
2024.05.13,14:00,1.08042,1.08053,1.07957,1.08038,3700,117467
2024.05.13,15:00,1.08039,1.08042,1.07894,1.07953,4266,113197
2024.05.13,16:00,1.07952,1.07988,1.07932,1.07934,2395,110802
2024.05.13,17:00,1.07934,1.07941,1.07869,1.07916,2305,108497
2024.05.13,18:00,1.07916,1.07936,1.07889,1.07897,1935,106562
2024.05.13,19:00,1.07895,1.07899,1.07866,1.07889,2028,104534
2024.05.13,20:00,1.07889,1.079,1.0788,1.07899,1146,103388
2024.05.13,21:00,1.07878,1.079,1.07869,1.07897,731,102657
2024.05.13,22:00,1.07899,1.07909,1.07887,1.07898,646,102011
2024.05.13,23:00,1.07899,1.07935,1.07895,1.07919,901,102916
2024.05.14,00:00,1.0792,1.07922,1.07853,1.07876,1854,101058
2024.05.14,01:00,1.07877,1.07897,1.07843,1.07873,2088,98970
2024.05.14,02:00,1.07874,1.07874,1.07845,1.07867,1565,97405
2024.05.14,03:00,1.07867,1.0788,1.07853,1.07876,1661,95744
2024.05.14,04:00,1.07876,1.07889,1.07853,1.07854,1260,94484
2024.05.14,05:00,1.07854,1.07869,1.07842,1.07863,1407,93077
2024.05.14,06:00,1.07862,1.07893,1.07829,1.07876,2843,95924
2024.05.14,07:00,1.07878,1.0789,1.07856,1.07871,2967,98891
2024.05.14,08:00,1.07872,1.07872,1.07753,1.07836,3730,95157
2024.05.14,09:00,1.07837,1.07934,1.07836,1.07927,3307,98468
2024.05.14,10:00,1.07928,1.07988,1.0792,1.07962,2753,101221
2024.05.14,11:00,1.07963,1.07989,1.07925,1.07926,2620,98597
2024.05.14,12:00,1.07927,1.08104,1.07672,1.08034,5837,104438
2024.05.14,13:00,1.08031,1.08225,1.08005,1.08189,5876,110314
2024.05.14,14:00,1.08188,1.08256,1.08099,1.08246,4574,114888
2024.05.14,15:00,1.08246,1.08249,1.0815,1.08181,3457,111427
2024.05.14,16:00,1.08182,1.08201,1.08138,1.08168,2913,108514
2024.05.14,17:00,1.08168,1.08199,1.08155,1.08192,1860,110378
2024.05.14,18:00,1.08192,1.0823,1.08187,1.08197,1623,112001
2024.05.14,19:00,1.08198,1.08217,1.08192,1.082,1545,113546
2024.05.14,20:00,1.082,1.0821,1.08177,1.08197,990,114532
2024.05.14,21:00,1.08181,1.08199,1.08158,1.08169,1382,113150
2024.05.14,22:00,1.08171,1.08179,1.08161,1.08167,666,112484
2024.05.14,23:00,1.08168,1.08169,1.08137,1.08139,727,111757
2024.05.15,00:00,1.08139,1.08176,1.08131,1.0817,1845,113606
2024.05.15,01:00,1.08169,1.08226,1.08164,1.08225,1619,115225
2024.05.15,02:00,1.08226,1.08266,1.08199,1.08252,1429,116654
2024.05.15,03:00,1.08253,1.08276,1.08251,1.08261,1182,117836
2024.05.15,04:00,1.08261,1.08261,1.08205,1.08214,1151,116681
2024.05.15,05:00,1.08213,1.08279,1.08211,1.0827,1580,118265
2024.05.15,06:00,1.0827,1.08306,1.08226,1.08304,2735,121000
2024.05.15,07:00,1.08305,1.08324,1.08253,1.08259,3561,117435
2024.05.15,08:00,1.08258,1.08346,1.08246,1.08297,3283,120722
2024.05.15,09:00,1.08297,1.08318,1.08246,1.0828,2927,117791
2024.05.15,10:00,1.0828,1.08299,1.08233,1.08245,2224,115567
2024.05.15,11:00,1.08244,1.08292,1.08218,1.08292,2909,118480
2024.05.15,12:00,1.08293,1.08692,1.08274,1.08611,7233,125713
2024.05.15,13:00,1.08612,1.08658,1.08316,1.0835,6924,118785
2024.05.15,14:00,1.0835,1.086,1.0834,1.08574,5445,124234
2024.05.15,15:00,1.08575,1.08745,1.08557,1.08598,4570,128804
2024.05.15,16:00,1.08597,1.08736,1.08561,1.0872,3729,132533
2024.05.15,17:00,1.0872,1.08801,1.08716,1.08799,2812,135345
2024.05.15,18:00,1.08798,1.08806,1.08728,1.08784,2356,132985
2024.05.15,19:00,1.08782,1.08829,1.08776,1.08818,2003,134992
2024.05.15,20:00,1.08817,1.08859,1.08813,1.08836,1234,136226
2024.05.15,21:00,1.08849,1.08853,1.0878,1.08837,1176,137398
2024.05.15,22:00,1.08825,1.08899,1.08825,1.08891,1021,138423
2024.05.15,23:00,1.08897,1.08902,1.08875,1.08884,1487,139910
2024.05.16,00:00,1.08885,1.0895,1.08865,1.08937,2775,142685
2024.05.16,01:00,1.08937,1.08939,1.08843,1.08866,2923,139758
2024.05.16,02:00,1.08867,1.08881,1.08813,1.08871,2296,137462
2024.05.16,03:00,1.08871,1.08893,1.08858,1.08872,1948,135514
2024.05.16,04:00,1.08871,1.08871,1.0884,1.08846,1368,134146
2024.05.16,05:00,1.08847,1.0885,1.08794,1.08794,1725,132421
2024.05.16,06:00,1.0879,1.08828,1.08746,1.08764,3008,129413
2024.05.16,07:00,1.08763,1.08818,1.08731,1.08743,3610,125803
2024.05.16,08:00,1.08744,1.08765,1.08664,1.08733,3436,122367
2024.05.16,09:00,1.08733,1.08748,1.08686,1.08702,2573,119794
2024.05.16,10:00,1.087,1.08738,1.08663,1.08723,2326,122124
2024.05.16,11:00,1.08722,1.08747,1.08617,1.08667,2747,119373
2024.05.16,12:00,1.08668,1.08743,1.08607,1.08633,4976,114397
2024.05.16,13:00,1.08632,1.08668,1.08545,1.0856,4709,109688
2024.05.16,14:00,1.08561,1.08702,1.08543,1.08702,4507,114199
2024.05.16,15:00,1.08702,1.08758,1.08666,1.08751,3077,117276
2024.05.16,16:00,1.0875,1.08753,1.08699,1.08733,2495,114777
2024.05.16,17:00,1.08733,1.08755,1.08684,1.08706,2151,112626
2024.05.16,18:00,1.08707,1.08716,1.08657,1.08709,2090,110536
2024.05.16,19:00,1.08708,1.08708,1.08667,1.08669,1926,108610
2024.05.16,20:00,1.08668,1.08673,1.08646,1.0867,1029,107581
2024.05.16,21:00,1.08634,1.08674,1.08633,1.08667,1853,105728
2024.05.16,22:00,1.08674,1.08692,1.08664,1.08677,655,105073
2024.05.16,23:00,1.08678,1.08679,1.0866,1.08677,754,104319
2024.05.17,00:00,1.08678,1.08686,1.08598,1.08627,1642,102677
2024.05.17,01:00,1.08628,1.08636,1.08572,1.08595,2126,100551
2024.05.17,02:00,1.08596,1.08604,1.08543,1.08571,1716,98835
2024.05.17,03:00,1.08571,1.08614,1.08568,1.08591,1066,99905
2024.05.17,04:00,1.08591,1.08594,1.08554,1.08561,1170,98731
2024.05.17,05:00,1.08562,1.08622,1.08555,1.0861,1519,100254
2024.05.17,06:00,1.08609,1.08667,1.08583,1.08626,2478,102732
2024.05.17,07:00,1.08627,1.08683,1.08574,1.08588,3158,99570
2024.05.17,08:00,1.08589,1.08595,1.08416,1.08443,3517,96053
2024.05.17,09:00,1.08442,1.08467,1.08409,1.08446,2520,93533
2024.05.17,10:00,1.08445,1.08445,1.0836,1.08382,2296,91237
2024.05.17,11:00,1.08383,1.08454,1.08356,1.08432,2360,93601
2024.05.17,12:00,1.08431,1.08458,1.08389,1.08429,3225,96826
2024.05.17,13:00,1.0843,1.08563,1.0843,1.08552,4039,100865
2024.05.17,14:00,1.08552,1.08771,1.08551,1.08764,4098,104963
2024.05.17,15:00,1.08764,1.08783,1.0865,1.08686,3758,101201
2024.05.17,16:00,1.08685,1.08744,1.08671,1.08685,2614,98587
2024.05.17,17:00,1.08685,1.08743,1.08682,1.08735,1998,100589
2024.05.17,18:00,1.08736,1.08767,1.08719,1.08757,1960,102549
2024.05.17,19:00,1.08755,1.08762,1.08706,1.08726,1640,100905
2024.05.17,20:00,1.08726,1.08727,1.08689,1.08691,1117,99788
2024.05.19,21:00,1.08662,1.08694,1.08623,1.08694,437,99351
2024.05.19,22:00,1.08682,1.08731,1.08682,1.08706,819,100174
2024.05.19,23:00,1.08707,1.08742,1.08705,1.08724,898,101072
2024.05.20,00:00,1.08726,1.08773,1.08689,1.08751,1969,103041
2024.05.20,01:00,1.08751,1.08766,1.08718,1.08752,2306,105347
2024.05.20,02:00,1.08753,1.08753,1.08716,1.08742,1726,107073
2024.05.20,03:00,1.08741,1.08787,1.08729,1.0878,1164,108237
2024.05.20,04:00,1.08782,1.08823,1.08777,1.08808,1206,109443
2024.05.20,05:00,1.08808,1.08825,1.08795,1.08805,1399,110842
2024.05.20,06:00,1.08801,1.08844,1.08776,1.08781,2853,107985
2024.05.20,07:00,1.08778,1.08807,1.08693,1.08729,3492,104493
2024.05.20,08:00,1.08729,1.08763,1.08712,1.08746,2249,106746
2024.05.20,09:00,1.08745,1.0875,1.08664,1.08689,2231,104511
2024.05.20,10:00,1.08689,1.08736,1.08687,1.08705,1883,106398
2024.05.20,11:00,1.08707,1.08715,1.08597,1.086,2625,103769
2024.05.20,12:00,1.08602,1.08629,1.08544,1.08574,4197,99572
2024.05.20,13:00,1.08574,1.08674,1.08574,1.08651,4096,103672
2024.05.20,14:00,1.0865,1.08697,1.08626,1.0865,3591,107263
2024.05.20,15:00,1.08649,1.08649,1.0858,1.08604,3001,104258
2024.05.20,16:00,1.08606,1.08661,1.08593,1.08658,1884,106146
2024.05.20,17:00,1.08657,1.08705,1.08628,1.08642,1918,104224
2024.05.20,18:00,1.08641,1.08667,1.08611,1.08649,1831,102393
2024.05.20,19:00,1.08648,1.08651,1.08591,1.08598,1512,100881
2024.05.20,20:00,1.08597,1.086,1.08567,1.08569,958,99923
2024.05.20,21:00,1.08561,1.08594,1.08559,1.08591,812,100739
2024.05.20,22:00,1.08591,1.08593,1.08564,1.08588,861,101600
2024.05.20,23:00,1.08589,1.08608,1.08585,1.08602,803,102403
2024.05.21,00:00,1.08603,1.08618,1.08563,1.08614,1615,104018
2024.05.21,01:00,1.08613,1.08615,1.08553,1.08558,2176,101838
2024.05.21,02:00,1.08557,1.08566,1.08509,1.08556,2255,99583
2024.05.21,03:00,1.08556,1.08568,1.08538,1.08558,1447,98136
2024.05.21,04:00,1.08559,1.08601,1.08551,1.08587,1191,99331
2024.05.21,05:00,1.08589,1.08615,1.08566,1.08582,1557,100888
2024.05.21,06:00,1.08585,1.08636,1.08568,1.08614,3038,103926
2024.05.21,07:00,1.08615,1.08668,1.08593,1.08644,3629,107555
2024.05.21,08:00,1.08643,1.08695,1.08598,1.08666,4589,112144
2024.05.21,09:00,1.08667,1.08747,1.08663,1.08718,3904,116048
2024.05.21,10:00,1.08719,1.08732,1.08658,1.08665,3187,112857
2024.05.21,11:00,1.08666,1.08696,1.08643,1.08681,3426,116287
2024.05.21,12:00,1.08682,1.08706,1.08547,1.08571,6027,110256
2024.05.21,13:00,1.08569,1.08605,1.08426,1.08497,11562,98694
2024.05.21,14:00,1.08495,1.08616,1.08462,1.08593,7372,106070
2024.05.21,15:00,1.08592,1.08611,1.08529,1.08539,5363,100703
2024.05.21,16:00,1.08539,1.08567,1.08519,1.08538,3382,97321
2024.05.21,17:00,1.08538,1.08543,1.08463,1.08532,2890,94431
2024.05.21,18:00,1.08532,1.08555,1.085,1.08519,2533,91898
2024.05.21,19:00,1.08519,1.08562,1.08507,1.08558,2409,94311
2024.05.21,20:00,1.08557,1.08565,1.08536,1.08539,1067,93240
2024.05.21,21:00,1.08545,1.08566,1.08528,1.08555,1678,94922
2024.05.21,22:00,1.08559,1.08576,1.0855,1.08573,690,95612
2024.05.21,23:00,1.08574,1.08595,1.08538,1.0854,1028,94580
2024.05.22,00:00,1.08541,1.08598,1.08538,1.08575,2067,96651
2024.05.22,01:00,1.08574,1.08616,1.08553,1.08598,2395,99046
2024.05.22,02:00,1.08599,1.08635,1.08569,1.08589,3232,102278
2024.05.22,03:00,1.08589,1.08592,1.08536,1.08557,1751,100523
2024.05.22,04:00,1.08558,1.08561,1.08527,1.08535,1398,99125
2024.05.22,05:00,1.08535,1.08566,1.0852,1.08557,1764,100893
2024.05.22,06:00,1.08556,1.08632,1.08554,1.08612,5223,106116
2024.05.22,07:00,1.08614,1.08634,1.08501,1.08576,5095,101017
2024.05.22,08:00,1.08578,1.08581,1.08461,1.08486,4512,96505
2024.05.22,09:00,1.08485,1.08498,1.08412,1.08436,3982,92523
2024.05.22,10:00,1.08436,1.08463,1.08367,1.08375,3790,88733
2024.05.22,11:00,1.08375,1.08382,1.08218,1.08275,5037,83696
2024.05.22,12:00,1.08274,1.08367,1.08264,1.08319,6587,90287
2024.05.22,13:00,1.08318,1.08407,1.08317,1.08354,6610,96897
2024.05.22,14:00,1.08353,1.08398,1.08316,1.08335,6837,90056
2024.05.22,15:00,1.08334,1.08422,1.08331,1.0836,5470,95530
2024.05.22,16:00,1.0836,1.08443,1.08357,1.08423,4152,99682
2024.05.22,17:00,1.08424,1.0847,1.08341,1.08377,3978,95700
2024.05.22,18:00,1.08377,1.0838,1.08176,1.08213,7888,87812
2024.05.22,19:00,1.08214,1.08221,1.08174,1.08209,3864,83948
2024.05.22,20:00,1.0821,1.08234,1.08202,1.08222,1718,85670
2024.05.22,21:00,1.08218,1.08245,1.08213,1.08234,1503,87173
2024.05.22,22:00,1.08236,1.08261,1.08234,1.08251,1011,88184
2024.05.22,23:00,1.08252,1.08269,1.08241,1.0825,963,89147
2024.05.23,00:00,1.08251,1.08288,1.08246,1.08255,2140,91287
2024.05.23,01:00,1.08254,1.083,1.08245,1.08277,3076,94363
2024.05.23,02:00,1.08277,1.08291,1.08219,1.08284,2034,96397
2024.05.23,03:00,1.08285,1.08312,1.08271,1.08302,1849,98246
2024.05.23,04:00,1.08301,1.08323,1.08265,1.08266,1503,96739
2024.05.23,05:00,1.08265,1.08282,1.08232,1.08241,2003,94736
2024.05.23,06:00,1.08237,1.0828,1.08214,1.08269,4314,99054
2024.05.23,07:00,1.08268,1.08344,1.08124,1.08293,8438,107492
2024.05.23,08:00,1.08286,1.08448,1.08283,1.08386,6011,113503
2024.05.23,09:00,1.08387,1.08484,1.08336,1.08459,5508,119011
2024.05.23,10:00,1.08458,1.08483,1.08438,1.08452,3521,122532
2024.05.23,11:00,1.08452,1.08524,1.0843,1.08505,3768,126300
2024.05.23,12:00,1.08505,1.08542,1.08455,1.08526,6596,132896
2024.05.23,13:00,1.08528,1.08609,1.08281,1.08341,10405,122487
2024.05.23,14:00,1.08341,1.08422,1.08232,1.08244,13040,109447
2024.05.23,15:00,1.08244,1.08305,1.08203,1.08261,6589,116040
2024.05.23,16:00,1.08261,1.08311,1.08179,1.08183,4604,111432
2024.05.23,17:00,1.08183,1.08201,1.08084,1.08119,5149,106283
2024.05.23,18:00,1.08119,1.08137,1.08047,1.08052,5313,100970
2024.05.23,19:00,1.08052,1.08113,1.08047,1.081,3812,104786
2024.05.23,20:00,1.08099,1.08158,1.08087,1.08157,1263,106045
2024.05.23,21:00,1.08122,1.0815,1.08109,1.08147,1660,107709
2024.05.23,22:00,1.08147,1.08147,1.08123,1.08133,1236,106469
2024.05.23,23:00,1.08133,1.0815,1.08116,1.08116,1188,105281
2024.05.24,00:00,1.08115,1.08125,1.08074,1.08101,2831,102450
2024.05.24,01:00,1.08101,1.08138,1.08079,1.08106,3059,99391
2024.05.24,02:00,1.08104,1.08111,1.08072,1.08087,2086,97305
2024.05.24,03:00,1.08087,1.08092,1.08056,1.08063,1580,95725
2024.05.24,04:00,1.08062,1.08103,1.08054,1.08092,1442,97171
2024.05.24,05:00,1.08091,1.08111,1.08075,1.08104,1925,99096
2024.05.24,06:00,1.08108,1.08179,1.08092,1.08128,4326,103422
2024.05.24,07:00,1.08129,1.08257,1.08129,1.08243,4622,108044
2024.05.24,08:00,1.08242,1.08282,1.08196,1.08246,3937,111981
2024.05.24,09:00,1.08246,1.08316,1.08235,1.08287,3473,115454
2024.05.24,10:00,1.08286,1.08442,1.08276,1.08402,3374,118828
2024.05.24,11:00,1.08405,1.08428,1.08344,1.08406,3630,122458
2024.05.24,12:00,1.08408,1.08536,1.08378,1.08513,6707,129165
2024.05.24,13:00,1.08511,1.08534,1.08417,1.08417,6643,122518
2024.05.24,14:00,1.08415,1.08506,1.08415,1.0846,7492,130014
2024.05.24,15:00,1.08461,1.08557,1.08456,1.08511,4566,134580
2024.05.24,16:00,1.08512,1.08578,1.08463,1.0847,3329,131247
2024.05.24,17:00,1.0847,1.08528,1.08458,1.0852,3201,134452
2024.05.24,18:00,1.0852,1.08532,1.0848,1.08496,2660,131788
2024.05.24,19:00,1.08495,1.08501,1.08475,1.08488,2576,129212
2024.05.24,20:00,1.08487,1.08491,1.08459,1.08461,1121,128091
2024.05.26,21:00,1.08464,1.08467,1.08416,1.08449,840,127251
2024.05.26,22:00,1.08453,1.08514,1.08453,1.08506,1234,128489
2024.05.26,23:00,1.08503,1.08505,1.08461,1.08466,1237,127248
2024.05.27,00:00,1.08466,1.08492,1.08465,1.08486,1681,128933
2024.05.27,01:00,1.08486,1.08514,1.08485,1.08499,2249,131182
2024.05.27,02:00,1.08499,1.08521,1.08481,1.08498,1532,132714
2024.05.27,03:00,1.08499,1.08506,1.08475,1.08491,1303,134017
2024.05.27,04:00,1.08491,1.08495,1.08472,1.08484,961,134978
2024.05.27,05:00,1.08484,1.08492,1.08475,1.08489,1337,136315
2024.05.27,06:00,1.08492,1.08516,1.08441,1.08512,2481,138796
2024.05.27,07:00,1.08511,1.08524,1.08473,1.08506,3026,141822
2024.05.27,08:00,1.08508,1.08534,1.0845,1.08492,3425,138393
2024.05.27,09:00,1.08493,1.08671,1.08488,1.08671,3207,141604
2024.05.27,10:00,1.08671,1.08674,1.08536,1.08627,2907,138693
2024.05.27,11:00,1.08627,1.0864,1.08564,1.08572,2670,136023
2024.05.27,12:00,1.08573,1.08596,1.08406,1.08489,5707,130316
2024.05.27,13:00,1.08489,1.08588,1.08444,1.0855,4576,134896
2024.05.27,14:00,1.0855,1.08595,1.08488,1.08584,4367,139263
2024.05.27,15:00,1.08583,1.08597,1.08562,1.08594,2440,141703
2024.05.27,16:00,1.08597,1.08619,1.08594,1.08598,1309,143012
2024.05.27,17:00,1.08598,1.08607,1.08573,1.08575,762,142246
2024.05.27,18:00,1.08574,1.08587,1.08571,1.08573,507,141739
2024.05.27,19:00,1.08574,1.08599,1.08571,1.08599,432,142175
2024.05.27,20:00,1.08598,1.08607,1.08543,1.0855,809,141366
2024.05.27,21:00,1.08573,1.08599,1.08528,1.08562,2931,144297
2024.05.27,22:00,1.08563,1.08605,1.08563,1.08596,878,145175
2024.05.27,23:00,1.08598,1.08617,1.08588,1.08614,882,146057
2024.05.28,00:00,1.08615,1.08683,1.08608,1.0865,3087,149144
2024.05.28,01:00,1.0865,1.08735,1.08642,1.08724,3231,152375
2024.05.28,02:00,1.08724,1.08768,1.08715,1.08758,2550,154925
2024.05.28,03:00,1.08759,1.08786,1.08737,1.08784,2361,157286
2024.05.28,04:00,1.08785,1.088,1.08756,1.08761,2208,155074
2024.05.28,05:00,1.0876,1.0878,1.08726,1.08751,1972,153102
2024.05.28,06:00,1.08752,1.088,1.08736,1.08754,4191,148911
2024.05.28,07:00,1.08753,1.0879,1.08716,1.08773,4357,153272
2024.05.28,08:00,1.08773,1.08797,1.0867,1.087,3968,149300
2024.05.28,09:00,1.08699,1.08776,1.08671,1.08769,3551,152855
2024.05.28,10:00,1.08769,1.08798,1.08754,1.08783,2911,155766
2024.05.28,11:00,1.08782,1.0889,1.08781,1.0884,4305,160071
2024.05.28,12:00,1.0884,1.08845,1.08747,1.08764,5509,154558
2024.05.28,13:00,1.08764,1.08802,1.08636,1.08638,7528,147030
2024.05.28,14:00,1.0864,1.08768,1.08578,1.08748,8095,155129
2024.05.28,15:00,1.08748,1.08795,1.08711,1.08782,5107,160236
2024.05.28,16:00,1.08781,1.08789,1.08705,1.08748,3787,156445
2024.05.28,17:00,1.08746,1.08757,1.08644,1.08652,5073,151372
2024.05.28,18:00,1.08651,1.08651,1.0855,1.08585,4386,146986
2024.05.28,19:00,1.08584,1.0862,1.08558,1.08611,3847,150837
2024.05.28,20:00,1.08612,1.08615,1.0856,1.08566,1245,149588
2024.05.28,21:00,1.0856,1.08595,1.0856,1.08571,1977,147611
2024.05.28,22:00,1.0858,1.08601,1.08543,1.08565,1068,146543
2024.05.28,23:00,1.08567,1.08568,1.0851,1.0851,1421,145122
2024.05.29,00:00,1.08512,1.0852,1.08476,1.08512,2495,142627
2024.05.29,01:00,1.08512,1.0857,1.08495,1.08516,2771,139856
2024.05.29,02:00,1.08516,1.0854,1.0846,1.08462,1819,138037
2024.05.29,03:00,1.08461,1.08484,1.08456,1.08471,1680,136357
2024.05.29,04:00,1.08472,1.08483,1.08439,1.08477,1528,134829
2024.05.29,05:00,1.08478,1.08488,1.08442,1.08446,1912,132917
2024.05.29,06:00,1.08447,1.08556,1.08447,1.0852,4158,137079
2024.05.29,07:00,1.08521,1.08588,1.08506,1.08518,5271,142350
2024.05.29,08:00,1.08516,1.08516,1.08291,1.08372,7483,134863
2024.05.29,09:00,1.08372,1.08562,1.08368,1.08516,4469,139336
2024.05.29,10:00,1.08515,1.08525,1.08411,1.08467,3453,135879
2024.05.29,11:00,1.08467,1.08518,1.08354,1.08498,4948,140831
2024.05.29,12:00,1.08499,1.08585,1.08462,1.08462,6953,133874
2024.05.29,13:00,1.08463,1.08469,1.08317,1.08384,8037,125837
2024.05.29,14:00,1.08385,1.08418,1.08111,1.08145,9459,116378
2024.05.29,15:00,1.08146,1.08171,1.08088,1.08111,6971,109407
2024.05.29,16:00,1.0811,1.08175,1.08074,1.08153,4925,114336
2024.05.29,17:00,1.08153,1.08159,1.08073,1.08134,5151,109181
2024.05.29,18:00,1.08134,1.08154,1.08047,1.0806,3665,105516
2024.05.29,19:00,1.08059,1.08061,1.07999,1.08018,3779,101737
2024.05.29,20:00,1.08019,1.08033,1.08,1.08006,1410,100331
2024.05.29,21:00,1.08022,1.0804,1.08005,1.0803,575,100906
2024.05.29,22:00,1.0804,1.08041,1.08001,1.08009,1021,99881
2024.05.29,23:00,1.0801,1.08023,1.07995,1.08012,1584,98297
2024.05.30,00:00,1.08011,1.08011,1.07953,1.07963,3038,95259
2024.05.30,01:00,1.07964,1.08045,1.07955,1.07983,3340,98603
2024.05.30,02:00,1.07983,1.07997,1.07938,1.07974,2454,101057
2024.05.30,03:00,1.07975,1.07988,1.0796,1.0798,2332,103389
2024.05.30,04:00,1.07981,1.07986,1.0792,1.07959,2348,101037
2024.05.30,05:00,1.07958,1.07958,1.07882,1.07901,3088,97949
2024.05.30,06:00,1.07898,1.07966,1.07895,1.07955,5147,103100
2024.05.30,07:00,1.07956,1.08112,1.07932,1.08085,6950,110050
2024.05.30,08:00,1.08084,1.08185,1.08032,1.0815,6030,116080
2024.05.30,09:00,1.0815,1.08182,1.08112,1.08129,5334,110742
2024.05.30,10:00,1.08128,1.08199,1.08084,1.08174,4513,115259
2024.05.30,11:00,1.08174,1.08217,1.08139,1.08182,4069,119328
2024.05.30,12:00,1.08179,1.08328,1.08129,1.0829,8412,127740
2024.05.30,13:00,1.08291,1.08336,1.08254,1.0829,8933,136673
2024.05.30,14:00,1.08291,1.08444,1.08287,1.08407,8499,145172
2024.05.30,15:00,1.08407,1.08451,1.0836,1.08362,6029,139139
2024.05.30,16:00,1.08371,1.08422,1.08358,1.08399,4025,143168
2024.05.30,17:00,1.084,1.08433,1.08389,1.08391,3031,146199
2024.05.30,18:00,1.0839,1.08399,1.08352,1.08368,3191,143004
2024.05.30,19:00,1.08368,1.08368,1.08268,1.08301,4182,138822
2024.05.30,20:00,1.083,1.08328,1.0829,1.08318,1387,140209
2024.05.30,21:00,1.08286,1.0834,1.08286,1.08327,1223,141436
2024.05.30,22:00,1.08329,1.08339,1.08319,1.08334,1230,142666
2024.05.30,23:00,1.08334,1.08334,1.08309,1.08313,1136,141526
2024.05.31,00:00,1.08314,1.08335,1.08292,1.08321,3333,138193
2024.05.31,01:00,1.08321,1.08335,1.08202,1.08202,3932,134261
2024.05.31,02:00,1.08201,1.08225,1.08114,1.08114,3298,130963
2024.05.31,03:00,1.08113,1.082,1.08111,1.08192,2753,133720
2024.05.31,04:00,1.08193,1.08194,1.08155,1.08183,2137,135857
2024.05.31,05:00,1.08182,1.08212,1.08171,1.08194,2552,138409
2024.05.31,06:00,1.08194,1.08255,1.08145,1.08242,4794,143203
2024.05.31,07:00,1.08241,1.0825,1.08166,1.08229,6062,137137
2024.05.31,08:00,1.08228,1.08384,1.08225,1.08347,4936,142077
2024.05.31,09:00,1.08341,1.08479,1.08335,1.08474,5905,147982
2024.05.31,10:00,1.08475,1.08513,1.08446,1.08497,4332,152314
2024.05.31,11:00,1.08497,1.08552,1.0848,1.08526,4358,156672
2024.05.31,12:00,1.08526,1.08823,1.08492,1.08801,9985,166657
2024.05.31,13:00,1.08801,1.08809,1.08652,1.08689,8770,157883
2024.05.31,14:00,1.08687,1.08775,1.08511,1.08557,11345,146538
2024.05.31,15:00,1.08556,1.0859,1.08417,1.0846,8980,137558
2024.05.31,16:00,1.0846,1.0852,1.08397,1.08473,5372,142934
2024.05.31,17:00,1.08473,1.08527,1.08453,1.08471,3544,146478
2024.05.31,18:00,1.08471,1.0849,1.0841,1.08425,3285,143189
2024.05.31,19:00,1.08425,1.08512,1.08406,1.0851,4531,147724
2024.05.31,20:00,1.08507,1.08523,1.08462,1.08492,2233,145487
2024.06.02,21:00,1.08468,1.08488,1.0844,1.08466,1362,144129
2024.06.02,22:00,1.08488,1.08544,1.08481,1.08511,1899,146028
2024.06.02,23:00,1.08514,1.0853,1.08503,1.08524,1299,147327
2024.06.03,00:00,1.08525,1.08576,1.08513,1.08564,2693,150020
2024.06.03,01:00,1.08563,1.08587,1.08547,1.08575,2915,152935
2024.06.03,02:00,1.08576,1.0858,1.08519,1.0854,2283,150648
2024.06.03,03:00,1.0854,1.08569,1.08493,1.08497,2132,148516
2024.06.03,04:00,1.08497,1.08547,1.08492,1.08519,1577,150097
2024.06.03,05:00,1.08518,1.0854,1.08483,1.08525,2564,152661
2024.06.03,06:00,1.08523,1.08586,1.08468,1.08564,5004,157665
2024.06.03,07:00,1.08564,1.08587,1.08396,1.08396,5766,151895
2024.06.03,08:00,1.08396,1.08422,1.08334,1.08401,6326,145569
2024.06.03,09:00,1.08402,1.08411,1.08322,1.08348,5298,140271
2024.06.03,10:00,1.08349,1.0839,1.08277,1.0837,5082,145357
2024.06.03,11:00,1.0837,1.08448,1.08369,1.08431,5089,150446
2024.06.03,12:00,1.08433,1.08499,1.08405,1.08443,6276,156722
2024.06.03,13:00,1.08443,1.08537,1.08443,1.08517,6786,163508
2024.06.03,14:00,1.08524,1.08824,1.08524,1.087,12334,175842
2024.06.03,15:00,1.087,1.08904,1.08696,1.08896,6442,182284
2024.06.03,16:00,1.08897,1.08906,1.08811,1.08852,6011,176269
2024.06.03,17:00,1.08852,1.08887,1.08813,1.0888,4800,181073
2024.06.03,18:00,1.08879,1.08977,1.08868,1.08972,4348,185421
2024.06.03,19:00,1.08973,1.09,1.0896,1.08998,3081,188502
2024.06.03,20:00,1.08999,1.09044,1.08996,1.09036,1212,189710
2024.06.03,21:00,1.09021,1.09039,1.09003,1.09033,1278,190992
2024.06.03,22:00,1.09031,1.09098,1.09027,1.09073,1314,192306
2024.06.03,23:00,1.09072,1.09091,1.09063,1.09072,1502,193808
2024.06.04,00:00,1.09072,1.0916,1.09072,1.09128,3259,197067
2024.06.04,01:00,1.09128,1.09138,1.0907,1.09077,3169,193894
2024.06.04,02:00,1.09076,1.09087,1.09052,1.09076,2108,191786
2024.06.04,03:00,1.09076,1.09099,1.09068,1.09073,1866,189920
2024.06.04,04:00,1.09073,1.09098,1.09067,1.09093,1577,191501
2024.06.04,05:00,1.09092,1.09107,1.09026,1.09032,2422,189075
2024.06.04,06:00,1.0903,1.09048,1.08963,1.08969,5775,183300
2024.06.04,07:00,1.08969,1.08986,1.08846,1.08902,7127,176173
2024.06.04,08:00,1.08901,1.08907,1.08739,1.08809,7259,168914
2024.06.04,09:00,1.08808,1.0882,1.08693,1.08717,7665,161249
2024.06.04,10:00,1.08717,1.08717,1.08632,1.08663,6948,154301
2024.06.04,11:00,1.08664,1.08706,1.0859,1.08614,5538,148763
2024.06.04,12:00,1.08614,1.08701,1.08614,1.08645,6303,155070
2024.06.04,13:00,1.08646,1.08716,1.0862,1.08635,7123,162193
2024.06.04,14:00,1.08634,1.0882,1.0863,1.08801,12510,174703
2024.06.04,15:00,1.08802,1.08835,1.08749,1.08776,7374,167325
2024.06.04,16:00,1.08779,1.08834,1.08774,1.08802,5600,172929
2024.06.04,17:00,1.08803,1.08877,1.08781,1.08833,4988,177917
2024.06.04,18:00,1.08833,1.08865,1.08802,1.08822,4585,173328
2024.06.04,19:00,1.08821,1.08827,1.08784,1.08809,4073,169255
2024.06.04,20:00,1.08808,1.08811,1.08783,1.08793,1454,167805
2024.06.04,21:00,1.08806,1.0881,1.08773,1.08789,961,166840
2024.06.04,22:00,1.08793,1.08802,1.0878,1.08796,599,166241
2024.06.04,23:00,1.08795,1.08819,1.08794,1.08817,1332,167577
2024.06.05,00:00,1.08816,1.08862,1.08784,1.08842,3183,170760
2024.06.05,01:00,1.08843,1.08861,1.08804,1.0884,3145,173905
2024.06.05,02:00,1.0884,1.08858,1.08828,1.08832,1768,175673
2024.06.05,03:00,1.08833,1.08836,1.08767,1.08785,2270,173399
2024.06.05,04:00,1.08784,1.08809,1.08771,1.08806,1897,175300
2024.06.05,05:00,1.08807,1.08822,1.0876,1.08791,2667,172629
2024.06.05,06:00,1.08789,1.08801,1.08721,1.08759,3935,168694
2024.06.05,07:00,1.08758,1.08794,1.08708,1.08716,6046,162648
2024.06.05,08:00,1.08715,1.08768,1.08701,1.08758,4464,167116
2024.06.05,09:00,1.08753,1.08773,1.08714,1.08735,4179,162933
2024.06.05,10:00,1.08734,1.08734,1.08648,1.08686,3702,159231
2024.06.05,11:00,1.08685,1.08692,1.08597,1.08681,4155,155076
2024.06.05,12:00,1.08684,1.08842,1.0868,1.08839,6985,162065
2024.06.05,13:00,1.08839,1.08915,1.08814,1.08873,8907,170972
2024.06.05,14:00,1.08895,1.08895,1.08618,1.08663,12164,158804
2024.06.05,15:00,1.08663,1.08707,1.08628,1.08649,6410,152394
2024.06.05,16:00,1.08649,1.08686,1.08544,1.08644,4714,147680
2024.06.05,17:00,1.08645,1.08675,1.08606,1.08671,3457,151141
2024.06.05,18:00,1.08671,1.08773,1.08658,1.08757,3278,154419
2024.06.05,19:00,1.08756,1.08765,1.08725,1.08741,2726,151689
2024.06.05,20:00,1.08739,1.0874,1.08679,1.08691,1502,150191
2024.06.05,21:00,1.08703,1.08726,1.08676,1.08701,1320,148867
2024.06.05,22:00,1.08701,1.0873,1.08684,1.08729,1056,149927
2024.06.05,23:00,1.08728,1.08745,1.08728,1.08739,1172,151099
2024.06.06,00:00,1.08739,1.08824,1.08738,1.0882,2593,153692
2024.06.06,01:00,1.08821,1.08943,1.08821,1.08941,4388,158080
2024.06.06,02:00,1.0894,1.08958,1.08879,1.08919,3284,154792
2024.06.06,03:00,1.08918,1.08935,1.08895,1.08906,1848,152944
2024.06.06,04:00,1.08906,1.08908,1.08865,1.08871,1792,151152
2024.06.06,05:00,1.08871,1.08876,1.08822,1.08846,2543,148609
2024.06.06,06:00,1.08847,1.08849,1.08769,1.0884,4719,143890
2024.06.06,07:00,1.08839,1.08881,1.08759,1.08783,5146,138744
2024.06.06,08:00,1.08783,1.0879,1.08712,1.08772,4245,134499
2024.06.06,09:00,1.08772,1.08821,1.08755,1.08799,3719,138222
2024.06.06,10:00,1.088,1.08819,1.08752,1.08763,3353,134865
2024.06.06,11:00,1.08764,1.08768,1.08618,1.08675,4041,130824
2024.06.06,12:00,1.08676,1.09018,1.08641,1.08817,11600,142428
2024.06.06,13:00,1.08813,1.08908,1.08719,1.08851,11130,153558
2024.06.06,14:00,1.08851,1.08912,1.08727,1.0878,7517,146037
2024.06.06,15:00,1.0878,1.08868,1.08775,1.0882,4997,151038
2024.06.06,16:00,1.0882,1.08877,1.08798,1.08819,3274,154312
2024.06.06,17:00,1.08819,1.08937,1.0881,1.08922,3171,157483
2024.06.06,18:00,1.08922,1.08943,1.0886,1.08929,3631,161114
2024.06.06,19:00,1.08929,1.08942,1.08883,1.08894,3646,157464
2024.06.06,20:00,1.08892,1.08932,1.08871,1.08871,1505,155963
2024.06.06,21:00,1.08902,1.08914,1.08888,1.0889,1078,157041
2024.06.06,22:00,1.08889,1.08932,1.08889,1.08918,601,157642
2024.06.06,23:00,1.08923,1.08928,1.08906,1.08916,1396,159038
2024.06.07,00:00,1.08916,1.08924,1.08867,1.08895,2819,156215
2024.06.07,01:00,1.08895,1.08958,1.08871,1.08956,3493,159712
2024.06.07,02:00,1.08957,1.08979,1.08943,1.08969,2499,162211
2024.06.07,03:00,1.08969,1.08978,1.08936,1.08944,2285,159922
2024.06.07,04:00,1.08944,1.08969,1.08936,1.08953,2040,157882
2024.06.07,05:00,1.08953,1.08954,1.08892,1.08906,2693,155189
2024.06.07,06:00,1.08908,1.08966,1.08879,1.08921,4550,159743
2024.06.07,07:00,1.08921,1.08984,1.08896,1.08927,5860,165603
2024.06.07,08:00,1.08926,1.0893,1.08832,1.0889,5794,159805
2024.06.07,09:00,1.0889,1.08963,1.0888,1.08916,5589,165398
2024.06.07,10:00,1.08915,1.08944,1.08883,1.08888,4303,161091
2024.06.07,11:00,1.08885,1.09018,1.08872,1.08982,4941,166036
2024.06.07,12:00,1.08983,1.08999,1.08239,1.08331,12580,153452
2024.06.07,13:00,1.08332,1.08357,1.08177,1.08193,12319,141133
2024.06.07,14:00,1.08196,1.08256,1.08103,1.08125,9925,131208
2024.06.07,15:00,1.08124,1.08129,1.08041,1.08064,7032,124176
2024.06.07,16:00,1.08069,1.08122,1.08032,1.08051,5156,119020
2024.06.07,17:00,1.08051,1.08061,1.08008,1.0805,3603,115417
2024.06.07,18:00,1.0805,1.08067,1.08008,1.08056,4881,110536
2024.06.07,19:00,1.08055,1.08072,1.08,1.08002,4564,105972
2024.06.07,20:00,1.08003,1.08038,1.07997,1.08014,1559,107531
2024.06.09,21:00,1.07682,1.07769,1.07637,1.07712,3345,104190
2024.06.09,22:00,1.07725,1.07784,1.07652,1.07773,2703,106893
2024.06.09,23:00,1.07773,1.07799,1.07756,1.07787,1905,108798
2024.06.10,00:00,1.07787,1.07817,1.07739,1.07778,2995,111793
2024.06.10,01:00,1.07779,1.07799,1.07721,1.07747,2736,109053
2024.06.10,02:00,1.07747,1.07749,1.07667,1.07676,1733,107320
2024.06.10,03:00,1.07675,1.07684,1.07554,1.07554,2600,104720
2024.06.10,04:00,1.07554,1.07558,1.0748,1.07543,2872,101848
2024.06.10,05:00,1.07543,1.07555,1.0748,1.07535,3329,98519
2024.06.10,06:00,1.07536,1.07587,1.0749,1.07518,6394,92125
2024.06.10,07:00,1.07519,1.07664,1.07479,1.07644,7968,100097
2024.06.10,08:00,1.07645,1.07681,1.07549,1.07566,5587,94506
2024.06.10,09:00,1.07567,1.07591,1.07405,1.07432,5513,88993
2024.06.10,10:00,1.07431,1.07439,1.07328,1.07369,5318,83675
2024.06.10,11:00,1.0737,1.07547,1.07369,1.07537,3846,87525
2024.06.10,12:00,1.07538,1.07603,1.07411,1.07413,6308,81213
2024.06.10,13:00,1.07412,1.07491,1.07371,1.07401,6966,74247
2024.06.10,14:00,1.07401,1.07448,1.07337,1.07337,6108,68139
2024.06.10,15:00,1.07337,1.07502,1.07331,1.07501,5485,73628
2024.06.10,16:00,1.07501,1.07588,1.075,1.07539,4338,77966
2024.06.10,17:00,1.0754,1.07603,1.07502,1.07594,4337,82303
2024.06.10,18:00,1.07595,1.07624,1.07566,1.07617,4171,86474
2024.06.10,19:00,1.07616,1.07656,1.07611,1.07629,2924,89398
2024.06.10,20:00,1.07629,1.07666,1.07613,1.07656,1227,90621
2024.06.10,21:00,1.07632,1.07653,1.07564,1.07652,972,91597
2024.06.10,22:00,1.07651,1.07682,1.07645,1.07655,961,92558
2024.06.10,23:00,1.07654,1.07655,1.07626,1.07635,1819,90735
2024.06.11,00:00,1.07634,1.07649,1.07612,1.07636,2971,87764
2024.06.11,01:00,1.07637,1.07683,1.07623,1.07669,3239,91007
2024.06.11,02:00,1.07668,1.0769,1.07647,1.07678,3069,94076
2024.06.11,03:00,1.07679,1.07692,1.07665,1.07685,2151,96227
2024.06.11,04:00,1.07684,1.07705,1.07677,1.07684,1679,97906
2024.06.11,05:00,1.07683,1.077,1.07642,1.07654,2908,94994
2024.06.11,06:00,1.07654,1.07735,1.07653,1.07682,4768,99766
2024.06.11,07:00,1.0768,1.07694,1.0761,1.0764,5576,94186
2024.06.11,08:00,1.0764,1.07645,1.07434,1.07452,6350,87836
2024.06.11,09:00,1.07452,1.07539,1.07404,1.07505,7560,95400
2024.06.11,10:00,1.07507,1.07565,1.07365,1.0741,6605,88791
2024.06.11,11:00,1.07413,1.07415,1.07237,1.07291,6521,82270
2024.06.11,12:00,1.07291,1.07364,1.07242,1.07322,7442,89716
2024.06.11,13:00,1.07322,1.07365,1.07194,1.0724,8737,80975
2024.06.11,14:00,1.0724,1.07293,1.07196,1.07224,7397,73578
2024.06.11,15:00,1.07224,1.07335,1.07219,1.07323,5194,78776
2024.06.11,16:00,1.07324,1.07389,1.07324,1.07373,3299,82075
2024.06.11,17:00,1.07373,1.07432,1.07366,1.07423,3657,85732
2024.06.11,18:00,1.07422,1.07453,1.07405,1.07435,3115,88847
2024.06.11,19:00,1.07434,1.07495,1.074,1.074,3477,85366
2024.06.11,20:00,1.074,1.07418,1.07391,1.07405,1356,84010
2024.06.11,21:00,1.07383,1.07423,1.07353,1.07416,1445,85459
2024.06.11,22:00,1.07428,1.07429,1.07407,1.0741,618,86077
2024.06.11,23:00,1.07414,1.07416,1.07391,1.07399,826,85247
2024.06.12,00:00,1.07399,1.07399,1.07349,1.0736,2460,82787
2024.06.12,01:00,1.07361,1.07418,1.07345,1.07399,2794,85585
2024.06.12,02:00,1.074,1.07426,1.07391,1.07419,2587,88172
2024.06.12,03:00,1.07418,1.07432,1.07399,1.07402,1802,86366
2024.06.12,04:00,1.07401,1.07405,1.07363,1.07367,1396,84970
2024.06.12,05:00,1.07367,1.0746,1.07361,1.07459,2463,87437
2024.06.12,06:00,1.0746,1.07471,1.07389,1.07411,4148,83285
2024.06.12,07:00,1.07414,1.07454,1.07355,1.07445,4913,88202
2024.06.12,08:00,1.07445,1.0754,1.07444,1.07466,4207,92409
2024.06.12,09:00,1.07466,1.07538,1.0744,1.07526,4865,97274
2024.06.12,10:00,1.07527,1.07602,1.0749,1.07586,3909,101183
2024.06.12,11:00,1.07586,1.07655,1.07574,1.07641,4546,105729
2024.06.12,12:00,1.07641,1.083,1.0762,1.08265,11984,117713
2024.06.12,13:00,1.08265,1.08373,1.08189,1.08366,11988,129701
2024.06.12,14:00,1.08366,1.08495,1.08175,1.08479,9325,139026
2024.06.12,15:00,1.08479,1.08522,1.08418,1.08425,6957,132065
2024.06.12,16:00,1.08423,1.0848,1.08415,1.0844,5810,137879
2024.06.12,17:00,1.08441,1.08458,1.0836,1.08393,4696,133183
2024.06.12,18:00,1.08422,1.08422,1.08076,1.08118,21477,111702
2024.06.12,19:00,1.08116,1.08181,1.08037,1.08066,11432,100270
2024.06.12,20:00,1.08064,1.08117,1.0804,1.0809,2063,102333
2024.06.12,21:00,1.08074,1.08141,1.08062,1.08117,893,103230
2024.06.12,22:00,1.08121,1.08149,1.08096,1.08109,1373,104603
2024.06.12,23:00,1.08109,1.08152,1.08105,1.08128,1915,106518
2024.06.13,00:00,1.08127,1.08156,1.08104,1.08128,2857,109375
2024.06.13,01:00,1.08128,1.08157,1.08038,1.08045,4075,105296
2024.06.13,02:00,1.08045,1.08086,1.08039,1.0808,3039,108339
2024.06.13,03:00,1.08081,1.08092,1.08055,1.08067,1912,106423
2024.06.13,04:00,1.08067,1.08071,1.0803,1.08038,1723,104700
2024.06.13,05:00,1.08038,1.0807,1.08004,1.08047,2383,102317
2024.06.13,06:00,1.08042,1.08071,1.08008,1.08021,5111,97206
2024.06.13,07:00,1.08022,1.08164,1.08021,1.08143,6493,103703
2024.06.13,08:00,1.08142,1.08145,1.0805,1.08061,5549,98150
2024.06.13,09:00,1.0806,1.08115,1.08015,1.0802,4660,93490
2024.06.13,10:00,1.0802,1.08095,1.0793,1.07942,4684,88806
2024.06.13,11:00,1.07942,1.07967,1.07827,1.07832,5584,83222
2024.06.13,12:00,1.07832,1.08162,1.07805,1.07934,11036,94262
2024.06.13,13:00,1.07938,1.08076,1.07859,1.07874,10074,84184
2024.06.13,14:00,1.07875,1.07904,1.0763,1.07715,9831,74353
2024.06.13,15:00,1.07715,1.07722,1.07533,1.07554,7310,67043
2024.06.13,16:00,1.07553,1.07556,1.07328,1.07352,6567,60476
2024.06.13,17:00,1.07352,1.07439,1.07351,1.07424,5736,66216
2024.06.13,18:00,1.07424,1.07431,1.0736,1.07394,2889,63323
2024.06.13,19:00,1.07393,1.0743,1.0738,1.07405,2832,66159
2024.06.13,20:00,1.07404,1.07433,1.07375,1.07382,1714,64441
2024.06.13,21:00,1.07367,1.07398,1.07366,1.07391,936,63505
2024.06.13,22:00,1.07387,1.07402,1.07352,1.07388,1203,62302
2024.06.13,23:00,1.07389,1.07405,1.07369,1.07374,1535,60767
2024.06.14,00:00,1.07373,1.07409,1.07362,1.07364,2890,57877
2024.06.14,01:00,1.07363,1.07419,1.07354,1.07416,2530,60411
2024.06.14,02:00,1.07417,1.07436,1.07403,1.07431,2400,62811
2024.06.14,03:00,1.07429,1.0745,1.07381,1.07402,4002,58805
2024.06.14,04:00,1.07403,1.07409,1.0735,1.07363,2079,56726
2024.06.14,05:00,1.07364,1.07373,1.07302,1.07306,3013,53713
2024.06.14,06:00,1.07304,1.07326,1.07157,1.0725,7003,46710
2024.06.14,07:00,1.07249,1.07272,1.0706,1.07077,8521,38189
2024.06.14,08:00,1.07074,1.07118,1.06896,1.06918,8401,29788
2024.06.14,09:00,1.06919,1.06922,1.06717,1.06873,8857,20931
2024.06.14,10:00,1.06872,1.0699,1.06794,1.06978,8788,29723
2024.06.14,11:00,1.06978,1.07058,1.06924,1.06938,7855,21864
2024.06.14,12:00,1.06939,1.06953,1.06791,1.06892,10321,11543
2024.06.14,13:00,1.06895,1.06924,1.06676,1.06691,9638,1905
2024.06.14,14:00,1.06689,1.06878,1.06681,1.06871,11069,12978
2024.06.14,15:00,1.0687,1.06998,1.06835,1.06988,6899,19877
2024.06.14,16:00,1.06987,1.07018,1.06929,1.07004,4548,24425
2024.06.14,17:00,1.07005,1.07046,1.06968,1.0698,4287,20134
2024.06.14,18:00,1.0698,1.07005,1.06945,1.06994,3627,23765
2024.06.14,19:00,1.06995,1.0706,1.06988,1.0706,2522,26287
2024.06.14,20:00,1.0706,1.07075,1.07035,1.07061,1698,27981
2024.06.16,21:00,1.07045,1.07076,1.07006,1.0704,798,27183
2024.06.16,22:00,1.07047,1.07095,1.07023,1.07067,1843,29030
2024.06.16,23:00,1.07067,1.07073,1.07018,1.07026,1728,27298
2024.06.17,00:00,1.07027,1.07072,1.07004,1.0704,3977,31279
2024.06.17,01:00,1.0704,1.07043,1.06992,1.07015,3158,28117
2024.06.17,02:00,1.07014,1.07048,1.06989,1.07042,2515,30636
2024.06.17,03:00,1.07042,1.07047,1.07018,1.07037,2093,32729
2024.06.17,04:00,1.07038,1.07056,1.0702,1.07042,2185,34914
2024.06.17,05:00,1.0704,1.07052,1.06991,1.06997,2942,31968
2024.06.17,06:00,1.06995,1.07039,1.06863,1.06976,8338,23630
2024.06.17,07:00,1.06976,1.07089,1.06921,1.07007,8346,31980
2024.06.17,08:00,1.07006,1.07123,1.06996,1.07071,7143,39123
2024.06.17,09:00,1.07073,1.07146,1.0707,1.07111,6238,45361
2024.06.17,10:00,1.07109,1.07135,1.0702,1.07101,4966,50327
2024.06.17,11:00,1.07102,1.07178,1.07089,1.07094,4836,55163
2024.06.17,12:00,1.07096,1.07152,1.0707,1.07137,6485,61648
2024.06.17,13:00,1.07138,1.07208,1.07121,1.07161,7248,68896
2024.06.17,14:00,1.07161,1.07184,1.07117,1.07161,7310,76206
2024.06.17,15:00,1.07158,1.07247,1.07152,1.07223,5268,81474
2024.06.17,16:00,1.07222,1.07278,1.07207,1.07252,4531,86005
2024.06.17,17:00,1.07251,1.07273,1.07233,1.07258,2969,88974
2024.06.17,18:00,1.07258,1.07378,1.07258,1.07362,3959,92933
2024.06.17,19:00,1.07363,1.07363,1.07303,1.07323,3175,89754
2024.06.17,20:00,1.07326,1.0736,1.07326,1.07338,1426,91180
2024.06.17,21:00,1.07321,1.07334,1.07305,1.07318,356,90824
2024.06.17,22:00,1.07318,1.07401,1.07318,1.07377,959,91787
2024.06.17,23:00,1.07379,1.07411,1.07347,1.07398,1674,93461
2024.06.18,00:00,1.07398,1.07408,1.07355,1.07361,3322,90135
2024.06.18,01:00,1.07362,1.07369,1.0727,1.07278,3285,86850
2024.06.18,02:00,1.07277,1.07284,1.07242,1.07244,2641,84209
2024.06.18,03:00,1.07242,1.07251,1.07209,1.07248,2232,81977
2024.06.18,04:00,1.07247,1.07263,1.07202,1.07215,2531,79446
2024.06.18,05:00,1.07214,1.07236,1.07183,1.07232,3451,82901
2024.06.18,06:00,1.07233,1.07336,1.07227,1.0733,5351,88252
2024.06.18,07:00,1.07331,1.07352,1.07228,1.07233,6013,82235
2024.06.18,08:00,1.07234,1.07247,1.07148,1.07193,5584,76651
2024.06.18,09:00,1.07193,1.07256,1.07152,1.07195,5686,70965
2024.06.18,10:00,1.07196,1.07207,1.07153,1.07178,3947,67018
2024.06.18,11:00,1.0718,1.07182,1.07099,1.07163,4360,62658
2024.06.18,12:00,1.07163,1.0734,1.07104,1.07312,9967,72629
2024.06.18,13:00,1.07311,1.07497,1.073,1.0748,8314,80943
2024.06.18,14:00,1.07484,1.07614,1.07365,1.07382,9404,71535
2024.06.18,15:00,1.07383,1.07423,1.07343,1.07383,6791,64744
2024.06.18,16:00,1.07384,1.07426,1.07364,1.07393,4427,60317
2024.06.18,17:00,1.07392,1.07433,1.07335,1.07352,5341,54976
2024.06.18,18:00,1.07349,1.07404,1.07321,1.07399,3727,58707
2024.06.18,19:00,1.07398,1.07398,1.07361,1.07388,3725,54978
2024.06.18,20:00,1.07388,1.07409,1.07379,1.07397,1447,53531
2024.06.18,21:00,1.07387,1.07403,1.07364,1.07397,497,53034
2024.06.18,22:00,1.07395,1.07412,1.07395,1.07408,563,53601
2024.06.18,23:00,1.07409,1.0741,1.07386,1.07386,1231,52366
2024.06.19,00:00,1.07385,1.07396,1.07366,1.07374,2660,49706
2024.06.19,01:00,1.07374,1.07418,1.07353,1.07407,2481,52191
2024.06.19,02:00,1.07408,1.07425,1.07376,1.07387,1981,50206
2024.06.19,03:00,1.07387,1.07404,1.07368,1.07378,1694,48512
2024.06.19,04:00,1.07377,1.07377,1.07352,1.07359,1673,46839
2024.06.19,05:00,1.07358,1.07388,1.07352,1.07377,2474,49317
2024.06.19,06:00,1.07378,1.07414,1.07276,1.07311,5164,44149
2024.06.19,07:00,1.0731,1.07409,1.07247,1.07367,7779,51932
2024.06.19,08:00,1.07368,1.07417,1.07341,1.07403,5612,57544
2024.06.19,09:00,1.07402,1.07441,1.07324,1.07371,5581,51959
2024.06.19,10:00,1.07372,1.07521,1.07353,1.07501,5329,57292
2024.06.19,11:00,1.07503,1.07533,1.07466,1.07509,4776,62068
2024.06.19,12:00,1.07508,1.0753,1.07424,1.07458,4728,57336
2024.06.19,13:00,1.0746,1.07482,1.07408,1.07437,4057,53279
2024.06.19,14:00,1.07436,1.07508,1.07429,1.0748,3663,56946
2024.06.19,15:00,1.0748,1.07495,1.07412,1.07492,2474,59420
2024.06.19,16:00,1.07491,1.07491,1.07464,1.07472,1078,58338
2024.06.19,17:00,1.07471,1.07472,1.07439,1.07445,504,57834
2024.06.19,18:00,1.07444,1.07445,1.07425,1.07432,437,57397
2024.06.19,19:00,1.07432,1.07456,1.07425,1.07448,524,57925
2024.06.19,20:00,1.07448,1.07452,1.07432,1.07435,560,57361
2024.06.19,21:00,1.07421,1.07456,1.07421,1.07442,681,56680
2024.06.19,22:00,1.07444,1.07474,1.07441,1.0746,1066,57750
2024.06.19,23:00,1.07457,1.07488,1.07454,1.07471,1019,58769
2024.06.20,00:00,1.0747,1.07482,1.07449,1.07461,2371,61140
2024.06.20,01:00,1.07461,1.0748,1.0742,1.07454,3193,64333
2024.06.20,02:00,1.07456,1.07456,1.07389,1.07394,2265,62064
2024.06.20,03:00,1.07394,1.0742,1.07389,1.07419,1753,63821
2024.06.20,04:00,1.0742,1.07449,1.07408,1.07427,1562,65383
2024.06.20,05:00,1.07426,1.07433,1.07372,1.07373,2082,63297
2024.06.20,06:00,1.07371,1.07384,1.07306,1.07327,4317,58980
2024.06.20,07:00,1.07327,1.07362,1.07243,1.07247,6051,52929
2024.06.20,08:00,1.07247,1.07247,1.07125,1.07169,6236,46693
2024.06.20,09:00,1.0717,1.07279,1.07142,1.07253,5059,51756
2024.06.20,10:00,1.07253,1.07317,1.07243,1.07285,4284,56040
2024.06.20,11:00,1.07285,1.07321,1.07128,1.07148,5760,50276
2024.06.20,12:00,1.07148,1.07307,1.07131,1.0719,9037,59317
2024.06.20,13:00,1.0719,1.07288,1.07165,1.07245,8058,67375
2024.06.20,14:00,1.07245,1.07307,1.07207,1.07218,7008,60363
2024.06.20,15:00,1.07218,1.07225,1.0707,1.07073,6346,54017
2024.06.20,16:00,1.07072,1.07105,1.07034,1.07071,4947,49070
2024.06.20,17:00,1.07071,1.07095,1.0704,1.0707,4947,44123
2024.06.20,18:00,1.0707,1.07178,1.0707,1.07102,4074,48201
2024.06.20,19:00,1.07103,1.0711,1.07036,1.0705,4029,44168
2024.06.20,20:00,1.07051,1.07061,1.07018,1.07027,1470,42698
2024.06.20,21:00,1.07017,1.07044,1.07017,1.07037,382,42316
2024.06.20,22:00,1.07043,1.07044,1.07011,1.07023,816,41500
2024.06.20,23:00,1.07021,1.07075,1.0702,1.0706,1476,42980
2024.06.21,00:00,1.0706,1.07076,1.07033,1.07066,3398,46378
2024.06.21,01:00,1.07066,1.07107,1.0705,1.07102,3522,49900
2024.06.21,02:00,1.07103,1.07176,1.07101,1.07169,2790,52690
2024.06.21,03:00,1.07168,1.07168,1.07135,1.07164,1855,54545
2024.06.21,04:00,1.07163,1.07186,1.07151,1.07184,1474,56019
2024.06.21,05:00,1.07184,1.07199,1.07148,1.07178,2436,58455
2024.06.21,06:00,1.07172,1.07206,1.07084,1.07098,5038,53413
2024.06.21,07:00,1.07098,1.07101,1.06709,1.0678,9085,44328
2024.06.21,08:00,1.06774,1.06956,1.06759,1.0691,7999,52331
2024.06.21,09:00,1.06909,1.06981,1.06834,1.06978,6290,58621
2024.06.21,10:00,1.06979,1.0698,1.06765,1.06809,4992,53625
2024.06.21,11:00,1.06814,1.069,1.06797,1.06889,5204,58833
2024.06.21,12:00,1.06889,1.06951,1.06848,1.06947,6005,64838
2024.06.21,13:00,1.06947,1.06977,1.06777,1.06826,8700,56134
2024.06.21,14:00,1.06823,1.06977,1.06795,1.06815,9487,46647
2024.06.21,15:00,1.06814,1.06945,1.06805,1.06936,6143,52794
2024.06.21,16:00,1.06937,1.0696,1.06895,1.06921,4078,48712
2024.06.21,17:00,1.06922,1.06942,1.06906,1.06931,3371,45341
2024.06.21,18:00,1.06932,1.06968,1.06917,1.06948,2824,48169
2024.06.21,19:00,1.06947,1.06968,1.06909,1.06917,2898,45267
2024.06.21,20:00,1.06917,1.06949,1.06911,1.0692,1717,43550
2024.06.23,21:00,1.06886,1.06906,1.06856,1.0689,1114,42436
2024.06.23,22:00,1.06893,1.06939,1.06893,1.06939,1224,43664
2024.06.23,23:00,1.06941,1.06956,1.06873,1.06877,1739,41921
2024.06.24,00:00,1.06878,1.06935,1.06849,1.06918,2449,44374
2024.06.24,01:00,1.06918,1.06927,1.06835,1.06907,3922,40448
2024.06.24,02:00,1.06907,1.06934,1.06879,1.06892,2628,37820
2024.06.24,03:00,1.06891,1.06935,1.06891,1.06917,2011,39835
2024.06.24,04:00,1.06917,1.06947,1.06912,1.06946,2342,42177
2024.06.24,05:00,1.06948,1.06994,1.06946,1.06987,2178,44355
2024.06.24,06:00,1.06985,1.07072,1.06973,1.07033,5170,49525
2024.06.24,07:00,1.07032,1.07148,1.07023,1.07126,5659,55184
2024.06.24,08:00,1.07127,1.07179,1.07088,1.07135,5731,60915
2024.06.24,09:00,1.07133,1.07289,1.07131,1.07226,5943,66858
2024.06.24,10:00,1.07226,1.07307,1.07195,1.073,6120,72978
2024.06.24,11:00,1.07301,1.07359,1.07265,1.07358,5185,78163
2024.06.24,12:00,1.07357,1.07357,1.07262,1.07346,6496,71663
2024.06.24,13:00,1.07348,1.07435,1.07348,1.07427,7044,78711
2024.06.24,14:00,1.07427,1.07464,1.07271,1.07299,8040,70667
2024.06.24,15:00,1.073,1.07333,1.07234,1.07271,5021,65646
2024.06.24,16:00,1.07271,1.07314,1.0726,1.07278,3583,62063
2024.06.24,17:00,1.07277,1.07277,1.07219,1.0725,4018,58045
2024.06.24,18:00,1.0725,1.07375,1.07242,1.07355,3797,61846
2024.06.24,19:00,1.07354,1.07383,1.07341,1.0736,3285,65131
2024.06.24,20:00,1.07356,1.07372,1.07338,1.07342,1500,63627
2024.06.24,21:00,1.07319,1.07338,1.07316,1.07329,696,62931
2024.06.24,22:00,1.07332,1.07346,1.07319,1.07328,868,62063
2024.06.24,23:00,1.07329,1.0733,1.07307,1.07322,1242,60821
2024.06.25,00:00,1.07321,1.07357,1.0732,1.07339,2587,63412
2024.06.25,01:00,1.0734,1.0736,1.07322,1.07347,3362,66774
2024.06.25,02:00,1.07346,1.0737,1.07338,1.07368,2313,69087
2024.06.25,03:00,1.07369,1.07395,1.07359,1.07385,2381,71468
2024.06.25,04:00,1.07386,1.074,1.07364,1.07394,2113,73581
2024.06.25,05:00,1.07395,1.07442,1.07395,1.07415,2664,76245
2024.06.25,06:00,1.07417,1.07417,1.07313,1.07319,4193,72048
2024.06.25,07:00,1.07318,1.07328,1.07209,1.07269,6510,65538
2024.06.25,08:00,1.07268,1.07358,1.07254,1.07342,5513,71055
2024.06.25,09:00,1.07341,1.07353,1.07231,1.07246,4562,66489
2024.06.25,10:00,1.07246,1.07302,1.0721,1.07233,4805,61684
2024.06.25,11:00,1.07231,1.07244,1.0709,1.07094,4979,56705
2024.06.25,12:00,1.07094,1.0715,1.07021,1.0705,6391,50314
2024.06.25,13:00,1.07051,1.07131,1.07002,1.07024,6675,43639
2024.06.25,14:00,1.07025,1.07032,1.06906,1.07007,7326,36313
2024.06.25,15:00,1.07006,1.07094,1.07006,1.07039,4812,41129
2024.06.25,16:00,1.07041,1.07087,1.0702,1.07047,3921,45050
2024.06.25,17:00,1.07046,1.07145,1.07044,1.07136,3659,48709
2024.06.25,18:00,1.07136,1.07174,1.07122,1.0716,2941,51650
2024.06.25,19:00,1.0716,1.07176,1.07138,1.07159,2759,54409
2024.06.25,20:00,1.07157,1.07157,1.07109,1.07141,1337,53068
2024.06.25,21:00,1.07074,1.07143,1.07074,1.07129,797,52271
2024.06.25,22:00,1.07128,1.07151,1.07123,1.07123,836,51435
2024.06.25,23:00,1.07123,1.07123,1.07089,1.0709,1668,49767
2024.06.26,00:00,1.07091,1.07125,1.07062,1.07114,2511,52282
2024.06.26,01:00,1.07114,1.07165,1.07108,1.07157,4410,56692
2024.06.26,02:00,1.07159,1.07179,1.07086,1.071,2800,53888
2024.06.26,03:00,1.07099,1.07126,1.07094,1.0711,1959,51929
2024.06.26,04:00,1.07109,1.07116,1.07074,1.07104,2138,49791
2024.06.26,05:00,1.07104,1.07113,1.07021,1.07038,2749,47042
2024.06.26,06:00,1.07037,1.07056,1.06937,1.06949,4658,42384
2024.06.26,07:00,1.06948,1.0696,1.06853,1.06939,5545,36839
2024.06.26,08:00,1.06939,1.06999,1.06901,1.06949,5539,31300
2024.06.26,09:00,1.06948,1.06995,1.06881,1.06888,5133,26167
2024.06.26,10:00,1.06889,1.06889,1.06821,1.06848,4567,21600
2024.06.26,11:00,1.06849,1.06947,1.06794,1.06941,5496,27100
2024.06.26,12:00,1.06941,1.06944,1.0677,1.0677,7263,19833
2024.06.26,13:00,1.06769,1.06823,1.06659,1.06749,8984,10849
2024.06.26,14:00,1.0675,1.06958,1.06746,1.06802,9488,20341
2024.06.26,15:00,1.06804,1.06874,1.06745,1.06818,7147,27488
2024.06.26,16:00,1.06818,1.06877,1.06792,1.06821,4660,32148
2024.06.26,17:00,1.06821,1.06908,1.06815,1.06856,4583,36731
2024.06.26,18:00,1.06856,1.06856,1.06782,1.068,3288,33439
2024.06.26,19:00,1.06799,1.06816,1.06751,1.06809,2884,30555
2024.06.26,20:00,1.0681,1.06815,1.06776,1.06803,1529,29026
2024.06.26,21:00,1.06797,1.06808,1.06781,1.06797,647,28379
2024.06.26,22:00,1.06798,1.06821,1.06795,1.06804,1206,27173
2024.06.26,23:00,1.06806,1.06815,1.06777,1.06798,1490,25683
2024.06.27,00:00,1.06798,1.06818,1.0677,1.06783,3521,22162
2024.06.27,01:00,1.06782,1.06895,1.06777,1.06887,3419,25585
2024.06.27,02:00,1.06887,1.06916,1.0688,1.06893,2704,28289
2024.06.27,03:00,1.06893,1.06923,1.0688,1.06906,1948,30237
2024.06.27,04:00,1.06906,1.06948,1.06906,1.06942,1799,32036
2024.06.27,05:00,1.06943,1.06972,1.06921,1.06956,2394,34430
2024.06.27,06:00,1.06952,1.06991,1.0691,1.0693,4919,29507
2024.06.27,07:00,1.06928,1.0698,1.06882,1.069,6353,23154
2024.06.27,08:00,1.069,1.06914,1.06805,1.0688,5666,17488
2024.06.27,09:00,1.06879,1.0701,1.06874,1.06971,5318,22810
2024.06.27,10:00,1.06971,1.07043,1.06904,1.07036,5453,28263
2024.06.27,11:00,1.07037,1.07042,1.06926,1.06926,4558,23701
2024.06.27,12:00,1.06927,1.0722,1.06926,1.07194,9617,33322
2024.06.27,13:00,1.07195,1.07264,1.07169,1.07204,8585,41907
2024.06.27,14:00,1.07204,1.07253,1.07077,1.07124,8131,33772
2024.06.27,15:00,1.07125,1.0713,1.07002,1.0707,6190,27582
2024.06.27,16:00,1.07067,1.07103,1.07032,1.07067,4141,23441
2024.06.27,17:00,1.07066,1.07084,1.07043,1.07052,3700,19741
2024.06.27,18:00,1.07054,1.07077,1.07019,1.07055,3401,16340
2024.06.27,19:00,1.07059,1.07072,1.07013,1.07029,3322,13018
2024.06.27,20:00,1.07028,1.07052,1.07027,1.07038,1638,11380
2024.06.27,21:00,1.07038,1.07055,1.07029,1.07049,665,12049
2024.06.27,22:00,1.07052,1.07055,1.07032,1.07039,991,13040
2024.06.27,23:00,1.07041,1.07094,1.07035,1.07076,1615,14655
2024.06.28,00:00,1.07076,1.07109,1.06974,1.06976,2971,11680
2024.06.28,01:00,1.06976,1.0699,1.06853,1.06912,5447,6233
2024.06.28,02:00,1.06911,1.06972,1.06878,1.06939,3740,9977
2024.06.28,03:00,1.06939,1.06949,1.06899,1.06923,2098,7875
2024.06.28,04:00,1.06923,1.06924,1.06856,1.06866,2255,5620
2024.06.28,05:00,1.06867,1.06924,1.06861,1.06902,2357,7981
2024.06.28,06:00,1.06904,1.06983,1.06899,1.06969,4625,12606
2024.06.28,07:00,1.06969,1.07039,1.06917,1.06971,6054,18660
2024.06.28,08:00,1.0697,1.07001,1.06922,1.06979,5471,24131
2024.06.28,09:00,1.06978,1.07094,1.06934,1.07093,5051,29182
2024.06.28,10:00,1.07091,1.07103,1.07044,1.07094,4638,33820
2024.06.28,11:00,1.07093,1.07117,1.0692,1.06972,4322,29494
2024.06.28,12:00,1.06972,1.07194,1.0697,1.07047,10200,39698
2024.06.28,13:00,1.07046,1.07078,1.06927,1.06982,9900,29794
2024.06.28,14:00,1.06984,1.07221,1.06925,1.07183,12991,42789
2024.06.28,15:00,1.07183,1.07183,1.07096,1.07112,9228,33557
2024.06.28,16:00,1.07113,1.07217,1.07097,1.0716,5991,39552
2024.06.28,17:00,1.07158,1.07247,1.07137,1.07144,4165,35383
2024.06.28,18:00,1.07144,1.07185,1.07111,1.07117,4100,31283
2024.06.28,19:00,1.07117,1.07126,1.0706,1.07111,4326,26957
2024.06.28,20:00,1.07109,1.07142,1.07078,1.0714,2411,29372
2024.06.30,21:00,1.07417,1.07448,1.07345,1.07381,1569,30937
2024.06.30,22:00,1.07326,1.07414,1.07325,1.07368,2937,28000
2024.06.30,23:00,1.07375,1.07396,1.0734,1.0735,1903,26097
2024.07.01,00:00,1.07351,1.07496,1.07349,1.07458,4661,30762
2024.07.01,01:00,1.07455,1.07614,1.07429,1.07483,6530,37292
2024.07.01,02:00,1.07483,1.07552,1.07469,1.07551,4007,41299
2024.07.01,03:00,1.0755,1.07566,1.07514,1.07527,2841,38454
2024.07.01,04:00,1.07526,1.07586,1.07522,1.07549,2470,40928
2024.07.01,05:00,1.07549,1.07622,1.0754,1.07556,3304,44232
2024.07.01,06:00,1.07553,1.07763,1.07553,1.07698,7448,51680
2024.07.01,07:00,1.07699,1.07725,1.07512,1.07546,7540,44136
2024.07.01,08:00,1.07544,1.0772,1.07495,1.07684,5993,50133
2024.07.01,09:00,1.07683,1.07687,1.0756,1.07571,4537,45592
2024.07.01,10:00,1.0757,1.0757,1.07473,1.07488,4185,41407
2024.07.01,11:00,1.07487,1.07523,1.07425,1.0749,4611,36796
2024.07.01,12:00,1.07489,1.075,1.074,1.07482,7110,29686
2024.07.01,13:00,1.07486,1.07592,1.07482,1.07545,7362,37052
2024.07.01,14:00,1.07547,1.07698,1.07285,1.073,11783,25265
2024.07.01,15:00,1.07301,1.07304,1.07195,1.07269,7435,17830
2024.07.01,16:00,1.07269,1.07331,1.07242,1.07315,4345,22179
2024.07.01,17:00,1.07314,1.07335,1.0728,1.07293,3066,19109
2024.07.01,18:00,1.07293,1.07301,1.07241,1.07295,3054,16055
2024.07.01,19:00,1.07294,1.07393,1.07293,1.07383,4085,20144
2024.07.01,20:00,1.07384,1.07426,1.07382,1.07399,1755,21895
2024.07.01,21:00,1.07357,1.07403,1.07353,1.07387,976,20923
2024.07.01,22:00,1.074,1.0741,1.0737,1.07373,1068,19851
2024.07.01,23:00,1.07373,1.07377,1.07356,1.07363,1553,18298
2024.07.02,00:00,1.07365,1.07385,1.07331,1.07347,3386,14912
2024.07.02,01:00,1.07348,1.07365,1.0732,1.07345,2913,11999
2024.07.02,02:00,1.07345,1.0736,1.0732,1.07351,2091,9908
2024.07.02,03:00,1.07351,1.07355,1.07308,1.07323,1981,7927
2024.07.02,04:00,1.07323,1.07333,1.07282,1.07295,2031,5896
2024.07.02,05:00,1.07295,1.07329,1.07269,1.07319,2557,8457
2024.07.02,06:00,1.0732,1.07358,1.07248,1.0725,4749,3704
2024.07.02,07:00,1.07248,1.07282,1.07119,1.07181,7374,-3670
2024.07.02,08:00,1.07183,1.0724,1.07143,1.07208,6010,2344
2024.07.02,09:00,1.07208,1.07226,1.07105,1.07109,5325,-2985
2024.07.02,10:00,1.07108,1.07188,1.07099,1.07172,4258,1277
2024.07.02,11:00,1.07174,1.07246,1.07149,1.07239,3993,5270
2024.07.02,12:00,1.0724,1.07336,1.0724,1.07317,6015,11285
2024.07.02,13:00,1.07316,1.07467,1.07299,1.07421,9239,20524
2024.07.02,14:00,1.0742,1.07449,1.07241,1.07431,12242,32766
2024.07.02,15:00,1.07431,1.07445,1.07332,1.07363,6172,26590
2024.07.02,16:00,1.07362,1.07366,1.07307,1.0732,3706,22884
2024.07.02,17:00,1.07321,1.07406,1.07316,1.07383,2824,25712
2024.07.02,18:00,1.07383,1.07429,1.07381,1.07421,2444,28156
2024.07.02,19:00,1.07421,1.07465,1.07416,1.07461,3172,31328
2024.07.02,20:00,1.07462,1.07473,1.07449,1.07453,1578,32902
2024.07.02,21:00,1.07441,1.07454,1.07431,1.07447,1030,33936
2024.07.02,22:00,1.07453,1.07491,1.07447,1.07489,1316,35252
2024.07.02,23:00,1.07488,1.07492,1.07468,1.07481,1554,36806
2024.07.03,00:00,1.07481,1.07545,1.07473,1.0748,2880,39686
2024.07.03,01:00,1.0748,1.0748,1.07403,1.07418,2453,37229
2024.07.03,02:00,1.07419,1.07469,1.07418,1.07439,2009,39242
2024.07.03,03:00,1.07439,1.07451,1.07429,1.07436,2000,41242
2024.07.03,04:00,1.07435,1.07446,1.07419,1.07424,1679,39559
2024.07.03,05:00,1.07424,1.07424,1.07361,1.07385,2468,37091
2024.07.03,06:00,1.07387,1.07482,1.07368,1.07468,4636,41731
2024.07.03,07:00,1.07469,1.07618,1.07469,1.07596,6245,47976
2024.07.03,08:00,1.07595,1.07636,1.07554,1.07581,5013,42959
2024.07.03,09:00,1.07581,1.07624,1.07543,1.07551,4625,38334
2024.07.03,10:00,1.07552,1.07627,1.07525,1.07583,4064,42402
2024.07.03,11:00,1.07584,1.07622,1.07563,1.07576,4063,46465
2024.07.03,12:00,1.07576,1.07783,1.07548,1.07745,7555,54020
2024.07.03,13:00,1.07745,1.07924,1.07719,1.07892,6436,60456
2024.07.03,14:00,1.07893,1.08168,1.07893,1.08061,13940,74396
2024.07.03,15:00,1.08059,1.08091,1.0797,1.07987,7769,66623
2024.07.03,16:00,1.07988,1.08004,1.07918,1.07959,4354,62269
2024.07.03,17:00,1.07958,1.07959,1.0782,1.07833,2709,59560
2024.07.03,18:00,1.07835,1.07846,1.07781,1.07801,2486,57074
2024.07.03,19:00,1.07803,1.07877,1.07797,1.07848,2141,59219
2024.07.03,20:00,1.07848,1.07886,1.0784,1.07873,1531,60746
2024.07.03,21:00,1.07828,1.07875,1.07826,1.07853,870,59876
2024.07.03,22:00,1.07853,1.07902,1.07853,1.07896,661,60541
2024.07.03,23:00,1.07896,1.07917,1.07883,1.07911,1475,62016
2024.07.04,00:00,1.07911,1.07938,1.07887,1.07925,2750,64766
2024.07.04,01:00,1.07927,1.0795,1.07885,1.07908,3211,61551
2024.07.04,02:00,1.07907,1.07916,1.07862,1.07864,1744,59807
2024.07.04,03:00,1.07863,1.07875,1.07836,1.07852,1596,58211
2024.07.04,04:00,1.07853,1.07873,1.07848,1.07865,1377,59592
2024.07.04,05:00,1.07864,1.07908,1.07848,1.07901,2026,61618
2024.07.04,06:00,1.07902,1.07935,1.07849,1.07925,4709,66327
2024.07.04,07:00,1.07924,1.07965,1.0789,1.07943,5445,71772
2024.07.04,08:00,1.07944,1.08031,1.07939,1.08018,5243,77015
2024.07.04,09:00,1.08017,1.0803,1.07952,1.07977,4182,72829
2024.07.04,10:00,1.07979,1.08015,1.07939,1.0801,3395,76228
2024.07.04,11:00,1.0801,1.0802,1.07961,1.0797,3491,72733
2024.07.04,12:00,1.07969,1.08022,1.0796,1.0797,4219,68514
2024.07.04,13:00,1.07971,1.08016,1.07947,1.08009,4006,72524
2024.07.04,14:00,1.08009,1.08091,1.07993,1.08081,4705,77229
2024.07.04,16:00,1.08106,1.08136,1.08095,1.08122,1255,81321
2024.07.04,17:00,1.0812,1.08128,1.08106,1.08115,474,81795
2024.07.04,18:00,1.08115,1.08125,1.08112,1.08119,510,82305
2024.07.04,19:00,1.08118,1.0813,1.08118,1.08129,996,83301
2024.07.04,20:00,1.08128,1.08136,1.08104,1.08104,666,82635
2024.07.04,21:00,1.08116,1.08117,1.08103,1.08114,1006,81625
2024.07.04,22:00,1.0812,1.08138,1.08101,1.08116,764,80861
2024.07.04,23:00,1.08117,1.08118,1.08092,1.08104,1259,79602
2024.07.05,00:00,1.08104,1.0818,1.08101,1.08148,2975,82581
2024.07.05,01:00,1.08147,1.0818,1.08139,1.08158,2814,85395
2024.07.05,02:00,1.08159,1.08181,1.08142,1.0818,1794,87189
2024.07.05,03:00,1.0818,1.08244,1.08178,1.08218,2836,90025
2024.07.05,04:00,1.08219,1.08228,1.08197,1.0822,1954,91979
2024.07.05,05:00,1.0822,1.08225,1.08191,1.08214,2107,94086
2024.07.05,06:00,1.08214,1.08258,1.08188,1.08192,3651,90431
2024.07.05,07:00,1.08192,1.08303,1.08164,1.0829,5767,96202
2024.07.05,08:00,1.0829,1.08305,1.08227,1.08281,4228,100430
2024.07.05,09:00,1.08279,1.08307,1.08256,1.08264,3545,96881
2024.07.05,10:00,1.08264,1.08319,1.0822,1.08247,3874,93007
2024.07.05,11:00,1.08248,1.08252,1.08184,1.08189,3574,89433
2024.07.05,12:00,1.0819,1.08421,1.07978,1.08296,12319,101756
2024.07.05,13:00,1.08295,1.08342,1.08143,1.08192,12380,89372
2024.07.05,14:00,1.08191,1.08262,1.08107,1.08241,10077,99453
2024.07.05,15:00,1.08241,1.08306,1.08191,1.08277,6565,106018
2024.07.05,16:00,1.08279,1.08304,1.08233,1.08256,3905,102109
2024.07.05,17:00,1.08255,1.08304,1.08248,1.08278,3058,105171
2024.07.05,18:00,1.08279,1.08374,1.08276,1.08369,2560,107731
2024.07.05,19:00,1.08369,1.08427,1.08365,1.08413,3002,110733
2024.07.05,20:00,1.08412,1.08413,1.08375,1.0839,1922,108807
2024.07.07,21:00,1.0804,1.082,1.0804,1.08161,1448,107359
2024.07.07,22:00,1.08165,1.0833,1.08165,1.08245,2622,109985
2024.07.07,23:00,1.08249,1.0828,1.08218,1.08257,2379,112364
2024.07.08,00:00,1.08255,1.08294,1.0819,1.08215,3784,108576
2024.07.08,01:00,1.08216,1.08296,1.08201,1.08292,3376,111956
2024.07.08,02:00,1.08291,1.08301,1.08251,1.0826,2891,109061
2024.07.08,03:00,1.08261,1.08364,1.08259,1.08314,2577,111642
2024.07.08,04:00,1.08315,1.08317,1.08272,1.08287,1882,109756
2024.07.08,05:00,1.08287,1.083,1.08209,1.08224,2776,106980
2024.07.08,06:00,1.08224,1.08293,1.08146,1.08216,6002,100978
2024.07.08,07:00,1.08216,1.08381,1.08208,1.08369,8026,109008
2024.07.08,08:00,1.08369,1.0843,1.08346,1.08384,6320,115328
2024.07.08,09:00,1.08383,1.08418,1.08353,1.0838,5221,120549
2024.07.08,10:00,1.08381,1.08395,1.08235,1.08298,4541,116004
2024.07.08,11:00,1.08297,1.08334,1.08268,1.08332,4819,120827
2024.07.08,12:00,1.08334,1.08445,1.08322,1.08436,6326,127153
2024.07.08,13:00,1.08437,1.0845,1.08383,1.08411,6508,120641
2024.07.08,14:00,1.08411,1.08448,1.08321,1.08347,6528,114113
2024.07.08,15:00,1.08347,1.08362,1.08311,1.08346,4952,109161
2024.07.08,16:00,1.08345,1.08362,1.08285,1.08324,3331,105830
2024.07.08,17:00,1.08323,1.08336,1.08295,1.0832,2439,103391
2024.07.08,18:00,1.08319,1.08319,1.08234,1.0826,2400,100991
2024.07.08,19:00,1.0826,1.08265,1.08223,1.0825,2612,98379
2024.07.08,20:00,1.08251,1.08251,1.08229,1.08247,1315,97064
2024.07.08,21:00,1.08245,1.08252,1.08239,1.08244,159,96905
2024.07.08,22:00,1.08246,1.08259,1.08242,1.08257,796,97705
2024.07.08,23:00,1.08258,1.08314,1.08257,1.08305,1611,99316
2024.07.09,00:00,1.08305,1.08333,1.08262,1.0827,2596,96716
2024.07.09,01:00,1.0827,1.08298,1.08226,1.08235,2714,94002
2024.07.09,02:00,1.08235,1.08275,1.08191,1.08263,2932,96938
2024.07.09,03:00,1.08263,1.08298,1.08257,1.08281,1829,98767
2024.07.09,04:00,1.08282,1.08313,1.08277,1.08294,1701,100468
2024.07.09,05:00,1.08295,1.08307,1.08263,1.08286,2348,102816
2024.07.09,06:00,1.08286,1.08301,1.08239,1.08247,3790,99022
2024.07.09,07:00,1.08246,1.08298,1.0817,1.08175,5734,93288
2024.07.09,08:00,1.08174,1.08242,1.08151,1.08224,4849,98141
2024.07.09,09:00,1.08224,1.0826,1.08187,1.08227,3649,101790
2024.07.09,10:00,1.08227,1.08285,1.08201,1.08222,3907,105697
2024.07.09,11:00,1.08221,1.08241,1.0812,1.08137,5070,100623
2024.07.09,12:00,1.08138,1.08177,1.08126,1.08156,5625,106252
2024.07.09,13:00,1.0816,1.08261,1.08158,1.08218,6387,112639
2024.07.09,14:00,1.08219,1.08281,1.08094,1.08155,11648,100987
2024.07.09,15:00,1.08156,1.08193,1.08053,1.08126,7699,93288
2024.07.09,16:00,1.08126,1.08162,1.08058,1.081,4769,88519
2024.07.09,17:00,1.081,1.08139,1.08064,1.08091,4196,84323
2024.07.09,18:00,1.08091,1.08141,1.08082,1.08134,3345,87672
2024.07.09,19:00,1.08133,1.08159,1.08108,1.08143,2853,90525
2024.07.09,20:00,1.08143,1.08165,1.08137,1.08137,1168,91693
2024.07.09,21:00,1.08135,1.08152,1.08134,1.08144,942,92635
2024.07.09,22:00,1.08142,1.08152,1.08137,1.08144,569,93204
2024.07.09,23:00,1.08146,1.08159,1.08139,1.08142,995,94199
2024.07.10,00:00,1.08143,1.08167,1.08112,1.08121,2380,91815
2024.07.10,01:00,1.08122,1.08152,1.08108,1.08145,2422,94241
2024.07.10,02:00,1.08146,1.08169,1.08118,1.08168,2895,97136
2024.07.10,03:00,1.08168,1.08211,1.08164,1.082,1609,98745
2024.07.10,04:00,1.08201,1.08206,1.08176,1.08184,1843,96898
2024.07.10,05:00,1.08185,1.08212,1.08159,1.08176,1903,94995
2024.07.10,06:00,1.08175,1.08233,1.08147,1.08221,3885,98884
2024.07.10,07:00,1.0822,1.08249,1.08151,1.08162,5656,93224
2024.07.10,08:00,1.08162,1.08199,1.08118,1.08154,4698,88526
2024.07.10,09:00,1.08152,1.0825,1.08145,1.08187,4535,93065
2024.07.10,10:00,1.08189,1.08241,1.08134,1.08218,3879,96944
2024.07.10,11:00,1.08216,1.0827,1.08198,1.08256,3957,100901
2024.07.10,12:00,1.08254,1.08282,1.08233,1.0827,5186,106087
2024.07.10,13:00,1.08269,1.08289,1.08201,1.08226,7022,99061
2024.07.10,14:00,1.08227,1.08286,1.08198,1.08231,7489,91572
2024.07.10,15:00,1.08232,1.08276,1.08208,1.08223,4943,86629
2024.07.10,16:00,1.08224,1.08278,1.08217,1.08269,3599,90232
2024.07.10,17:00,1.0827,1.08287,1.08208,1.0822,3515,86713
2024.07.10,18:00,1.0822,1.08252,1.08173,1.0825,2940,89657
2024.07.10,19:00,1.08248,1.08296,1.08237,1.08287,2653,92310
2024.07.10,20:00,1.08287,1.08307,1.08273,1.08299,1347,93653
2024.07.10,21:00,1.08283,1.08292,1.08261,1.08291,237,93894
2024.07.10,22:00,1.08291,1.08332,1.08291,1.08328,991,94885
2024.07.10,23:00,1.08329,1.08367,1.0831,1.08332,1533,96418
2024.07.11,00:00,1.08333,1.08368,1.08324,1.08351,2511,98929
2024.07.11,01:00,1.0835,1.084,1.08324,1.08394,2187,101116
2024.07.11,02:00,1.08394,1.08401,1.08368,1.08371,1805,99307
2024.07.11,03:00,1.08371,1.08389,1.08355,1.0838,1887,97420
2024.07.11,04:00,1.08379,1.08389,1.08355,1.08364,1471,95949
2024.07.11,05:00,1.08364,1.08377,1.08343,1.08344,1730,94219
2024.07.11,06:00,1.08343,1.08397,1.08321,1.08341,4590,89629
2024.07.11,07:00,1.0834,1.08402,1.08325,1.08394,4593,94226
2024.07.11,08:00,1.08394,1.08479,1.08382,1.08473,4291,98517
2024.07.11,09:00,1.08473,1.08526,1.08431,1.08467,4467,102984
2024.07.11,10:00,1.08467,1.08524,1.08455,1.08487,3687,106671
2024.07.11,11:00,1.08488,1.08577,1.08487,1.08547,3879,110550
2024.07.11,12:00,1.08547,1.08999,1.08445,1.08868,14050,124600
2024.07.11,13:00,1.08869,1.08989,1.08686,1.08866,17750,142350
2024.07.11,14:00,1.08865,1.08898,1.08705,1.08784,12300,130046
2024.07.11,15:00,1.08785,1.08807,1.08665,1.08698,8838,121208
2024.07.11,16:00,1.08697,1.08705,1.0864,1.08667,5526,115682
2024.07.11,17:00,1.08668,1.08674,1.08597,1.08608,6200,109482
2024.07.11,18:00,1.08608,1.08691,1.08602,1.08678,4373,113859
2024.07.11,19:00,1.0868,1.087,1.08641,1.08647,3838,110017
2024.07.11,20:00,1.08646,1.0868,1.08642,1.08678,1420,111437
2024.07.11,21:00,1.08656,1.08676,1.08656,1.0866,1005,110432
2024.07.11,22:00,1.08664,1.08683,1.08641,1.08662,1582,108850
2024.07.11,23:00,1.08664,1.08744,1.08649,1.08742,4841,113695
2024.07.12,00:00,1.08741,1.08745,1.08678,1.08698,4949,108742
2024.07.12,01:00,1.08698,1.08722,1.08637,1.08646,3707,105035
2024.07.12,02:00,1.08647,1.08674,1.08634,1.08658,2939,107978
2024.07.12,03:00,1.08658,1.08709,1.08646,1.08688,2112,110090
2024.07.12,04:00,1.08687,1.08709,1.08682,1.08698,1563,111653
2024.07.12,05:00,1.08699,1.08725,1.08677,1.08694,2425,114078
2024.07.12,06:00,1.08695,1.08723,1.08632,1.08649,4704,109370
2024.07.12,07:00,1.08649,1.08763,1.08617,1.08756,5393,114767
2024.07.12,08:00,1.08754,1.08872,1.08754,1.08867,5799,120566
2024.07.12,09:00,1.08868,1.08892,1.08814,1.08851,4831,115731
2024.07.12,10:00,1.08851,1.0892,1.08846,1.089,4156,119891
2024.07.12,11:00,1.08899,1.08921,1.08865,1.08876,4138,115749
2024.07.12,12:00,1.08876,1.0893,1.08734,1.08905,12047,127800
2024.07.12,13:00,1.08905,1.0898,1.08868,1.08968,11510,139310
2024.07.12,14:00,1.08965,1.09094,1.08933,1.09091,10802,150112
2024.07.12,15:00,1.09091,1.09108,1.09011,1.09012,6153,143955
2024.07.12,16:00,1.09012,1.09054,1.09005,1.09046,4624,148583
2024.07.12,17:00,1.09045,1.09074,1.0901,1.09065,3279,151862
2024.07.12,18:00,1.09063,1.09065,1.09009,1.09062,2977,154839
2024.07.12,19:00,1.09061,1.09114,1.09047,1.09064,3577,158416
2024.07.12,20:00,1.09064,1.09079,1.09041,1.09059,1553,159965
2024.07.14,21:00,1.08848,1.08935,1.08844,1.08879,2115,157854
2024.07.14,22:00,1.08898,1.08924,1.08847,1.0887,3269,154581
2024.07.14,23:00,1.08871,1.08883,1.08832,1.08856,2585,151996
2024.07.15,00:00,1.08857,1.08889,1.08833,1.08883,3088,155088
2024.07.15,01:00,1.08884,1.089,1.08859,1.08897,3352,158440
2024.07.15,02:00,1.08898,1.08918,1.08864,1.08918,2671,161111
2024.07.15,03:00,1.08918,1.08956,1.08905,1.0894,1600,162711
2024.07.15,04:00,1.0894,1.08947,1.08925,1.08936,1681,164392
2024.07.15,05:00,1.08935,1.08959,1.08925,1.08942,1969,166361
2024.07.15,06:00,1.08944,1.08961,1.08862,1.08895,5053,161304
2024.07.15,07:00,1.08895,1.08964,1.08838,1.08956,6012,167320
2024.07.15,08:00,1.08957,1.09093,1.08956,1.09083,5307,172627
2024.07.15,09:00,1.09083,1.0915,1.09068,1.09128,5105,177732
2024.07.15,10:00,1.09127,1.09203,1.09049,1.09098,5528,172200
2024.07.15,11:00,1.09097,1.09147,1.0905,1.09055,5753,166447
2024.07.15,12:00,1.09055,1.09088,1.09021,1.09073,6333,172784
2024.07.15,13:00,1.09073,1.09165,1.09067,1.09152,6648,179432
2024.07.15,14:00,1.09154,1.09177,1.09075,1.09169,7313,186745
2024.07.15,15:00,1.0917,1.09223,1.091,1.09119,6167,180574
2024.07.15,16:00,1.09119,1.09171,1.09,1.09062,7215,173359
2024.07.15,17:00,1.09063,1.09064,1.08931,1.08949,7732,165627
2024.07.15,18:00,1.08948,1.09019,1.08934,1.09016,4044,169675
2024.07.15,19:00,1.09014,1.09014,1.08963,1.08986,4218,165453
2024.07.15,20:00,1.08987,1.08992,1.08938,1.08941,1901,163552
2024.07.15,21:00,1.08923,1.08967,1.08913,1.08942,702,162850
2024.07.15,22:00,1.08951,1.08968,1.0894,1.08943,1331,161519
2024.07.15,23:00,1.08942,1.08986,1.08942,1.08982,1529,163052
2024.07.16,00:00,1.08981,1.08982,1.08908,1.08913,3403,159645
2024.07.16,01:00,1.08914,1.08935,1.08901,1.08928,3152,162801
2024.07.16,02:00,1.08928,1.08936,1.08887,1.08908,2341,160456
2024.07.16,03:00,1.08909,1.0894,1.08908,1.08931,1997,162457
2024.07.16,04:00,1.08931,1.08945,1.08918,1.08923,1711,164168
2024.07.16,05:00,1.08924,1.08925,1.0887,1.08884,2867,161297
2024.07.16,06:00,1.08886,1.08908,1.08836,1.08886,5055,156242
2024.07.16,07:00,1.08885,1.09003,1.08885,1.08992,5757,162003
2024.07.16,08:00,1.08993,1.09027,1.08938,1.09003,5765,167768
2024.07.16,09:00,1.09004,1.0904,1.08937,1.08979,6088,161676
2024.07.16,10:00,1.0898,1.09029,1.08959,1.0899,4723,166403
2024.07.16,11:00,1.08991,1.09038,1.08944,1.0902,4550,170953
2024.07.16,12:00,1.09019,1.09054,1.08757,1.08807,9772,161177
2024.07.16,13:00,1.08805,1.08831,1.08715,1.08831,8055,169236
2024.07.16,14:00,1.08832,1.08848,1.08731,1.08785,7545,161687
2024.07.16,15:00,1.08785,1.08862,1.08784,1.08845,6368,168059
2024.07.16,16:00,1.08846,1.08891,1.08812,1.08889,4772,172831
2024.07.16,17:00,1.08888,1.08924,1.08877,1.08919,3275,176106
2024.07.16,18:00,1.0892,1.08974,1.08904,1.08959,3201,179307
2024.07.16,19:00,1.08958,1.09029,1.08953,1.09018,3339,182646
2024.07.16,20:00,1.09018,1.09026,1.08978,1.08985,1919,180723
2024.07.16,21:00,1.08993,1.08995,1.08983,1.08993,549,180174
2024.07.16,22:00,1.08997,1.09021,1.08975,1.0902,1614,181792
2024.07.16,23:00,1.0902,1.09029,1.09002,1.09019,2053,183845
2024.07.17,00:00,1.0902,1.09028,1.08958,1.08975,3413,180428
2024.07.17,01:00,1.08976,1.09029,1.08956,1.09023,2887,183319
2024.07.17,02:00,1.09024,1.09069,1.09008,1.09043,2302,185621
2024.07.17,03:00,1.09043,1.09063,1.09003,1.09063,2211,187832
2024.07.17,04:00,1.09062,1.09067,1.09019,1.09029,2095,185733
2024.07.17,05:00,1.09029,1.09069,1.09009,1.09044,2564,188301
2024.07.17,06:00,1.09044,1.09054,1.08975,1.08975,6297,182000
2024.07.17,07:00,1.08976,1.09135,1.08951,1.09084,8624,190628
2024.07.17,08:00,1.09085,1.09439,1.09075,1.09418,8854,199482
2024.07.17,09:00,1.09419,1.0945,1.09359,1.09439,7862,207344
2024.07.17,10:00,1.09439,1.09449,1.09302,1.09307,5244,202096
2024.07.17,11:00,1.09307,1.09421,1.09289,1.09347,5610,207710
2024.07.17,12:00,1.09347,1.09439,1.09321,1.09424,7385,215095
2024.07.17,13:00,1.09425,1.0948,1.09355,1.09387,9254,205837
2024.07.17,14:00,1.09386,1.09387,1.09315,1.09326,9098,196739
2024.07.17,15:00,1.09325,1.0936,1.09276,1.09326,6627,190112
2024.07.17,16:00,1.09325,1.09336,1.09236,1.09296,5673,184439
2024.07.17,17:00,1.09298,1.09366,1.09282,1.09313,4531,188974
2024.07.17,18:00,1.09314,1.09394,1.09303,1.09369,3594,192568
2024.07.17,19:00,1.09368,1.09397,1.09346,1.09362,3623,196191
2024.07.17,20:00,1.09358,1.094,1.09352,1.09395,1628,197819
2024.07.17,21:00,1.0939,1.09393,1.09378,1.09381,234,197581
2024.07.17,22:00,1.09382,1.09398,1.0938,1.09398,1141,198726
2024.07.17,23:00,1.09396,1.09411,1.09386,1.09402,2926,201652
2024.07.18,00:00,1.09403,1.09407,1.09366,1.0937,3455,198193
2024.07.18,01:00,1.0937,1.0939,1.09339,1.09342,4488,193705
2024.07.18,02:00,1.09342,1.09359,1.09322,1.09351,3485,190220
2024.07.18,03:00,1.09352,1.09366,1.09322,1.09329,2754,187466
2024.07.18,04:00,1.09328,1.09363,1.09316,1.09335,2241,185225
2024.07.18,05:00,1.09335,1.09381,1.09326,1.09369,3272,188501
2024.07.18,06:00,1.0937,1.0937,1.09275,1.09311,5511,182986
2024.07.18,07:00,1.09311,1.09351,1.0926,1.09315,7776,175210
2024.07.18,08:00,1.09314,1.09387,1.09289,1.09306,5795,169415
2024.07.18,09:00,1.09306,1.09317,1.0927,1.09308,4177,165238
2024.07.18,10:00,1.09309,1.09362,1.09286,1.0933,4087,169329
2024.07.18,11:00,1.09331,1.09331,1.09262,1.09275,3895,165430
2024.07.18,12:00,1.09276,1.09369,1.09238,1.09284,8581,156849
2024.07.18,13:00,1.09284,1.0929,1.09072,1.09113,9484,147365
2024.07.18,14:00,1.09113,1.09166,1.0905,1.09148,8937,156306
2024.07.18,15:00,1.09147,1.09183,1.0905,1.09122,7766,148536
2024.07.18,16:00,1.09121,1.09163,1.09109,1.09159,6157,154697
2024.07.18,17:00,1.09159,1.09165,1.09066,1.0907,4783,149910
2024.07.18,18:00,1.0907,1.09074,1.08955,1.08991,4827,145083
2024.07.18,19:00,1.0899,1.09,1.08936,1.0897,5999,139084
2024.07.18,20:00,1.0897,1.08988,1.08945,1.08959,1898,137190
2024.07.18,21:00,1.0897,1.08984,1.08951,1.08975,545,137735
2024.07.18,22:00,1.0898,1.09001,1.08961,1.08974,1419,139154
2024.07.18,23:00,1.08975,1.09018,1.08966,1.09002,1864,141018
2024.07.19,00:00,1.09002,1.09003,1.08908,1.0892,4364,136650
2024.07.19,01:00,1.08921,1.08947,1.08863,1.08874,4327,132323
2024.07.19,02:00,1.08875,1.08922,1.08872,1.0892,3336,135663
2024.07.19,03:00,1.0892,1.08922,1.08877,1.08884,2115,133544
2024.07.19,04:00,1.08884,1.08897,1.08861,1.0887,1841,131703
2024.07.19,05:00,1.08871,1.08904,1.08845,1.08886,3051,134758
2024.07.19,06:00,1.08886,1.08897,1.08833,1.08851,5518,129236
2024.07.19,07:00,1.08848,1.08906,1.08818,1.08878,8047,137287
2024.07.19,08:00,1.08878,1.08878,1.0876,1.08791,6977,130306
2024.07.19,09:00,1.0879,1.08847,1.08774,1.08804,5162,135472
2024.07.19,10:00,1.08802,1.08864,1.08775,1.08841,5953,141425
2024.07.19,11:00,1.0884,1.08932,1.0883,1.08932,4872,146297
2024.07.19,12:00,1.08932,1.0894,1.08843,1.08889,6106,140187
2024.07.19,13:00,1.08889,1.08897,1.08814,1.08815,8095,132092
2024.07.19,14:00,1.08814,1.089,1.08793,1.08896,7751,139847
2024.07.19,15:00,1.08897,1.08901,1.08834,1.08879,5106,134737
2024.07.19,16:00,1.08878,1.08911,1.08839,1.08849,4556,130181
2024.07.19,17:00,1.0885,1.08854,1.08808,1.08839,4441,125740
2024.07.19,18:00,1.08838,1.08845,1.08756,1.08788,3869,121871
2024.07.19,19:00,1.08788,1.08822,1.08768,1.08793,3818,118053
2024.07.19,20:00,1.08792,1.08831,1.0879,1.08824,1763,119820
2024.07.21,21:00,1.08833,1.08861,1.0882,1.08846,1281,121101
2024.07.21,22:00,1.08859,1.09001,1.08858,1.08998,1934,123035
2024.07.21,23:00,1.08998,1.09028,1.08983,1.08988,3447,126482
2024.07.22,00:00,1.08987,1.08997,1.08923,1.08939,3839,122639
2024.07.22,01:00,1.08939,1.08949,1.08847,1.08867,3390,119249
2024.07.22,02:00,1.08866,1.08953,1.08845,1.08926,3262,122515
2024.07.22,03:00,1.08927,1.08938,1.08907,1.08916,2325,124840
2024.07.22,04:00,1.08915,1.08926,1.0887,1.08875,2278,122558
2024.07.22,05:00,1.08875,1.08877,1.08825,1.08847,2835,119723
2024.07.22,06:00,1.08848,1.08902,1.08787,1.0881,6988,112735
2024.07.22,07:00,1.08811,1.08881,1.08804,1.08872,7209,119948
2024.07.22,08:00,1.08873,1.08926,1.08849,1.0888,5233,125181
2024.07.22,09:00,1.08881,1.08954,1.0887,1.08919,4189,129370
2024.07.22,10:00,1.08918,1.08929,1.08853,1.08894,4894,124472
2024.07.22,11:00,1.08895,1.08911,1.08839,1.08856,4824,119648
2024.07.22,12:00,1.08858,1.08884,1.08749,1.08782,6867,112781
2024.07.22,13:00,1.0878,1.08862,1.08753,1.08805,6685,119470
2024.07.22,14:00,1.08805,1.08856,1.08731,1.08845,6966,126436
2024.07.22,15:00,1.08846,1.08862,1.08765,1.08798,6294,120138
2024.07.22,16:00,1.08798,1.08869,1.08789,1.08863,4587,124729
2024.07.22,17:00,1.08863,1.08918,1.08863,1.08902,3773,128502
2024.07.22,18:00,1.08901,1.08905,1.08876,1.08895,3036,131538
2024.07.22,19:00,1.08895,1.08895,1.08858,1.08872,2797,128737
2024.07.22,20:00,1.08872,1.08914,1.08861,1.08904,1397,130134
2024.07.22,21:00,1.08872,1.08909,1.08869,1.089,1623,131761
2024.07.22,22:00,1.089,1.08924,1.089,1.08909,844,132605
2024.07.22,23:00,1.0891,1.08916,1.08889,1.08889,1283,131318
2024.07.23,00:00,1.08889,1.08925,1.0887,1.08898,3808,127510
2024.07.23,01:00,1.08897,1.08941,1.08875,1.08888,3285,124225
2024.07.23,02:00,1.08887,1.08936,1.08884,1.08919,2796,127025
2024.07.23,03:00,1.08918,1.08967,1.08918,1.08941,2678,129703
2024.07.23,04:00,1.08942,1.08949,1.08906,1.08907,2289,127410
2024.07.23,05:00,1.08908,1.08913,1.08881,1.08901,2187,125223
2024.07.23,06:00,1.089,1.08903,1.08793,1.08849,4539,120684
2024.07.23,07:00,1.08849,1.08887,1.08739,1.08761,6770,113914
2024.07.23,08:00,1.08761,1.08824,1.08679,1.08778,6421,120339
2024.07.23,09:00,1.08779,1.08783,1.0866,1.08672,4840,115495
2024.07.23,10:00,1.08673,1.0869,1.08563,1.08616,6303,109192
2024.07.23,11:00,1.08611,1.08684,1.0856,1.08571,4969,104223
2024.07.23,12:00,1.0857,1.08635,1.08548,1.08559,6111,98112
2024.07.23,13:00,1.08559,1.08561,1.08458,1.08491,6510,91602
2024.07.23,14:00,1.08493,1.08553,1.08438,1.08447,7024,84578
2024.07.23,15:00,1.08446,1.08576,1.08446,1.08542,5120,89702
2024.07.23,16:00,1.08542,1.08579,1.08518,1.08533,4219,93921
2024.07.23,17:00,1.08535,1.08566,1.08505,1.0853,4809,98730
2024.07.23,18:00,1.0853,1.08553,1.08512,1.08522,3273,102003
2024.07.23,19:00,1.08523,1.08525,1.08492,1.08508,2681,99318
2024.07.23,20:00,1.08507,1.08562,1.08494,1.0853,1725,101047
2024.07.23,21:00,1.08537,1.08543,1.08528,1.08538,401,101448
2024.07.23,22:00,1.08541,1.08544,1.08496,1.08509,1689,99755
2024.07.23,23:00,1.08509,1.08521,1.08485,1.08496,1514,98241
2024.07.24,00:00,1.08497,1.08503,1.08457,1.08468,3287,94954
2024.07.24,01:00,1.08467,1.08502,1.08458,1.08481,4069,99027
2024.07.24,02:00,1.08482,1.08483,1.08416,1.08429,2603,96420
2024.07.24,03:00,1.0843,1.08458,1.08427,1.08453,3426,99850
2024.07.24,04:00,1.08452,1.08477,1.08433,1.08469,3444,103294
2024.07.24,05:00,1.08469,1.08533,1.08465,1.08526,3452,106746
2024.07.24,06:00,1.08521,1.08522,1.08426,1.08432,5353,101389
2024.07.24,07:00,1.08432,1.08537,1.08256,1.08293,8151,93238
2024.07.24,08:00,1.08292,1.08374,1.08258,1.08349,6649,99891
2024.07.24,09:00,1.08349,1.08413,1.08323,1.08408,5204,105095
2024.07.24,10:00,1.08407,1.08463,1.08401,1.08426,4350,109445
2024.07.24,11:00,1.08425,1.08489,1.08385,1.08462,4698,114143
2024.07.24,12:00,1.08466,1.08593,1.08456,1.08581,6763,120906
2024.07.24,13:00,1.08582,1.08628,1.08515,1.08542,9772,111130
2024.07.24,14:00,1.08542,1.08665,1.08505,1.08536,10434,100696
2024.07.24,15:00,1.08537,1.08576,1.08515,1.08526,6333,94363
2024.07.24,16:00,1.08527,1.08528,1.08474,1.08511,4895,89468
2024.07.24,17:00,1.0851,1.08551,1.08458,1.08462,4636,84832
2024.07.24,18:00,1.08461,1.08462,1.08367,1.08375,4588,80244
2024.07.24,19:00,1.08374,1.08424,1.08358,1.08388,4427,84675
2024.07.24,20:00,1.08388,1.08402,1.08378,1.08392,1592,86267
2024.07.24,21:00,1.08396,1.08405,1.08393,1.08401,384,86651
2024.07.24,22:00,1.084,1.0842,1.08377,1.08393,1567,88218
2024.07.24,23:00,1.08394,1.084,1.08374,1.0838,2175,86039
2024.07.25,00:00,1.08379,1.08413,1.08349,1.08396,4786,90829
2024.07.25,01:00,1.08395,1.08429,1.08374,1.08379,5039,85786
2024.07.25,02:00,1.08379,1.08415,1.08362,1.08396,4101,89891
2024.07.25,03:00,1.08396,1.0844,1.08388,1.08428,3631,93522
2024.07.25,04:00,1.08428,1.08434,1.08376,1.084,2842,90676
2024.07.25,05:00,1.084,1.08456,1.08381,1.08452,4311,94991
2024.07.25,06:00,1.08451,1.08451,1.08335,1.08347,5690,89297
2024.07.25,07:00,1.08349,1.08531,1.08282,1.08489,9647,98948
2024.07.25,08:00,1.08488,1.08577,1.08432,1.0846,9616,89328
2024.07.25,09:00,1.08459,1.0856,1.08439,1.08515,7066,96398
2024.07.25,10:00,1.08515,1.08589,1.08479,1.08513,6253,102651
2024.07.25,11:00,1.08517,1.08537,1.08436,1.08458,5648,96999
2024.07.25,12:00,1.08455,1.08549,1.08362,1.08498,11680,108683
2024.07.25,13:00,1.08498,1.08507,1.08303,1.0839,12019,96660
2024.07.25,14:00,1.0839,1.08569,1.08361,1.08547,11559,108223
2024.07.25,15:00,1.08546,1.08647,1.08544,1.08597,7830,116053
2024.07.25,16:00,1.08598,1.08635,1.08565,1.0862,6558,122611
2024.07.25,17:00,1.08621,1.08699,1.08539,1.08544,6185,116422
2024.07.25,18:00,1.08544,1.08548,1.08477,1.08478,5516,110906
2024.07.25,19:00,1.08477,1.08537,1.08454,1.0846,5404,105502
2024.07.25,20:00,1.08461,1.08465,1.08434,1.08449,1977,103525
2024.07.25,21:00,1.08454,1.08468,1.08447,1.08452,435,103090
2024.07.25,22:00,1.08452,1.08485,1.08436,1.08471,1245,104339
2024.07.25,23:00,1.08472,1.08514,1.08469,1.08514,2435,106774
2024.07.26,00:00,1.08513,1.08555,1.08513,1.08539,3617,110391
2024.07.26,01:00,1.08538,1.08594,1.08519,1.0858,3980,114371
2024.07.26,02:00,1.0858,1.08606,1.08546,1.08553,2896,111471
2024.07.26,03:00,1.08554,1.08584,1.0854,1.08582,2081,113556
2024.07.26,04:00,1.08583,1.08598,1.08566,1.08584,2111,115667
2024.07.26,05:00,1.08583,1.08606,1.08565,1.08572,2628,113035
2024.07.26,06:00,1.0857,1.0857,1.08505,1.08524,4659,108376
2024.07.26,07:00,1.08523,1.08556,1.08447,1.08492,6021,102355
2024.07.26,08:00,1.08493,1.0853,1.08421,1.08514,5514,107873
2024.07.26,09:00,1.08514,1.08566,1.085,1.08539,4446,112319
2024.07.26,10:00,1.0854,1.08587,1.08509,1.08562,4183,116502
2024.07.26,11:00,1.08562,1.08613,1.08522,1.08611,4527,121029
2024.07.26,12:00,1.08612,1.08655,1.08491,1.08607,8029,129058
2024.07.26,13:00,1.08606,1.08671,1.0859,1.08651,7770,136828
2024.07.26,14:00,1.08653,1.08682,1.08514,1.08558,9891,126933
2024.07.26,15:00,1.08559,1.08601,1.08525,1.08577,5868,132805
2024.07.26,16:00,1.08579,1.08669,1.08564,1.08652,4031,136836
2024.07.26,17:00,1.08651,1.08653,1.08578,1.08606,4082,132750
2024.07.26,18:00,1.08606,1.08634,1.08561,1.08567,3710,129040
2024.07.26,19:00,1.08567,1.08591,1.08554,1.08578,4400,133444
2024.07.26,20:00,1.08576,1.08579,1.08547,1.08551,1778,131666
2024.07.28,21:00,1.08564,1.08592,1.0855,1.08561,1435,130227
2024.07.28,22:00,1.08552,1.08601,1.0855,1.08561,2128,128099
2024.07.28,23:00,1.08561,1.08568,1.08528,1.08528,2361,125738
2024.07.29,00:00,1.08528,1.08666,1.08508,1.08635,3863,129605
2024.07.29,01:00,1.08634,1.08681,1.08606,1.08658,4594,134199
2024.07.29,02:00,1.08657,1.087,1.08643,1.08643,3173,131022
2024.07.29,03:00,1.08643,1.08659,1.08616,1.08624,1997,129025
2024.07.29,04:00,1.08623,1.08639,1.08582,1.0859,2498,126527
2024.07.29,05:00,1.08589,1.08631,1.08574,1.0859,2968,123559
2024.07.29,06:00,1.08589,1.08623,1.08549,1.08581,4933,118626
2024.07.29,07:00,1.0858,1.08597,1.08432,1.08446,7383,111243
2024.07.29,08:00,1.08443,1.08443,1.08317,1.08322,6960,104283
2024.07.29,09:00,1.08321,1.08413,1.08266,1.08371,5198,109485
2024.07.29,10:00,1.08371,1.0842,1.08328,1.08358,5284,104197
2024.07.29,11:00,1.08357,1.08358,1.08167,1.08178,4243,99954
2024.07.29,12:00,1.08178,1.08216,1.08149,1.0816,5664,94290
2024.07.29,13:00,1.08161,1.08174,1.08109,1.08117,5612,88678
2024.07.29,14:00,1.08118,1.08161,1.08027,1.08154,7291,95973
2024.07.29,15:00,1.08155,1.08238,1.08154,1.08189,6271,102244
2024.07.29,16:00,1.08192,1.08237,1.08149,1.08214,4047,106291
2024.07.29,17:00,1.08214,1.0826,1.08193,1.08251,4078,110369
2024.07.29,18:00,1.08251,1.08251,1.08193,1.08215,2541,107824
2024.07.29,19:00,1.08217,1.08256,1.08217,1.08237,3191,111019
2024.07.29,20:00,1.08236,1.08238,1.08196,1.08211,2121,108894
2024.07.29,21:00,1.08193,1.08232,1.08193,1.08227,576,109474
2024.07.29,22:00,1.08234,1.08238,1.08216,1.08223,938,110412
2024.07.29,23:00,1.08222,1.08222,1.08182,1.0819,1711,108697
2024.07.30,00:00,1.08189,1.08201,1.08155,1.0817,3284,105413
2024.07.30,01:00,1.08169,1.08199,1.08143,1.08175,3392,102021
2024.07.30,02:00,1.08176,1.08185,1.08146,1.0818,2380,99641
2024.07.30,03:00,1.08181,1.08225,1.08175,1.0822,1845,101490
2024.07.30,04:00,1.08221,1.08251,1.08219,1.0824,2119,103609
2024.07.30,05:00,1.0824,1.08249,1.08189,1.08205,2955,100650
2024.07.30,06:00,1.08199,1.08245,1.08176,1.08227,4651,105305
2024.07.30,07:00,1.08227,1.08267,1.08165,1.08184,6317,98984
2024.07.30,08:00,1.08187,1.08346,1.0816,1.08286,6570,105558
2024.07.30,09:00,1.08285,1.08351,1.08277,1.08317,4804,110362
2024.07.30,10:00,1.08318,1.08357,1.08317,1.08333,3969,114331
2024.07.30,11:00,1.08333,1.08334,1.08238,1.08244,3661,110666
2024.07.30,12:00,1.08243,1.0826,1.08015,1.08019,6859,103807
2024.07.30,13:00,1.08018,1.08153,1.08018,1.08104,7778,111589
2024.07.30,14:00,1.08105,1.08105,1.07982,1.0805,10316,101269
2024.07.30,15:00,1.08051,1.0811,1.07989,1.08087,7770,109043
2024.07.30,16:00,1.08087,1.08166,1.08067,1.08137,5615,114658
2024.07.30,17:00,1.08138,1.08175,1.08097,1.08142,6047,120705
2024.07.30,18:00,1.08141,1.08161,1.08101,1.08111,3735,116966
2024.07.30,19:00,1.08112,1.08134,1.08092,1.08107,3502,113464
2024.07.30,20:00,1.08106,1.08154,1.08084,1.08139,2407,115875
2024.07.30,21:00,1.08138,1.08149,1.08127,1.08131,592,116467
2024.07.30,22:00,1.08131,1.08168,1.08123,1.08146,2293,118760
